ds,trend,yhat_lower,yhat_upper,trend_lower,trend_upper,additive_terms,additive_terms_lower,additive_terms_upper,weekly,weekly_lower,weekly_upper,yearly,yearly_lower,yearly_upper,multiplicative_terms,multiplicative_terms_lower,multiplicative_terms_upper,yhat
2018-01-02,10747.892648979492,10346.09176378389,11843.061704145926,10747.892648979492,10747.892648979492,305.5024888101769,305.5024888101769,305.5024888101769,131.19089596951494,131.19089596951494,131.19089596951494,174.31159284066197,174.31159284066197,174.31159284066197,0.0,0.0,0.0,11053.395137789668
2018-01-03,10747.336484294616,10329.17753029909,11767.174500774281,10747.336484294616,10747.336484294616,304.828381713168,304.828381713168,304.828381713168,130.40851066566754,130.40851066566754,130.40851066566754,174.41987104750046,174.41987104750046,174.41987104750046,0.0,0.0,0.0,11052.164866007784
2018-01-04,10746.780319609737,10321.634041041068,11747.949338916986,10746.780319609737,10746.780319609737,306.2970485479136,306.2970485479136,306.2970485479136,132.16746761289696,132.16746761289696,132.16746761289696,174.12958093501666,174.12958093501666,174.12958093501666,0.0,0.0,0.0,11053.07736815765
2018-01-05,10746.22415492486,10288.46600946337,11755.536180309382,10746.22415492486,10746.22415492486,292.7758101151227,292.7758101151227,292.7758101151227,119.50192119413148,119.50192119413148,119.50192119413148,173.2738889209912,173.2738889209912,173.2738889209912,0.0,0.0,0.0,11038.999965039982
2018-01-08,10744.555660870225,10384.429954276196,11775.908153104416,10744.555660870225,10744.555660870225,294.07818910044125,294.07818910044125,294.07818910044125,128.1921199565518,128.1921199565518,128.1921199565518,165.88606914388942,165.88606914388942,165.88606914388942,0.0,0.0,0.0,11038.633849970665
2018-01-09,10743.999496185346,10341.978261342343,11814.699866142671,10743.999496185346,10743.999496185346,292.63928749198624,292.63928749198624,292.63928749198624,131.19089596925028,131.19089596925028,131.19089596925028,161.44839152273596,161.44839152273596,161.44839152273596,0.0,0.0,0.0,11036.638783677332
2018-01-10,10743.44333150047,10275.469581704745,11797.718611349092,10743.44333150047,10743.44333150047,286.3125538587924,286.3125538587924,286.3125538587924,130.4085106658483,130.4085106658483,130.4085106658483,155.90404319294407,155.90404319294407,155.90404319294407,0.0,0.0,0.0,11029.755885359262
2018-01-11,10742.887166815592,10303.874306938125,11705.287390795967,10742.887166815592,10742.887166815592,281.39244124600896,281.39244124600896,281.39244124600896,132.16746761287496,132.16746761287496,132.16746761287496,149.22497363313397,149.22497363313397,149.22497363313397,0.0,0.0,0.0,11024.2796080616
2018-01-12,10742.331002130713,10301.317526344837,11729.032111952722,10742.331002130713,10742.331002130713,260.9154323012985,260.9154323012985,260.9154323012985,119.50192119380208,119.50192119380208,119.50192119380208,141.41351110749642,141.41351110749642,141.41351110749642,0.0,0.0,0.0,11003.246434432012
2018-01-15,10740.662508076079,10241.9594729032,11672.227668884741,10740.662508076079,10740.662508076079,239.84682208431406,239.84682208431406,239.84682208431406,128.19211995622595,128.19211995622595,128.19211995622595,111.65470212808809,111.65470212808809,111.65470212808809,0.0,0.0,0.0,10980.509330160392
2018-01-16,10740.106343391202,10278.034710913267,11672.82585193418,10740.106343391202,10740.106343391202,231.1124495342391,231.1124495342391,231.1124495342391,131.19089596864745,131.19089596864745,131.19089596864745,99.92155356559164,99.92155356559164,99.92155356559164,0.0,0.0,0.0,10971.218792925441
2018-01-17,10739.550178706324,10282.318884700764,11649.860599212561,10739.550178706324,10739.550178706324,217.89727146034124,217.89727146034124,217.89727146034124,130.40851066602914,130.40851066602914,130.40851066602914,87.4887607943121,87.4887607943121,87.4887607943121,0.0,0.0,0.0,10957.447450166665
2018-01-18,10738.994014021446,10214.70893428106,11673.414950624314,10738.994014021446,10738.994014021446,206.6765452485069,206.6765452485069,206.6765452485069,132.16746761303023,132.16746761303023,132.16746761303023,74.50907763547669,74.50907763547669,74.50907763547669,0.0,0.0,0.0,10945.670559269953
2018-01-19,10738.437849336568,10133.36167536002,11615.810229260356,10738.437849336568,10738.437849336568,180.6501619650772,180.6501619650772,180.6501619650772,119.50192119437651,119.50192119437651,119.50192119437651,61.1482407707007,61.1482407707007,61.1482407707007,0.0,0.0,0.0,10919.088011301645
2018-01-22,10736.769355281933,10183.530401612223,11606.654595959746,10736.769355281933,10736.769355281933,148.71991780296673,148.71991780296673,148.71991780296673,128.1921199565446,128.1921199565446,128.1921199565446,20.52779784642214,20.52779784642214,20.52779784642214,0.0,0.0,0.0,10885.489273084899
2018-01-23,10736.213190597056,10150.530745628246,11615.134164188772,10736.213190597056,10736.213190597056,138.57690190074663,138.57690190074663,138.57690190074663,131.19089596935635,131.19089596935635,131.19089596935635,7.386005931390286,7.386005931390286,7.386005931390286,0.0,0.0,0.0,10874.790092497802
2018-01-24,10735.657025912178,10130.047422012816,11577.916743435422,10735.657025912178,10735.657025912178,125.1202423270161,125.1202423270161,125.1202423270161,130.4085106655115,130.4085106655115,130.4085106655115,-5.288268338495396,-5.288268338495396,-5.288268338495396,0.0,0.0,0.0,10860.777268239195
2018-01-25,10735.100861227302,10080.802631130844,11519.572003864101,10735.100861227302,10735.100861227302,114.81102588095894,114.81102588095894,114.81102588095894,132.1674676130082,132.1674676130082,132.1674676130082,-17.35644173204928,-17.35644173204928,-17.35644173204928,0.0,0.0,0.0,10849.911887108261
2018-01-29,10732.876202487789,10025.79705626474,11539.620158241987,10732.876202487789,10732.876202487789,70.58975575799538,70.58975575799538,70.58975575799538,128.19211995574537,128.19211995574537,128.19211995574537,-57.602364197750006,-57.602364197750006,-57.602364197750006,0.0,0.0,0.0,10803.465958245784
2018-01-30,10732.320037802912,10083.119097568899,11551.33779200597,10732.320037802912,10732.320037802912,65.78290514609746,65.78290514609746,65.78290514609746,131.1908959690917,131.1908959690917,131.1908959690917,-65.40799082299425,-65.40799082299425,-65.40799082299425,0.0,0.0,0.0,10798.10294294901
2018-01-31,10731.763873118034,10072.926613297923,11520.418940896907,10731.763873118034,10731.763873118034,58.0899916178446,58.0899916178446,58.0899916178446,130.40851066622977,130.40851066622977,130.40851066622977,-72.31851904838517,-72.31851904838517,-72.31851904838517,0.0,0.0,0.0,10789.853864735878
2018-02-01,10731.207708433156,10061.984546814152,11439.778442249124,10731.207708433156,10731.207708433156,53.774897428230524,53.774897428230524,53.774897428230524,132.1674676129862,132.1674676129862,132.1674676129862,-78.39257018475564,-78.39257018475564,-78.39257018475564,0.0,0.0,0.0,10784.982605861387
2018-02-02,10730.651543748278,10030.954200617442,11486.004292896192,10730.651543748278,10730.651543748278,35.782876083241995,35.782876083241995,35.782876083241995,119.50192119462152,119.50192119462152,119.50192119462152,-83.71904511137953,-83.71904511137953,-83.71904511137953,0.0,0.0,0.0,10766.43441983152
2018-02-05,10728.983049693643,10039.376903272045,11477.921694233326,10728.983049693643,10728.983049693643,31.682285112003488,31.682285112003488,31.682285112003488,128.19211995606398,128.19211995606398,128.19211995606398,-96.5098348440605,-96.5098348440605,-96.5098348440605,0.0,0.0,0.0,10760.665334805646
2018-02-06,10728.426885008766,10042.170812613615,11476.885388150678,10728.426885008766,10728.426885008766,30.934300628905497,30.934300628905497,30.934300628905497,131.19089596948285,131.19089596948285,131.19089596948285,-100.25659534057738,-100.25659534057738,-100.25659534057738,0.0,0.0,0.0,10759.361185637672
2018-02-07,10727.870720323888,10019.918021897796,11470.633935369438,10727.870720323888,10727.870720323888,26.347590461142673,26.347590461142673,26.347590461142673,130.40851066587308,130.40851066587308,130.40851066587308,-104.06092020473042,-104.06092020473042,-104.06092020473042,0.0,0.0,0.0,10754.21831078503
2018-02-08,10727.31455563901,10041.944016775744,11524.159285095375,10727.31455563901,10727.31455563901,24.038968651520612,24.038968651520612,24.038968651520612,132.16746761296417,132.16746761296417,132.16746761296417,-108.12849896144357,-108.12849896144357,-108.12849896144357,0.0,0.0,0.0,10751.353524290531
2018-02-09,10726.758390954132,9977.035113061102,11457.345877935555,10726.758390954132,10726.758390954132,6.8332111076108015,6.8332111076108015,6.8332111076108015,119.50192119514433,119.50192119514433,119.50192119514433,-112.66871008753353,-112.66871008753353,-112.66871008753353,0.0,0.0,0.0,10733.591602061742
2018-02-12,10725.089896899499,10023.166046047907,11467.694533814927,10725.089896899499,10725.089896899499,-2.972531441310843,-2.972531441310843,-2.972531441310843,128.1921199565536,128.1921199565536,128.1921199565536,-131.16465139786445,-131.16465139786445,-131.16465139786445,0.0,0.0,0.0,10722.117365458187
2018-02-14,10723.977567529742,10000.431457302415,11359.769177233933,10723.977567529742,10723.977567529742,-18.984415191054403,-18.984415191054403,-18.984415191054403,130.4085106653555,130.4085106653555,130.4085106653555,-149.3929258564099,-149.3929258564099,-149.3929258564099,0.0,0.0,0.0,10704.993152338688
2018-02-15,10723.421402844864,9956.000455052108,11447.78104579355,10723.421402844864,10723.421402844864,-28.559292793838686,-28.559292793838686,-28.559292793838686,132.16746761311944,132.16746761311944,132.16746761311944,-160.7267604069581,-160.7267604069581,-160.7267604069581,0.0,0.0,0.0,10694.862110051026
2018-02-16,10722.865238159986,9989.894698978123,11398.1707313114,10722.865238159986,10722.865238159986,-54.17954275163511,-54.17954275163511,-54.17954275163511,119.50192119484075,119.50192119484075,119.50192119484075,-173.68146394647584,-173.68146394647584,-173.68146394647584,0.0,0.0,0.0,10668.68569540835
2018-02-19,10721.196744105353,9909.734548582554,11348.285407045483,10721.196744105353,10721.196744105353,-94.59538342575718,-94.59538342575718,-94.59538342575718,128.19211995639884,128.19211995639884,128.19211995639884,-222.78750338215602,-222.78750338215602,-222.78750338215602,0.0,0.0,0.0,10626.601360679595
2018-02-20,10720.640579420475,9915.84187468436,11320.066148209437,10720.640579420475,10720.640579420475,-111.38497015504724,-111.38497015504724,-111.38497015504724,131.19089596927122,131.19089596927122,131.19089596927122,-242.57586612431848,-242.57586612431848,-242.57586612431848,0.0,0.0,0.0,10609.255609265427
2018-02-21,10720.084414735597,9889.267542046537,11348.773727221664,10720.084414735597,10720.084414735597,-133.58400168392114,-133.58400168392114,-133.58400168392114,130.4085106655363,130.4085106655363,130.4085106655363,-263.99251234945746,-263.99251234945746,-263.99251234945746,0.0,0.0,0.0,10586.500413051675
2018-02-22,10719.528250050718,9817.153584296793,11275.054794412888,10719.528250050718,10719.528250050718,-154.77185612816973,-154.77185612816973,-154.77185612816973,132.1674676127848,132.1674676127848,132.1674676127848,-286.93932374095453,-286.93932374095453,-286.93932374095453,0.0,0.0,0.0,10564.75639392255
2018-02-23,10718.97208536584,9832.843800571314,11240.655610582353,10718.97208536584,10718.97208536584,-191.78581066224334,-191.78581066224334,-191.78581066224334,119.50192119453709,119.50192119453709,119.50192119453709,-311.28773185678045,-311.28773185678045,-311.28773185678045,0.0,0.0,0.0,10527.186274703598
2018-02-26,10717.303591311207,9700.435009332139,11130.214785520346,10717.303591311207,10717.303591311207,-262.8655361392654,-262.8655361392654,-262.8655361392654,128.19211995607304,128.19211995607304,128.19211995607304,-391.05765609533836,-391.05765609533836,-391.05765609533836,0.0,0.0,0.0,10454.438055171942
2018-02-27,10716.747426626329,9739.69198317253,11180.13245971146,10716.747426626329,10716.747426626329,-288.0276297266479,-288.0276297266479,-288.0276297266479,131.19089596900656,131.19089596900656,131.19089596900656,-419.2185256956544,-419.2185256956544,-419.2185256956544,0.0,0.0,0.0,10428.71979689968
2018-02-28,10716.19126194145,9665.87493836177,11114.590467385297,10716.19126194145,10716.19126194145,-317.38032365223864,-317.38032365223864,-317.38032365223864,130.4085106651796,130.4085106651796,130.4085106651796,-447.78883431741826,-447.78883431741826,-447.78883431741826,0.0,0.0,0.0,10398.810938289213
2018-03-01,10715.635097256572,9691.939645465554,11118.154221879922,10715.635097256572,10715.635097256572,-344.3601394419479,-344.3601394419479,-344.3601394419479,132.16746761294004,132.16746761294004,132.16746761294004,-476.52760705488794,-476.52760705488794,-476.52760705488794,0.0,0.0,0.0,10371.274957814625
2018-03-05,10713.410438517061,9527.255152117299,11014.352211924317,10713.410438517061,10713.410438517061,-460.10720527727335,-460.10720527727335,-460.10720527727335,128.1921199563916,128.1921199563916,128.1921199563916,-588.299325233665,-588.299325233665,-588.299325233665,0.0,0.0,0.0,10253.303233239789
2018-03-06,10712.854273832183,9521.352125718815,10942.747948621745,10712.854273832183,10712.854273832183,-483.0855232437357,-483.0855232437357,-483.0855232437357,131.19089596874184,131.19089596874184,131.19089596874184,-614.2764192124775,-614.2764192124775,-614.2764192124775,0.0,0.0,0.0,10229.768750588448
2018-03-07,10712.298109147305,9467.883754855264,10899.794600805697,10712.298109147305,10712.298109147305,-508.6308108120127,-508.6308108120127,-508.6308108120127,130.40851066589786,130.40851066589786,130.40851066589786,-639.0393214779106,-639.0393214779106,-639.0393214779106,0.0,0.0,0.0,10203.667298335293
2018-03-08,10711.741944462427,9528.546897579892,10878.781313095225,10711.741944462427,10711.741944462427,-530.2357403342425,-530.2357403342425,-530.2357403342425,132.16746761247012,132.16746761247012,132.16746761247012,-662.4032079467127,-662.4032079467127,-662.4032079467127,0.0,0.0,0.0,10181.506204128184
2018-03-09,10711.185779777548,9421.575488759756,10865.926820450366,10711.185779777548,10711.185779777548,-564.7019881923943,-564.7019881923943,-564.7019881923943,119.50192119475629,119.50192119475629,119.50192119475629,-684.2039093871506,-684.2039093871506,-684.2039093871506,0.0,0.0,0.0,10146.483791585153
2018-03-12,10709.517285722917,9346.776788747678,10876.381204469733,10709.517285722917,10709.517285722917,-610.7351199857842,-610.7351199857842,-610.7351199857842,128.19211995606582,128.19211995606582,128.19211995606582,-738.9272399418501,-738.9272399418501,-738.9272399418501,0.0,0.0,0.0,10098.782165737133
2018-03-13,10708.961121038039,9425.27651408984,10811.749491087832,10708.961121038039,10708.961121038039,-622.1042436436218,-622.1042436436218,-622.1042436436218,131.19089596879488,131.19089596879488,131.19089596879488,-753.2951396124166,-753.2951396124166,-753.2951396124166,0.0,0.0,0.0,10086.856877394417
2018-03-14,10708.40495635316,9278.40859945543,10768.30296380625,10708.40495635316,10708.40495635316,-635.2212359691458,-635.2212359691458,-635.2212359691458,130.40851066538025,130.40851066538025,130.40851066538025,-765.629746634526,-765.629746634526,-765.629746634526,0.0,0.0,0.0,10073.183720384015
2018-03-15,10707.848791668283,9311.419019580972,10740.332832572441,10707.848791668283,10707.848791668283,-643.740483432785,-643.740483432785,-643.740483432785,132.1674676127607,132.1674676127607,132.1674676127607,-775.9079510455458,-775.9079510455458,-775.9079510455458,0.0,0.0,0.0,10064.108308235498
2018-03-16,10707.292626983404,9282.078273489695,10710.791927367032,10707.292626983404,10707.292626983404,-664.6264176393408,-664.6264176393408,-664.6264176393408,119.5019211944527,119.5019211944527,119.5019211944527,-784.1283388337936,-784.1283388337936,-784.1283388337936,0.0,0.0,0.0,10042.666209344063
2018-03-19,10705.624132928771,9286.915297115735,10758.11852129188,10705.624132928771,10705.624132928771,-668.5267975260464,-668.5267975260464,-668.5267975260464,128.19211995655544,128.19211995655544,128.19211995655544,-796.7189174826018,-796.7189174826018,-796.7189174826018,0.0,0.0,0.0,10037.097335402725
2018-03-20,10705.067968243893,9327.490886345093,10707.008399486742,10705.067968243893,10705.067968243893,-665.8766222455816,-665.8766222455816,-665.8766222455816,131.19089596918607,131.19089596918607,131.19089596918607,-797.0675182147678,-797.0675182147678,-797.0675182147678,0.0,0.0,0.0,10039.191345998312
2018-03-21,10704.511803559015,9372.57746956854,10745.799753969935,10704.511803559015,10704.511803559015,-665.2053204809448,-665.2053204809448,-665.2053204809448,130.40851066556107,130.40851066556107,130.40851066556107,-795.6138311465058,-795.6138311465058,-795.6138311465058,0.0,0.0,0.0,10039.30648307807
2018-03-22,10703.955638874137,9314.060426646425,10813.792442415825,10703.955638874137,10703.955638874137,-660.2795258150766,-660.2795258150766,-660.2795258150766,132.16746761305126,132.16746761305126,132.16746761305126,-792.4469934281278,-792.4469934281278,-792.4469934281278,0.0,0.0,0.0,10043.67611305906
2018-03-23,10703.399474189258,9323.50456156645,10757.285843289812,10703.399474189258,10703.399474189258,-668.162031749447,-668.162031749447,-668.162031749447,119.50192119412328,119.50192119412328,119.50192119412328,-787.6639529435703,-787.6639529435703,-787.6639529435703,0.0,0.0,0.0,10035.237442439811
2018-03-26,10701.730980134625,9323.557827140981,10774.149046698796,10701.730980134625,10701.730980134625,-636.4742741091067,-636.4742741091067,-636.4742741091067,128.19211995622962,128.19211995622962,128.19211995622962,-764.6663940653362,-764.6663940653362,-764.6663940653362,0.0,0.0,0.0,10065.256706025519
2018-03-27,10701.174815449747,9401.98972821572,10778.203350718219,10701.174815449747,10701.174815449747,-623.2922660533328,-623.2922660533328,-623.2922660533328,131.1908959689214,131.1908959689214,131.1908959689214,-754.4831620222542,-754.4831620222542,-754.4831620222542,0.0,0.0,0.0,10077.882549396414
2018-03-28,10700.618650764869,9354.420804275594,10870.935966328067,10700.618650764869,10700.618650764869,-612.8192328419126,-612.8192328419126,-612.8192328419126,130.4085106655809,130.4085106655809,130.4085106655809,-743.2277435074935,-743.2277435074935,-743.2277435074935,0.0,0.0,0.0,10087.799417922957
2018-04-02,10697.83782734048,9457.798576291993,10861.31164399281,10697.83782734048,10697.83782734048,-546.5961357532807,-546.5961357532807,-546.5961357532807,128.19211995590385,128.19211995590385,128.19211995590385,-674.7882557091845,-674.7882557091845,-674.7882557091845,0.0,0.0,0.0,10151.241691587198
2018-04-03,10697.281662655601,9426.901353055175,10836.855424517707,10697.281662655601,10697.281662655601,-528.2550405287706,-528.2550405287706,-528.2550405287706,131.1908959693126,131.1908959693126,131.1908959693126,-659.4459364980831,-659.4459364980831,-659.4459364980831,0.0,0.0,0.0,10169.02662212683
2018-04-04,10696.725498794947,9465.536087765062,10882.194427187142,10696.725498794947,10696.725498794947,-513.4019451525508,-513.4019451525508,-513.4019451525508,130.40851066560074,130.40851066560074,130.40851066560074,-643.8104558181515,-643.8104558181515,-643.8104558181515,0.0,0.0,0.0,10183.323553642396
2018-04-05,10696.169334934293,9515.630561099775,10878.003617803124,10696.169334934293,10696.169334934293,-495.8255075223601,-495.8255075223601,-495.8255075223601,132.16746761287192,132.16746761287192,132.16746761287192,-627.992975135232,-627.992975135232,-627.992975135232,0.0,0.0,0.0,10200.343827411933
2018-04-06,10695.613171073639,9471.169801796004,10886.092879321868,10695.613171073639,10695.613171073639,-492.6034121704518,-492.6034121704518,-492.6034121704518,119.50192119436831,119.50192119436831,119.50192119436831,-612.1053333648202,-612.1053333648202,-612.1053333648202,0.0,0.0,0.0,10203.009758903187
2018-04-09,10693.944679491675,9592.473453196433,10980.18938401204,10693.944679491675,10693.944679491675,-436.9590755954888,-436.9590755954888,-436.9590755954888,128.19211995639344,128.19211995639344,128.19211995639344,-565.1511955518823,-565.1511955518823,-565.1511955518823,0.0,0.0,0.0,10256.985603896186
2018-04-10,10693.38851563102,9487.961709492607,10959.83836346897,10693.38851563102,10693.38851563102,-418.9242847639283,-418.9242847639283,-418.9242847639283,131.19089596870975,131.19089596870975,131.19089596870975,-550.1151807326381,-550.1151807326381,-550.1151807326381,0.0,0.0,0.0,10274.464230867092
2018-04-11,10692.832351770367,9585.732876292072,10953.205421634239,10692.832351770367,10692.832351770367,-405.167482904811,-405.167482904811,-405.167482904811,130.40851066578153,130.40851066578153,130.40851066578153,-535.5759935705925,-535.5759935705925,-535.5759935705925,0.0,0.0,0.0,10287.664868865555
2018-04-12,10692.276187909712,9564.676413066572,11075.996724473072,10692.276187909712,10692.276187909712,-389.477723288137,-389.477723288137,-389.477723288137,132.16746761284995,132.16746761284995,132.16746761284995,-521.6451909009869,-521.6451909009869,-521.6451909009869,0.0,0.0,0.0,10302.798464621575
2018-04-13,10691.720024049058,9596.774947731978,11071.279021763206,10691.720024049058,10691.720024049058,-388.9295234207613,-388.9295234207613,-388.9295234207613,119.50192119403889,119.50192119403889,119.50192119403889,-508.4314446148003,-508.4314446148003,-508.4314446148003,0.0,0.0,0.0,10302.790500628296
2018-04-16,10690.051532467094,9592.47711271859,11077.623729992847,10690.051532467094,10690.051532467094,-345.9116784401198,-345.9116784401198,-345.9116784401198,128.19211995606761,128.19211995606761,128.19211995606761,-474.10379839618736,-474.10379839618736,-474.10379839618736,0.0,0.0,0.0,10344.139854026975
2018-04-17,10689.49536860644,9642.560501508136,11083.338196018429,10689.49536860644,10689.49536860644,-333.5409915405472,-333.5409915405472,-333.5409915405472,131.19089596910098,131.19089596910098,131.19089596910098,-464.7318875096482,-464.7318875096482,-464.7318875096482,0.0,0.0,0.0,10355.954377065893
2018-04-18,10688.939204745786,9700.872793312486,11083.681232466537,10688.939204745786,10688.939204745786,-326.1108321959849,-326.1108321959849,-326.1108321959849,130.40851066596235,130.40851066596235,130.40851066596235,-456.51934286194734,-456.51934286194734,-456.51934286194734,0.0,0.0,0.0,10362.8283725498
2018-04-19,10688.383040885132,9656.17742394949,11054.940166582133,10688.383040885132,10688.383040885132,-317.35345249284154,-317.35345249284154,-317.35345249284154,132.16746761314047,132.16746761314047,132.16746761314047,-449.52092010598204,-449.52092010598204,-449.52092010598204,0.0,0.0,0.0,10371.02958839229
2018-04-20,10687.826877024478,9652.43754858627,11073.092819231624,10687.826877024478,10687.826877024478,-324.2735439010445,-324.2735439010445,-324.2735439010445,119.50192119461332,119.50192119461332,119.50192119461332,-443.7754650956578,-443.7754650956578,-443.7754650956578,0.0,0.0,0.0,10363.553333123433
2018-04-23,10686.158385442513,9636.723461985861,11122.76510251794,10686.158385442513,10686.158385442513,-305.97755855410884,-305.97755855410884,-305.97755855410884,128.19211995638622,128.19211995638622,128.19211995638622,-434.1696785104951,-434.1696785104951,-434.1696785104951,0.0,0.0,0.0,10380.180826888405
2018-04-24,10685.60222158186,9665.52139791861,11112.609211941432,10685.60222158186,10685.60222158186,-302.2560831177985,-302.2560831177985,-302.2560831177985,131.19089596849813,131.19089596849813,131.19089596849813,-433.44697908629655,-433.44697908629655,-433.44697908629655,0.0,0.0,0.0,10383.346138464061
2018-04-25,10685.046057721205,9667.489691733563,11148.35057484269,10685.046057721205,10685.046057721205,-303.4688754280203,-303.4688754280203,-303.4688754280203,130.40851066544474,130.40851066544474,130.40851066544474,-433.877386093465,-433.877386093465,-433.877386093465,0.0,0.0,0.0,10381.577182293186
2018-04-26,10684.48989386055,9659.138688619294,11150.336326983424,10684.48989386055,10684.48989386055,-303.20802032195047,-303.20802032195047,-303.20802032195047,132.16746761298316,132.16746761298316,132.16746761298316,-435.3754879349336,-435.3754879349336,-435.3754879349336,0.0,0.0,0.0,10381.281873538599
2018-04-27,10683.933729999897,9672.66784650294,11056.142453049697,10683.933729999897,10683.933729999897,-318.3319055622558,-318.3319055622558,-318.3319055622558,119.50192119428392,119.50192119428392,119.50192119428392,-437.8338267565398,-437.8338267565398,-437.8338267565398,0.0,0.0,0.0,10365.601824437641
2018-04-30,10682.265238417933,9634.560569116988,11083.359267758153,10682.265238417933,10682.265238417933,-321.3954198166809,-321.3954198166809,-321.3954198166809,128.19211995606042,128.19211995606042,128.19211995606042,-449.5875397727413,-449.5875397727413,-449.5875397727413,0.0,0.0,0.0,10360.869818601252
2018-05-02,10681.152910696625,9600.956655162316,11114.443357713055,10681.152910696625,10681.152910696625,-328.9737849575392,-328.9737849575392,-328.9737849575392,130.408510666163,130.408510666163,130.408510666163,-459.3822956237022,-459.3822956237022,-459.3822956237022,0.0,0.0,0.0,10352.179125739085
2018-05-03,10680.59674683597,9673.61207073875,10994.626053779826,10680.59674683597,10680.59674683597,-332.1227127591807,-332.1227127591807,-332.1227127591807,132.16746761296113,132.16746761296113,132.16746761296113,-464.29018037214183,-464.29018037214183,-464.29018037214183,0.0,0.0,0.0,10348.47403407679
2018-05-04,10680.040582975314,9592.302693419588,11011.014762665702,10680.040582975314,10680.040582975314,-349.42767652233573,-349.42767652233573,-349.42767652233573,119.50192119398028,119.50192119398028,119.50192119398028,-468.92959771631604,-468.92959771631604,-468.92959771631604,0.0,0.0,0.0,10330.61290645298
2018-05-07,10678.372091393352,9609.359561136356,11079.72377118786,10678.372091393352,10678.372091393352,-350.97285334138746,-350.97285334138746,-350.97285334138746,128.19211995590567,128.19211995590567,128.19211995590567,-479.1649732972931,-479.1649732972931,-479.1649732972931,0.0,0.0,0.0,10327.399238051965
2018-05-08,10677.815927532698,9652.883131319106,11062.061694416332,10677.815927532698,10677.815927532698,-349.4996871637307,-349.4996871637307,-349.4996871637307,131.19089596959827,131.19089596959827,131.19089596959827,-480.69058313332897,-480.69058313332897,-480.69058313332897,0.0,0.0,0.0,10328.316240368968
2018-05-09,10677.259763672042,9645.934061716893,11073.902964704745,10677.259763672042,10677.259763672042,-350.56629254705337,-350.56629254705337,-350.56629254705337,130.40851066580632,130.40851066580632,130.40851066580632,-480.9748032128597,-480.9748032128597,-480.9748032128597,0.0,0.0,0.0,10326.693471124989
2018-05-10,10676.70359981139,9569.736854720206,11046.917020474668,10676.70359981139,10676.70359981139,-347.6983491967479,-347.6983491967479,-347.6983491967479,132.1674676129391,132.1674676129391,132.1674676129391,-479.86581680968703,-479.86581680968703,-479.86581680968703,0.0,0.0,0.0,10329.005250614642
2018-05-11,10676.147435950734,9570.888604183454,11060.964932343237,10676.147435950734,10676.147435950734,-357.73320530494385,-357.73320530494385,-357.73320530494385,119.50192119538116,119.50192119538116,119.50192119538116,-477.235126500325,-477.235126500325,-477.235126500325,0.0,0.0,0.0,10318.41423064579
2018-05-14,10674.478944368771,9598.762746641849,11104.46700662,10674.478944368771,10674.478944368771,-331.14866671057143,-331.14866671057143,-331.14866671057143,128.19211995622427,128.19211995622427,128.19211995622427,-459.34078666679574,-459.34078666679574,-459.34078666679574,0.0,0.0,0.0,10343.3302776582
2018-05-15,10673.922780508117,9626.798881471586,11107.652258010934,10673.922780508117,10673.922780508117,-318.71372913507815,-318.71372913507815,-318.71372913507815,131.19089596867764,131.19089596867764,131.19089596867764,-449.90462510375585,-449.90462510375585,-449.90462510375585,0.0,0.0,0.0,10355.20905137304
2018-05-16,10673.366616647461,9584.560411929273,11099.156533866631,10673.366616647461,10673.366616647461,-308.33711683518624,-308.33711683518624,-308.33711683518624,130.40851066598714,130.40851066598714,130.40851066598714,-438.7456275011733,-438.7456275011733,-438.7456275011733,0.0,0.0,0.0,10365.029499812275
2018-05-17,10672.810452786809,9608.667188213682,11061.83884538972,10672.810452786809,10672.810452786809,-293.7538020625917,-293.7538020625917,-293.7538020625917,132.16746761309435,132.16746761309435,132.16746761309435,-425.92126967568606,-425.92126967568606,-425.92126967568606,0.0,0.0,0.0,10379.056650724217
2018-05-18,10672.254288926153,9694.785263305539,11072.523712959286,10672.254288926153,10672.254288926153,-292.019442111753,-292.019442111753,-292.019442111753,119.5019211950775,119.5019211950775,119.5019211950775,-411.5213633068305,-411.5213633068305,-411.5213633068305,0.0,0.0,0.0,10380.234846814401
2018-05-21,10670.585797344189,9707.907272360922,11199.107742945678,10670.585797344189,10670.585797344189,-232.02032657430848,-232.02032657430848,-232.02032657430848,128.19211995654285,128.19211995654285,128.19211995654285,-360.2124465308513,-360.2124465308513,-360.2124465308513,0.0,0.0,0.0,10438.56547076988
2018-05-22,10670.029633483537,9724.677607301304,11231.81634898332,10670.029633483537,10670.029633483537,-209.79257120060845,-209.79257120060845,-209.79257120060845,131.1908959693866,131.1908959693866,131.1908959693866,-340.98346716999504,-340.98346716999504,-340.98346716999504,0.0,0.0,0.0,10460.237062282928
2018-05-23,10669.47346962288,9757.998357013827,11210.779424462055,10669.47346962288,10669.47346962288,-190.62325046189855,-190.62325046189855,-190.62325046189855,130.4085106654695,130.4085106654695,130.4085106654695,-321.03176112736804,-321.03176112736804,-321.03176112736804,0.0,0.0,0.0,10478.850219160982
2018-05-24,10668.917305762227,9735.842202955224,11274.654710571787,10668.917305762227,10668.917305762227,-168.41593615487392,-168.41593615487392,-168.41593615487392,132.16746761275976,132.16746761275976,132.16746761275976,-300.5834037676337,-300.5834037676337,-300.5834037676337,0.0,0.0,0.0,10500.501369607353
2018-05-25,10668.361141901572,9782.647738802201,11208.688420143277,10668.361141901572,10668.361141901572,-160.37031527130435,-160.37031527130435,-160.37031527130435,119.5019211947739,119.5019211947739,119.5019211947739,-279.8722364660783,-279.8722364660783,-279.8722364660783,0.0,0.0,0.0,10507.990826630268
2018-05-28,10666.69265031961,9845.80655462752,11301.83961766229,10666.69265031961,10666.69265031961,-90.31445912535872,-90.31445912535872,-90.31445912535872,128.1921199559147,128.1921199559147,128.1921199559147,-218.50657908127343,-218.50657908127343,-218.50657908127343,0.0,0.0,0.0,10576.378191194251
2018-05-29,10666.136486458954,9891.538216202234,11364.554172236069,10666.136486458954,10666.136486458954,-67.86318359300965,-67.86318359300965,-67.86318359300965,131.1908959691219,131.1908959691219,131.1908959691219,-199.05407956213153,-199.05407956213153,-199.05407956213153,0.0,0.0,0.0,10598.273302865944
2018-05-30,10665.5803225983,9853.063620309558,11358.276105653993,10665.5803225983,10665.5803225983,-50.032673533581544,-50.032673533581544,-50.032673533581544,130.40851066511286,130.40851066511286,130.40851066511286,-180.4411841986944,-180.4411841986944,-180.4411841986944,0.0,0.0,0.0,10615.547649064718
2018-05-31,10665.024158737646,9934.685142160464,11376.263484075804,10665.024158737646,10665.024158737646,-30.67252154189895,-30.67252154189895,-30.67252154189895,132.16746761305032,132.16746761305032,132.16746761305032,-162.83998915494925,-162.83998915494925,-162.83998915494925,0.0,0.0,0.0,10634.351637195747
2018-06-01,10664.467994876992,9901.281723869643,11401.9145203557,10664.467994876992,10664.467994876992,-26.894463469260884,-26.894463469260884,-26.894463469260884,119.50192119447028,119.50192119447028,119.50192119447028,-146.3963846637312,-146.3963846637312,-146.3963846637312,0.0,0.0,0.0,10637.57353140773
2018-06-04,10662.79950329503,9972.037889915922,11413.295531260366,10662.79950329503,10662.79950329503,23.177861375981653,23.177861375981653,23.177861375981653,128.19211995623328,128.19211995623328,128.19211995623328,-105.01425858025164,-105.01425858025164,-105.01425858025164,0.0,0.0,0.0,10685.977364671011
2018-06-05,10662.243339434373,9982.428661209686,11429.68059895044,10662.243339434373,10662.243339434373,37.152554387557856,37.152554387557856,37.152554387557856,131.1908959688572,131.1908959688572,131.1908959688572,-94.03834158129935,-94.03834158129935,-94.03834158129935,0.0,0.0,0.0,10699.395893821931
2018-06-06,10661.687175573721,9973.7944591277,11440.227726951389,10661.687175573721,10661.687175573721,45.938805083486585,45.938805083486585,45.938805083486585,130.4085106658311,130.4085106658311,130.4085106658311,-84.46970558234453,-84.46970558234453,-84.46970558234453,0.0,0.0,0.0,10707.625980657207
2018-06-07,10661.131011713065,9971.495884275166,11477.129661914167,10661.131011713065,10661.131011713065,55.91135098185518,55.91135098185518,55.91135098185518,132.1674676124451,132.1674676124451,132.1674676124451,-76.25611663058991,-76.25611663058991,-76.25611663058991,0.0,0.0,0.0,10717.04236269492
2018-06-08,10660.574847852411,9967.082373348941,11457.851060777979,10660.574847852411,10660.574847852411,50.1888061818595,50.1888061818595,50.1888061818595,119.5019211949931,119.5019211949931,119.5019211949931,-69.3131150131336,-69.3131150131336,-69.3131150131336,0.0,0.0,0.0,10710.76365403427
2018-06-11,10658.906356270449,10089.370495203226,11397.305281532892,10658.906356270449,10658.906356270449,73.35673256027917,73.35673256027917,73.35673256027917,128.1921199559075,128.1921199559075,128.1921199559075,-54.835387395628324,-54.835387395628324,-54.835387395628324,0.0,0.0,0.0,10732.263088830729
2018-06-12,10658.350192409793,10048.443211187106,11426.569878907541,10658.350192409793,10658.350192409793,79.60601894078842,79.60601894078842,79.60601894078842,131.1908959685925,131.1908959685925,131.1908959685925,-51.584877027804104,-51.584877027804104,-51.584877027804104,0.0,0.0,0.0,10737.956211350582
2018-06-13,10657.794028549139,9975.006034979217,11456.624829420647,10657.794028549139,10657.794028549139,81.60100409757058,81.60100409757058,81.60100409757058,130.40851066531349,130.40851066531349,130.40851066531349,-48.80750656774289,-48.80750656774289,-48.80750656774289,0.0,0.0,0.0,10739.39503264671
2018-06-14,10657.237864688484,10028.206652277157,11507.096022007803,10657.237864688484,10657.237864688484,85.86892367963237,85.86892367963237,85.86892367963237,132.16746761273566,132.16746761273566,132.16746761273566,-46.29854393310328,-46.29854393310328,-46.29854393310328,0.0,0.0,0.0,10743.106788368117
2018-06-15,10656.68170082783,10022.896183466779,11414.560801964288,10656.68170082783,10656.68170082783,75.6520222373172,75.6520222373172,75.6520222373172,119.50192119468952,119.50192119468952,119.50192119468952,-43.84989895737232,-43.84989895737232,-43.84989895737232,0.0,0.0,0.0,10732.333723065147
2018-06-18,10655.013209245866,9999.967522659674,11411.267963847771,10655.013209245866,10655.013209245866,93.34616504269029,93.34616504269029,93.34616504269029,128.1921199563971,128.1921199563971,128.1921199563971,-34.8459549137068,-34.8459549137068,-34.8459549137068,0.0,0.0,0.0,10748.359374288557
2018-06-19,10654.457045385212,10008.850924879975,11451.692373587752,10654.457045385212,10654.457045385212,100.51628723432755,100.51628723432755,100.51628723432755,131.19089596930147,131.19089596930147,131.19089596930147,-30.6746087349739,-30.6746087349739,-30.6746087349739,0.0,0.0,0.0,10754.97333261954
2018-06-20,10653.900881524558,10031.739077461532,11445.156215136445,10653.900881524558,10653.900881524558,104.75468820302231,104.75468820302231,104.75468820302231,130.4085106654943,130.4085106654943,130.4085106654943,-25.653822462471986,-25.653822462471986,-25.653822462471986,0.0,0.0,0.0,10758.65556972758
2018-06-21,10653.344717663904,10030.07302807715,11503.84232748388,10653.344717663904,10653.344717663904,112.50753499506955,112.50753499506955,112.50753499506955,132.16746761271364,132.16746761271364,132.16746761271364,-19.659932617644085,-19.659932617644085,-19.659932617644085,0.0,0.0,0.0,10765.852252658973
2018-06-22,10652.78855380325,9996.854630222653,11481.613685104607,10652.78855380325,10652.78855380325,106.90482378019918,106.90482378019918,106.90482378019918,119.5019211943601,119.5019211943601,119.5019211943601,-12.597097414160908,-12.597097414160908,-12.597097414160908,0.0,0.0,0.0,10759.69337758345
2018-06-25,10651.120062221285,10067.560605244922,11517.546995983941,10651.120062221285,10651.120062221285,143.69623209117032,143.69623209117032,143.69623209117032,128.1921199560713,128.1921199560713,128.1921199560713,15.504112135098998,15.504112135098998,15.504112135098998,0.0,0.0,0.0,10794.816294312455
2018-06-26,10650.563898360631,10149.539484655143,11553.054711845261,10650.563898360631,10650.563898360631,158.37294986196628,158.37294986196628,158.37294986196628,131.19089596903675,131.19089596903675,131.19089596903675,27.182053892929527,27.182053892929527,27.182053892929527,0.0,0.0,0.0,10808.936848222598
2018-06-27,10650.007734499977,10123.283163829505,11511.100060368473,10650.007734499977,10650.007734499977,170.34792889574027,170.34792889574027,170.34792889574027,130.40851066567507,130.40851066567507,130.40851066567507,39.9394182300652,39.9394182300652,39.9394182300652,0.0,0.0,0.0,10820.355663395718
2018-06-28,10649.451570639321,10096.125924806214,11551.39861547897,10649.451570639321,10649.451570639321,185.85302108613743,185.85302108613743,185.85302108613743,132.16746761269164,132.16746761269164,132.16746761269164,53.6855534734458,53.6855534734458,53.6855534734458,0.0,0.0,0.0,10835.304591725459
2018-06-29,10648.895406800855,10072.19567477278,11562.610229826432,10648.895406800855,10648.895406800855,187.8048071487933,187.8048071487933,187.8048071487933,119.50192119493452,119.50192119493452,119.50192119493452,68.30288595385878,68.30288595385878,68.30288595385878,0.0,0.0,0.0,10836.700213949649
2018-07-02,10647.226915285455,10182.136540324203,11606.905000648796,10647.226915285455,10647.226915285455,244.0638627475185,244.0638627475185,244.0638627475185,128.1921199563899,128.1921199563899,128.1921199563899,115.87174279112858,115.87174279112858,115.87174279112858,0.0,0.0,0.0,10891.290778032973
2018-07-03,10646.670751446987,10216.31101471497,11652.806757543507,10646.670751446987,10646.670751446987,263.5706871826737,263.5706871826737,263.5706871826737,131.19089596942797,131.19089596942797,131.19089596942797,132.37979121324565,132.37979121324565,132.37979121324565,0.0,0.0,0.0,10910.24143862966
2018-07-04,10646.114587608521,10134.99431547512,11639.67517289957,10646.114587608521,10646.114587608521,279.30234281578106,279.30234281578106,279.30234281578106,130.40851066585589,130.40851066585589,130.40851066585589,148.89383214992517,148.89383214992517,148.89383214992517,0.0,0.0,0.0,10925.416930424302
2018-07-05,10645.558423770053,10179.2940683833,11678.247052425355,10645.558423770053,10645.558423770053,297.38355505045246,297.38355505045246,297.38355505045246,132.16746761253432,132.16746761253432,132.16746761253432,165.2160874379181,165.2160874379181,165.2160874379181,0.0,0.0,0.0,10942.941978820505
2018-07-06,10645.002259931587,10253.523601221379,11721.657251659182,10645.002259931587,10645.002259931587,300.65351369401566,300.65351369401566,300.65351369401566,119.50192119460507,119.50192119460507,119.50192119460507,181.15159249941055,181.15159249941055,181.15159249941055,0.0,0.0,0.0,10945.655773625604
2018-07-09,10643.333768416187,10288.80467195516,11708.184165142582,10643.333768416187,10643.333768416187,353.01783167698835,353.01783167698835,353.01783167698835,128.1921199567085,128.1921199567085,128.1921199567085,224.82571172027983,224.82571172027983,224.82571172027983,0.0,0.0,0.0,10996.351600093176
2018-07-10,10642.77760457772,10264.753390737025,11721.73457528358,10642.77760457772,10642.77760457772,368.66794348685977,368.66794348685977,368.66794348685977,131.1908959688251,131.1908959688251,131.1908959688251,237.47704751803468,237.47704751803468,237.47704751803468,0.0,0.0,0.0,11011.44554806458
2018-07-11,10642.221440739253,10270.470831318353,11739.126126916626,10642.221440739253,10642.221440739253,379.3685759835278,379.3685759835278,379.3685759835278,130.40851066571474,130.40851066571474,130.40851066571474,248.96006531781302,248.96006531781302,248.96006531781302,0.0,0.0,0.0,11021.590016722781
2018-07-12,10641.665276900785,10271.508522629334,11706.46464678605,10641.665276900785,10641.665276900785,391.34885695860777,391.34885695860777,391.34885695860777,132.16746761282485,132.16746761282485,132.16746761282485,259.1813893457829,259.1813893457829,259.1813893457829,0.0,0.0,0.0,11033.014133859393
2018-07-13,10641.109113062319,10331.769998484877,11722.174284716539,10641.109113062319,10641.109113062319,387.5759878277106,387.5759878277106,387.5759878277106,119.50192119430149,119.50192119430149,119.50192119430149,268.0740666334091,268.0740666334091,268.0740666334091,0.0,0.0,0.0,11028.68510089003
2018-07-16,10639.440621546915,10345.386650701117,11781.973803675979,10639.440621546915,10639.440621546915,414.71535606563555,414.71535606563555,414.71535606563555,128.1921199565537,128.1921199565537,128.1921199565537,286.5232361090818,286.5232361090818,286.5232361090818,0.0,0.0,0.0,11054.15597761255
2018-07-17,10638.88445770845,10324.931624029176,11758.258392053687,10638.88445770845,10638.88445770845,421.17166829346706,421.17166829346706,421.17166829346706,131.19089596921629,131.19089596921629,131.19089596921629,289.9807723242508,289.9807723242508,289.9807723242508,0.0,0.0,0.0,11060.056126001917
2018-07-18,10638.328293869983,10302.089028674818,11750.72476484409,10638.328293869983,10638.328293869983,422.59067895431957,422.59067895431957,422.59067895431957,130.40851066589556,130.40851066589556,130.40851066589556,292.18216828842395,292.18216828842395,292.18216828842395,0.0,0.0,0.0,11060.918972824302
2018-07-19,10637.772130031515,10358.566834491792,11776.003007901882,10637.772130031515,10637.772130031515,425.38372465709307,425.38372465709307,425.38372465709307,132.16746761311543,132.16746761311543,132.16746761311543,293.21625704397763,293.21625704397763,293.21625704397763,0.0,0.0,0.0,11063.155854688608
2018-07-20,10637.21596619305,10315.737446213918,11787.20348641466,10637.21596619305,10637.21596619305,412.69347452694126,412.69347452694126,412.69347452694126,119.50192119399786,119.50192119399786,119.50192119399786,293.1915533329434,293.1915533329434,293.1915533329434,0.0,0.0,0.0,11049.90944071999
2018-07-23,10635.547474677647,10350.236622096863,11782.317519971515,10635.547474677647,10635.547474677647,416.2701999252711,416.2701999252711,416.2701999252711,128.19211995622794,128.19211995622794,128.19211995622794,288.07807996904313,288.07807996904313,288.07807996904313,0.0,0.0,0.0,11051.817674602918
2018-07-24,10634.991310839181,10305.775376303047,11774.382434594765,10634.991310839181,10634.991310839181,416.3740460822393,416.3740460822393,416.3740460822393,131.19089596895162,131.19089596895162,131.19089596895162,285.1831501132878,285.1831501132878,285.1831501132878,0.0,0.0,0.0,11051.36535692142
2018-07-25,10634.435147000713,10249.893545249643,11728.429466782456,10634.435147000713,10634.435147000713,412.35921386367284,412.35921386367284,412.35921386367284,130.40851066553893,130.40851066553893,130.40851066553893,281.95070319813397,281.95070319813397,281.95070319813397,0.0,0.0,0.0,11046.794360864385
2018-07-26,10633.878983162247,10312.769593863779,11746.824439795266,10633.878983162247,10633.878983162247,410.70307779684083,410.70307779684083,410.70307779684083,132.16746761295812,132.16746761295812,132.16746761295812,278.5356101838827,278.5356101838827,278.5356101838827,0.0,0.0,0.0,11044.582060959088
2018-07-27,10633.32281932378,10366.705985816132,11794.637888417343,10633.32281932378,10633.32281932378,394.59007448339156,394.59007448339156,394.59007448339156,119.50192119454651,119.50192119454651,119.50192119454651,275.0881532888451,275.0881532888451,275.0881532888451,0.0,0.0,0.0,11027.91289380717
2018-07-30,10631.65432780838,10240.928537055095,11694.361074715409,10631.65432780838,10631.65432780838,394.11655794079707,394.11655794079707,394.11655794079707,128.19211995590211,128.19211995590211,128.19211995590211,265.924437984895,265.924437984895,265.924437984895,0.0,0.0,0.0,11025.770885749176
2018-07-31,10631.098163969913,10316.332749410525,11719.644352969503,10631.098163969913,10631.098163969913,394.8512770663692,394.8512770663692,394.8512770663692,131.19089596868693,131.19089596868693,131.19089596868693,263.6603810976822,263.6603810976822,263.6603810976822,0.0,0.0,0.0,11025.949441036282
2018-08-01,10630.542000131445,10309.564227434612,11750.061910749984,10630.542000131445,10630.542000131445,392.3627421090905,392.3627421090905,392.3627421090905,130.4085106660962,130.4085106660962,130.4085106660962,261.9542314429944,261.9542314429944,261.9542314429944,0.0,0.0,0.0,11022.904742240535
2018-08-02,10629.985836292977,10305.509175172358,11739.039065669644,10629.985836292977,10629.985836292977,393.0470389382613,393.0470389382613,393.0470389382613,132.16746761293606,132.16746761293606,132.16746761293606,260.8795713253253,260.8795713253253,260.8795713253253,0.0,0.0,0.0,11023.032875231238
2018-08-03,10629.42967245451,10285.311451327312,11693.39611940994,10629.42967245451,10629.42967245451,379.99531029872594,379.99531029872594,379.99531029872594,119.50192119421709,119.50192119421709,119.50192119421709,260.4933891045088,260.4933891045088,260.4933891045088,0.0,0.0,0.0,11009.424982753235
2018-08-06,10627.76118093911,10290.787014051306,11752.752941256982,10627.76118093911,10627.76118093911,391.9869134500025,391.9869134500025,391.9869134500025,128.19211995574736,128.19211995574736,128.19211995574736,263.7947934942551,263.7947934942551,263.7947934942551,0.0,0.0,0.0,11019.748094389111
2018-08-07,10627.205017100643,10274.465921241486,11698.22153048425,10627.205017100643,10627.205017100643,397.60889976775957,397.60889976775957,397.60889976775957,131.1908959690577,131.1908959690577,131.1908959690577,266.4180037987019,266.4180037987019,266.4180037987019,0.0,0.0,0.0,11024.813916868403
2018-08-08,10626.648853262175,10305.162241026545,11746.743546681235,10626.648853262175,10626.648853262175,400.19731171171395,400.19731171171395,400.19731171171395,130.40851066573953,130.40851066573953,130.40851066573953,269.7888010459744,269.7888010459744,269.7888010459744,0.0,0.0,0.0,11026.84616497389
2018-08-09,10626.092689423709,10332.537791679517,11744.891407299483,10626.092689423709,10626.092689423709,406.05100284978266,406.05100284978266,406.05100284978266,132.16746761291407,132.16746761291407,132.16746761291407,273.8835352368686,273.8835352368686,273.8835352368686,0.0,0.0,0.0,11032.143692273492
2018-08-10,10625.536525585241,10319.770328725133,11762.369369958486,10625.536525585241,10625.536525585241,398.17300896349525,398.17300896349525,398.17300896349525,119.50192119388767,119.50192119388767,119.50192119388767,278.6710877696076,278.6710877696076,278.6710877696076,0.0,0.0,0.0,11023.709534548736
2018-08-13,10623.868034069841,10376.734105526371,11737.123883143486,10623.868034069841,10623.868034069841,425.00258467298625,425.00258467298625,425.00258467298625,128.1921199560659,128.1921199560659,128.1921199560659,296.81046471692036,296.81046471692036,296.81046471692036,0.0,0.0,0.0,11048.870618742827
2018-08-14,10623.311870231373,10369.339180862125,11807.736317554989,10623.311870231373,10623.311870231373,435.170507085563,435.170507085563,435.170507085563,131.19089596879303,131.19089596879303,131.19089596879303,303.97961111676995,303.97961111676995,303.97961111676995,0.0,0.0,0.0,11058.482377316936
2018-08-16,10622.199542554441,10334.16531700443,11850.584073598993,10622.199542554441,10622.199542554441,451.9319297921408,451.9319297921408,451.9319297921408,132.16746761320462,132.16746761320462,132.16746761320462,319.76446217893624,319.76446217893624,319.76446217893624,0.0,0.0,0.0,11074.131472346582
2018-08-17,10621.643378715973,10358.129849658157,11785.148895593024,10621.643378715973,10621.643378715973,447.8124256799886,447.8124256799886,447.8124256799886,119.50192119443626,119.50192119443626,119.50192119443626,328.31050448555237,328.31050448555237,328.31050448555237,0.0,0.0,0.0,11069.455804395962
2018-08-20,10619.974887200571,10314.631008479662,11824.039483580465,10619.974887200571,10619.974887200571,484.4199209288196,484.4199209288196,484.4199209288196,128.19211995638452,128.19211995638452,128.19211995638452,356.22780097243503,356.22780097243503,356.22780097243503,0.0,0.0,0.0,11104.394808129391
2018-08-21,10619.418723362103,10391.510340873516,11828.230246167897,10619.418723362103,10619.418723362103,497.41340305040694,497.41340305040694,497.41340305040694,131.1908959685284,131.1908959685284,131.1908959685284,366.2225070818785,366.2225070818785,366.2225070818785,0.0,0.0,0.0,11116.83212641251
2018-08-23,10618.30639568517,10410.597285447757,11881.428631212239,10618.30639568517,10618.30639568517,519.3132368364518,519.3132368364518,519.3132368364518,132.1674676127347,132.1674676127347,132.1674676127347,387.14576922371714,387.14576922371714,387.14576922371714,0.0,0.0,0.0,11137.61963252162
2018-08-24,10617.750231846703,10422.71080235641,11865.7674948248,10617.750231846703,10617.750231846703,517.5458421577697,517.5458421577697,517.5458421577697,119.50192119503653,119.50192119503653,119.50192119503653,398.04392096273324,398.04392096273324,398.04392096273324,0.0,0.0,0.0,11135.296074004473
2018-08-27,10616.081740331303,10407.257141188416,11976.940582718931,10616.081740331303,10616.081740331303,560.4463734935953,560.4463734935953,560.4463734935953,128.19211995605872,128.19211995605872,128.19211995605872,432.25425353753656,432.25425353753656,432.25425353753656,0.0,0.0,0.0,11176.528113824897
2018-08-28,10615.525576492835,10521.549549247004,11937.37068361076,10615.525576492835,10615.525576492835,575.2608512011013,575.2608512011013,575.2608512011013,131.19089596923723,131.19089596923723,131.19089596923723,444.069955231864,444.069955231864,444.069955231864,0.0,0.0,0.0,11190.786427693936
2018-08-29,10614.969412654369,10468.87061601439,11997.748983018422,10614.969412654369,10614.969412654369,586.4347952321954,586.4347952321954,586.4347952321954,130.40851066558352,130.40851066558352,130.40851066558352,456.0262845666119,456.0262845666119,456.0262845666119,0.0,0.0,0.0,11201.404207886564
2018-08-30,10614.413248815901,10531.537025193296,11925.995324869758,10614.413248815901,10614.413248815901,600.2370827310024,600.2370827310024,600.2370827310024,132.16746761302528,132.16746761302528,132.16746761302528,468.0696151179771,468.0696151179771,468.0696151179771,0.0,0.0,0.0,11214.650331546904
2018-08-31,10613.857084977435,10508.91785460411,11948.78022846077,10613.857084977435,10613.857084977435,599.6372157110126,599.6372157110126,599.6372157110126,119.50192119470708,119.50192119470708,119.50192119470708,480.1352945163055,480.1352945163055,480.1352945163055,0.0,0.0,0.0,11213.494300688448
2018-09-03,10612.188593462033,10543.502811507695,11939.599325274763,10612.188593462033,10612.188593462033,643.8368608581807,643.8368608581807,643.8368608581807,128.19211995607495,128.19211995607495,128.19211995607495,515.6447409021057,515.6447409021057,515.6447409021057,0.0,0.0,0.0,11256.025454320214
2018-09-04,10611.632429623567,10502.119802298874,11941.102863692611,10611.632429623567,10611.632429623567,658.1113257064726,658.1113257064726,658.1113257064726,131.19089596831668,131.19089596831668,131.19089596831668,526.9204297381559,526.9204297381559,526.9204297381559,0.0,0.0,0.0,11269.74375533004
2018-09-05,10611.076265785101,10554.513211343297,12016.537143126028,10611.076265785101,10611.076265785101,668.1320425853493,668.1320425853493,668.1320425853493,130.4085106657643,130.4085106657643,130.4085106657643,537.723531919585,537.723531919585,537.723531919585,0.0,0.0,0.0,11279.208308370451
2018-09-06,10610.520101946633,10605.068223945962,12026.41304662884,10610.520101946633,10610.520101946633,680.0931285327943,680.0931285327943,680.0931285327943,132.16746761300325,132.16746761300325,132.16746761300325,547.9256609197911,547.9256609197911,547.9256609197911,0.0,0.0,0.0,11290.613230479426
2018-09-07,10609.963938108165,10544.968831943694,12000.348170774485,10609.963938108165,10609.963938108165,676.8943014680623,676.8943014680623,676.8943014680623,119.5019211952299,119.5019211952299,119.5019211952299,557.3923802728324,557.3923802728324,557.3923802728324,0.0,0.0,0.0,11286.858239576228
2018-09-10,10608.295446592763,10625.475977955877,12010.307011476132,10608.295446592763,10608.295446592763,708.1904199582759,708.1904199582759,708.1904199582759,128.19211995574918,128.19211995574918,128.19211995574918,579.9983000025267,579.9983000025267,579.9983000025267,0.0,0.0,0.0,11316.48586655104
2018-09-11,10607.739282754297,10613.743044554178,12044.424020634298,10607.739282754297,10607.739282754297,716.3404977871658,716.3404977871658,716.3404977871658,131.19089596870788,131.19089596870788,131.19089596870788,585.1496018184579,585.1496018184579,585.1496018184579,0.0,0.0,0.0,11324.079780541462
2018-09-12,10607.18311891583,10631.540382143965,12037.994913729735,10607.18311891583,10607.18311891583,719.3062394701433,719.3062394701433,719.3062394701433,130.40851066594513,130.40851066594513,130.40851066594513,588.8977288041982,588.8977288041982,588.8977288041982,0.0,0.0,0.0,11326.489358385972
2018-09-14,10606.070791238895,10550.016367819704,12098.151581968265,10606.070791238895,10606.070791238895,711.258564219638,711.258564219638,711.258564219638,119.50192119492628,119.50192119492628,119.50192119492628,591.7566430247115,591.7566430247115,591.7566430247115,0.0,0.0,0.0,11317.329355458533
2018-09-17,10604.402299723495,10658.929170724763,12081.797355058652,10604.402299723495,10604.402299723495,711.4977693011392,711.4977693011392,711.4977693011392,128.19211995671216,128.19211995671216,128.19211995671216,583.305649344427,583.305649344427,583.305649344427,0.0,0.0,0.0,11315.900069024634
2018-09-18,10603.846135885029,10584.576325418999,12073.992681708873,10603.846135885029,10603.846135885029,708.1281053949384,708.1281053949384,708.1281053949384,131.19089596941677,131.19089596941677,131.19089596941677,576.9372094255217,576.9372094255217,576.9372094255217,0.0,0.0,0.0,11311.974241279968
2018-09-19,10603.289972046561,10537.59819458849,11990.799687931127,10603.289972046561,10603.289972046561,699.2095435816118,699.2095435816118,699.2095435816118,130.40851066542749,130.40851066542749,130.40851066542749,568.8010329161845,568.8010329161845,568.8010329161845,0.0,0.0,0.0,11302.499515628173
2018-09-21,10602.177644369627,10558.83041315146,12004.854377129686,10602.177644369627,10602.177644369627,666.93376004642,666.93376004642,666.93376004642,119.50192119459687,119.50192119459687,119.50192119459687,547.431838851823,547.431838851823,547.431838851823,0.0,0.0,0.0,11269.111404416048
2018-09-24,10600.509152854227,10496.855332980414,11961.97701255609,10600.509152854227,10600.509152854227,632.2965471116054,632.2965471116054,632.2965471116054,128.19211995591297,128.19211995591297,128.19211995591297,504.1044271556924,504.1044271556924,504.1044271556924,0.0,0.0,0.0,11232.805699965833
2018-09-25,10599.95298901576,10449.416552732608,11967.615403127073,10599.95298901576,10599.95298901576,618.4084381740528,618.4084381740528,618.4084381740528,131.19089596915208,131.19089596915208,131.19089596915208,487.2175422049006,487.2175422049006,487.2175422049006,0.0,0.0,0.0,11218.361427189811
2018-09-26,10599.396825177291,10493.29228261535,11921.60846060388,10599.396825177291,10599.396825177291,599.8114247319518,599.8114247319518,599.8114247319518,130.40851066614576,130.40851066614576,130.40851066614576,469.40291406580593,469.40291406580593,469.40291406580593,0.0,0.0,0.0,11199.208249909243
2018-09-27,10600.827715627722,10491.013180776308,11934.436057960474,10600.827715627722,10600.827715627722,583.0282385166386,583.0282385166386,583.0282385166386,132.16746761266657,132.16746761266657,132.16746761266657,450.860770903972,450.860770903972,450.860770903972,0.0,0.0,0.0,11183.855954144361
2018-09-28,10602.25860607815,10409.70849376705,11804.305509256317,10602.25860607815,10602.25860607815,551.3036140918299,551.3036140918299,551.3036140918299,119.5019211943191,119.5019211943191,119.5019211943191,431.80169289751086,431.80169289751086,431.80169289751086,0.0,0.0,0.0,11153.56222016998
2018-10-01,10606.551277429437,10355.841734290245,11843.2720993476,10606.551277429437,10606.551277429437,501.8849330453234,501.8849330453234,501.8849330453234,128.19211995623158,128.19211995623158,128.19211995623158,373.6928130890918,373.6928130890918,373.6928130890918,0.0,0.0,0.0,11108.43621047476
2018-10-03,10609.413058330294,10351.661879998066,11805.276900839895,10609.413058330294,10609.413058330294,466.70381439537715,466.70381439537715,466.70381439537715,130.4085106657891,130.4085106657891,130.4085106657891,336.295303729588,336.295303729588,336.295303729588,0.0,0.0,0.0,11076.116872725672
2018-10-04,10610.843948780723,10335.969776274731,11740.731024316401,10610.843948780723,10610.843948780723,450.74897566904974,450.74897566904974,450.74897566904974,132.16746761250923,132.16746761250923,132.16746761250923,318.58150805654054,318.58150805654054,318.58150805654054,0.0,0.0,0.0,11061.592924449773
2018-10-05,10612.274839231153,10301.108065944885,11755.557925900097,10612.274839231153,10612.274839231153,421.2461394054762,421.2461394054762,421.2461394054762,119.5019211948419,119.5019211948419,119.5019211948419,301.7442182106343,301.7442182106343,301.7442182106343,0.0,0.0,0.0,11033.520978636629
2018-10-08,10616.56751058244,10315.681427062518,11750.528747049693,10616.56751058244,10616.56751058244,385.92130544142924,385.92130544142924,385.92130544142924,128.19211995655016,128.19211995655016,128.19211995655016,257.72918548487905,257.72918548487905,257.72918548487905,0.0,0.0,0.0,11002.488816023868
2018-10-09,10617.998401032868,10285.923437783895,11722.336605823462,10617.998401032868,10617.998401032868,376.69032093719557,376.69032093719557,376.69032093719557,131.19089596862273,131.19089596862273,131.19089596862273,245.49942496857284,245.49942496857284,245.49942496857284,0.0,0.0,0.0,10994.688721970064
2018-10-10,10619.429291483297,10302.05528924773,11761.725182154782,10619.429291483297,10619.429291483297,364.96453565829404,364.96453565829404,364.96453565829404,130.40851066527145,130.40851066527145,130.40851066527145,234.55602499302256,234.55602499302256,234.55602499302256,0.0,0.0,0.0,10984.39382714159
2018-10-11,10620.860181933725,10283.702154808218,11761.164615146987,10620.860181933725,10620.860181933725,357.0613879923785,357.0613879923785,357.0613879923785,132.16746761279984,132.16746761279984,132.16746761279984,224.89392037957867,224.89392037957867,224.89392037957867,0.0,0.0,0.0,10977.921569926104
2018-10-12,10622.291072384156,10231.982426911203,11672.914343048707,10622.291072384156,10622.291072384156,335.9814310586584,335.9814310586584,335.9814310586584,119.50192119453833,119.50192119453833,119.50192119453833,216.47950986412008,216.47950986412008,216.47950986412008,0.0,0.0,0.0,10958.272503442815
2018-10-15,10626.583743735442,10224.635556828816,11688.690225020378,10626.583743735442,10626.583743735442,326.19156730124075,326.19156730124075,326.19156730124075,128.19211995639537,128.19211995639537,128.19211995639537,197.99944734484535,197.99944734484535,197.99944734484535,0.0,0.0,0.0,10952.775311036683
2018-10-16,10628.014634185869,10162.084870377792,11612.913369285809,10628.014634185869,10628.014634185869,324.9346375439314,324.9346375439314,324.9346375439314,131.19089596933165,131.19089596933165,131.19089596933165,193.74374157459974,193.74374157459974,193.74374157459974,0.0,0.0,0.0,10952.9492717298
2018-10-17,10629.4455246363,10251.570926950471,11693.12714776877,10629.4455246363,10629.4455246363,320.6317400074733,320.6317400074733,320.6317400074733,130.4085106658288,130.4085106658288,130.4085106658288,190.22322934164453,190.22322934164453,190.22322934164453,0.0,0.0,0.0,10950.077264643773
2018-10-19,10632.307305537157,10226.715923883552,11622.664754823096,10632.307305537157,10632.307305537157,304.2991142394731,304.2991142394731,304.2991142394731,119.50192119423467,119.50192119423467,119.50192119423467,184.79719304523843,184.79719304523843,184.79719304523843,0.0,0.0,0.0,10936.60641977663
2018-10-22,10636.599976888443,10231.225516038641,11615.421594509986,10636.599976888443,10636.599976888443,306.65511574888325,306.65511574888325,306.65511574888325,128.19211995606955,128.19211995606955,128.19211995606955,178.4629957928137,178.4629957928137,178.4629957928137,0.0,0.0,0.0,10943.255092637326
2018-10-23,10638.030867338872,10219.919915877923,11712.346327310175,10638.030867338872,10638.030867338872,307.47574599114216,307.47574599114216,307.47574599114216,131.190895969067,131.190895969067,131.190895969067,176.28485002207518,176.28485002207518,176.28485002207518,0.0,0.0,0.0,10945.506613330013
2018-10-24,10639.461757789302,10201.890577732585,11637.17350315825,10639.461757789302,10639.461757789302,304.29333878407374,304.29333878407374,304.29333878407374,130.4085106654721,130.4085106654721,130.4085106654721,173.88482811860163,173.88482811860163,173.88482811860163,0.0,0.0,0.0,10943.755096573375
2018-10-25,10640.892648239731,10232.092039066787,11718.242975586807,10640.892648239731,10640.892648239731,303.3466960016697,303.3466960016697,303.3466960016697,132.16746761306837,132.16746761306837,132.16746761306837,171.17922838860136,171.17922838860136,171.17922838860136,0.0,0.0,0.0,10944.239344241401
2018-10-26,10642.323538690158,10203.726323437593,11667.026054398582,10642.323538690158,10642.323538690158,287.6098934415238,287.6098934415238,287.6098934415238,119.5019211947833,119.5019211947833,119.5019211947833,168.1079722467405,168.1079722467405,168.1079722467405,0.0,0.0,0.0,10929.933432131682
2018-10-29,10646.616210041446,10252.967439774606,11690.13409043326,10646.616210041446,10646.616210041446,284.6816541135511,284.6816541135511,284.6816541135511,128.19211995638818,128.19211995638818,128.19211995638818,156.48953415716286,156.48953415716286,156.48953415716286,0.0,0.0,0.0,10931.297864154996
2018-10-30,10648.047100491875,10206.83296576505,11671.291169678916,10648.047100491875,10648.047100491875,283.0703767986222,283.0703767986222,283.0703767986222,131.1908959688023,131.1908959688023,131.1908959688023,151.87948082981993,151.87948082981993,151.87948082981993,0.0,0.0,0.0,10931.117477290496
2018-10-31,10649.477990942303,10212.08579690747,11681.483185557565,10649.477990942303,10649.477990942303,277.4072185513783,277.4072185513783,277.4072185513783,130.40851066602943,130.40851066602943,130.40851066602943,146.99870788534892,146.99870788534892,146.99870788534892,0.0,0.0,0.0,10926.885209493681
2018-11-01,10650.908881392732,10210.274459612969,11537.201496854279,10650.908881392732,10650.908881392732,274.1096894373889,274.1096894373889,274.1096894373889,132.16746761259844,132.16746761259844,132.16746761259844,141.94222182479044,141.94222182479044,141.94222182479044,0.0,0.0,0.0,10925.018570830121
2018-11-02,10652.33977184316,10245.68224139769,11626.47691121633,10652.33977184316,10652.33977184316,256.3275903277897,256.3275903277897,256.3275903277897,119.50192119445389,119.50192119445389,119.50192119445389,136.82566913333585,136.82566913333585,136.82566913333585,0.0,0.0,0.0,10908.66736217095
2018-11-05,10656.632443194447,10153.973000439288,11634.02931680908,10656.632443194447,10656.632443194447,250.6979308697909,250.6979308697909,250.6979308697909,128.19211995606236,128.19211995606236,128.19211995606236,122.50581091372857,122.50581091372857,122.50581091372857,0.0,0.0,0.0,10907.330374064237
2018-11-06,10658.063333644877,10197.056815632392,11627.874576901811,10658.063333644877,10658.063333644877,249.77805364090875,249.77805364090875,249.77805364090875,131.19089596885533,131.19089596885533,131.19089596885533,118.58715767205344,118.58715767205344,118.58715767205344,0.0,0.0,0.0,10907.841387285785
2018-11-07,10659.494224095306,10178.240762239224,11577.88090607239,10659.494224095306,10659.494224095306,245.76741599577971,245.76741599577971,245.76741599577971,130.40851066567276,130.40851066567276,130.40851066567276,115.35890533010694,115.35890533010694,115.35890533010694,0.0,0.0,0.0,10905.261640091087
2018-11-09,10662.356004996163,10218.345722493981,11655.965885996027,10662.356004996163,10662.356004996163,231.07200759045725,231.07200759045725,231.07200759045725,119.50192119415028,119.50192119415028,119.50192119415028,111.57008639630695,111.57008639630695,111.57008639630695,0.0,0.0,0.0,10893.42801258662
2018-11-12,10666.64867634745,10197.909624096748,11573.404210945891,10666.64867634745,10666.64867634745,242.60165337865834,242.60165337865834,242.60165337865834,128.192119956552,128.192119956552,128.192119956552,114.40953342210629,114.40953342210629,114.40953342210629,0.0,0.0,0.0,10909.250329726108
2018-11-13,10668.07956679788,10206.071518083769,11648.398969527138,10668.07956679788,10668.07956679788,249.1644529856742,249.1644529856742,249.1644529856742,131.1908959692465,131.1908959692465,131.1908959692465,117.97355701642772,117.97355701642772,117.97355701642772,0.0,0.0,0.0,10917.244019783555
2018-11-14,10669.510457248309,10191.765479507356,11630.850400767526,10669.510457248309,10669.510457248309,253.3203733149819,253.3203733149819,253.3203733149819,130.40851066585356,130.40851066585356,130.40851066585356,122.91186264912837,122.91186264912837,122.91186264912837,0.0,0.0,0.0,10922.83083056329
2018-11-15,10670.941347698736,10252.892501339982,11705.697434303573,10670.941347698736,10670.941347698736,261.3853087491433,261.3853087491433,261.3853087491433,132.16746761317958,132.16746761317958,132.16746761317958,129.2178411359637,129.2178411359637,129.2178411359637,0.0,0.0,0.0,10932.326656447878
2018-11-16,10672.372238149166,10195.301486329092,11621.991836280586,10672.372238149166,10672.372238149166,256.3545297511623,256.3545297511623,256.3545297511623,119.50192119382086,119.50192119382086,119.50192119382086,136.8526085573415,136.8526085573415,136.8526085573415,0.0,0.0,0.0,10928.726767900329
2018-11-19,10676.664909500452,10233.20358161851,11688.68045301913,10676.664909500452,10676.664909500452,295.0542222073307,295.0542222073307,295.0542222073307,128.19211995622618,128.19211995622618,128.19211995622618,166.86210225110455,166.86210225110455,166.86210225110455,0.0,0.0,0.0,10971.719131707783
2018-11-20,10678.095799950881,10257.878537758756,11675.757820210743,10678.095799950881,10678.095799950881,309.9857725632115,309.9857725632115,309.9857725632115,131.19089596864367,131.19089596864367,131.19089596864367,178.79487659456782,178.79487659456782,178.79487659456782,0.0,0.0,0.0,10988.081572514093
2018-11-21,10679.52669040131,10312.816270383262,11717.047925806353,10679.52669040131,10679.52669040131,321.8156308066546,321.8156308066546,321.8156308066546,130.4085106654969,130.4085106654969,130.4085106654969,191.40712014115775,191.40712014115775,191.40712014115775,0.0,0.0,0.0,11001.342321207965
2018-11-22,10680.957580851738,10247.354264575786,11696.312446286724,10680.957580851738,10680.957580851738,336.66295624687467,336.66295624687467,336.66295624687467,132.16746761270966,132.16746761270966,132.16746761270966,204.495488634165,204.495488634165,204.495488634165,0.0,0.0,0.0,11017.620537098614
2018-11-26,10686.681142653455,10364.640817985377,11787.062890803223,10686.681142653455,10686.681142653455,385.30840796684805,385.30840796684805,385.30840796684805,128.19211995590035,128.19211995590035,128.19211995590035,257.1162880109477,257.1162880109477,257.1162880109477,0.0,0.0,0.0,11071.989550620303
2018-11-27,10688.112033103884,10371.347771211931,11794.587112503617,10688.112033103884,10688.112033103884,400.3733132847654,400.3733132847654,400.3733132847654,131.1908959693526,131.1908959693526,131.1908959693526,269.1824173154128,269.1824173154128,269.1824173154128,0.0,0.0,0.0,11088.485346388648
2018-11-28,10689.542923554312,10392.01620919135,11861.257864969744,10689.542923554312,10689.542923554312,410.7770083675149,410.7770083675149,410.7770083675149,130.40851066551676,130.40851066551676,130.40851066551676,280.3684977019982,280.3684977019982,280.3684977019982,0.0,0.0,0.0,11100.319931921827
2018-11-29,10690.973814004741,10371.552571832424,11814.692796935486,10690.973814004741,10690.973814004741,422.64390574553653,422.64390574553653,422.64390574553653,132.1674676130002,132.1674676130002,132.1674676130002,290.4764381325363,290.4764381325363,290.4764381325363,0.0,0.0,0.0,11113.617719750278
2018-11-30,10692.404704455172,10364.60429801366,11822.662703958347,10692.404704455172,10692.404704455172,418.8318297327217,418.8318297327217,418.8318297327217,119.50192119494389,119.50192119494389,119.50192119494389,299.3299085377778,299.3299085377778,299.3299085377778,0.0,0.0,0.0,11111.236534187894
2018-12-03,10696.697375806458,10444.64240879509,11951.258458166003,10696.697375806458,10696.697375806458,445.2036686228069,445.2036686228069,445.2036686228069,128.19211995639003,128.19211995639003,128.19211995639003,317.0115486664169,317.0115486664169,317.0115486664169,0.0,0.0,0.0,11141.901044429265
2018-12-04,10698.128266256886,10443.083903794759,11908.42050134235,10698.128266256886,10698.128266256886,450.84490394225185,450.84490394225185,450.84490394225185,131.19089596843202,131.19089596843202,131.19089596843202,319.65400797381983,319.65400797381983,319.65400797381983,0.0,0.0,0.0,11148.973170199139
2018-12-05,10699.559156707315,10455.85758206676,11843.9458366243,10699.559156707315,10699.559156707315,451.01980857250527,451.01980857250527,451.01980857250527,130.40851066569752,130.40851066569752,130.40851066569752,320.61129790680775,320.61129790680775,320.61129790680775,0.0,0.0,0.0,11150.578965279821
2018-12-06,10700.990047157744,10446.89288416398,11906.707650107728,10700.990047157744,10700.990047157744,452.0688278105854,452.0688278105854,452.0688278105854,132.16746761297821,132.16746761297821,132.16746761297821,319.9013601976072,319.9013601976072,319.9013601976072,0.0,0.0,0.0,11153.05887496833
2018-12-07,10702.420937608173,10330.619885937156,11843.288589849075,10702.420937608173,10702.420937608173,437.07924692232234,437.07924692232234,437.07924692232234,119.50192119464027,119.50192119464027,119.50192119464027,317.577325727682,317.577325727682,317.577325727682,0.0,0.0,0.0,11139.500184530494
2018-12-10,10706.71360895946,10422.349424095266,11866.392560785976,10706.71360895946,10706.71360895946,430.13201475208865,430.13201475208865,430.13201475208865,128.19211995606418,128.19211995606418,128.19211995606418,301.93989479602453,301.93989479602453,301.93989479602453,0.0,0.0,0.0,11136.84562371155
2018-12-11,10708.144499409887,10412.76100384128,11834.858093002855,10708.144499409887,10708.144499409887,425.5112710385997,425.5112710385997,425.5112710385997,131.19089596882324,131.19089596882324,131.19089596882324,294.32037506977645,294.32037506977645,294.32037506977645,0.0,0.0,0.0,11133.655770448488
2018-12-12,10709.575389860316,10381.64829283824,11870.14422040201,10709.575389860316,10709.575389860316,416.203514761237,416.203514761237,416.203514761237,130.4085106658783,130.4085106658783,130.4085106658783,285.7950040953587,285.7950040953587,285.7950040953587,0.0,0.0,0.0,11125.778904621553
2018-12-13,10711.006280310747,10357.072129810751,11827.387282309779,10711.006280310747,10711.006280310747,408.73409434728154,408.73409434728154,408.73409434728154,132.1674676132688,132.1674676132688,132.1674676132688,276.5666267340127,276.5666267340127,276.5666267340127,0.0,0.0,0.0,11119.740374658028
2018-12-14,10712.437170761175,10406.164659819486,11830.859561551484,10712.437170761175,10712.437170761175,386.3487650535465,386.3487650535465,386.3487650535465,119.50192119516313,119.50192119516313,119.50192119516313,266.84684385838335,266.84684385838335,266.84684385838335,0.0,0.0,0.0,11098.785935814722
2018-12-17,10716.729842112461,10388.013896534327,11850.21804421626,10716.729842112461,10716.729842112461,365.060705423272,365.060705423272,365.060705423272,128.19211995655382,128.19211995655382,128.19211995655382,236.86858546671817,236.86858546671817,236.86858546671817,0.0,0.0,0.0,11081.790547535733
2018-12-18,10718.16073256289,10355.481174592855,11776.057287203403,10718.16073256289,10718.16073256289,358.469245375287,358.469245375287,358.469245375287,131.19089596855855,131.19089596855855,131.19089596855855,227.27834940672847,227.27834940672847,227.27834940672847,0.0,0.0,0.0,11076.629977938177
2018-12-19,10719.591623013319,10309.594558554141,11769.286263412527,10719.591623013319,10719.591623013319,348.6001234057633,348.6001234057633,348.6001234057633,130.40851066536072,130.40851066536072,130.40851066536072,218.19161274040263,218.19161274040263,218.19161274040263,0.0,0.0,0.0,11068.191746419083
2018-12-20,10721.02251346375,10330.641647332757,11761.458838220144,10721.02251346375,10721.02251346375,341.92606084833136,341.92606084833136,341.92606084833136,132.16746761311146,132.16746761311146,132.16746761311146,209.75859323521996,209.75859323521996,209.75859323521996,0.0,0.0,0.0,11062.94857431208
2018-12-21,10722.453403914176,10330.244305971972,11740.65002581074,10722.453403914176,10722.453403914176,321.6052109083871,321.6052109083871,321.6052109083871,119.5019211948337,119.5019211948337,119.5019211948337,202.10328971355338,202.10328971355338,202.10328971355338,0.0,0.0,0.0,11044.058614822563
2018-12-24,10726.746075265462,10284.382689542459,11753.359127142701,10726.746075265462,10726.746075265462,312.78635423044034,312.78635423044034,312.78635423044034,128.19211995575463,128.19211995575463,128.19211995575463,184.59423427468568,184.59423427468568,184.59423427468568,0.0,0.0,0.0,11039.532429495903
2018-12-26,10729.60785616632,10294.571036758682,11746.836361902924,10729.60785616632,10729.60785616632,308.1046958601142,308.1046958601142,308.1046958601142,130.40851066607897,130.40851066607897,130.40851066607897,177.69618519403522,177.69618519403522,177.69618519403522,0.0,0.0,0.0,11037.712552026434
2018-12-27,10736.425485337944,10257.02925903376,11766.972464909526,10736.425485337944,10736.425485337944,307.74583630442334,307.74583630442334,307.74583630442334,132.16746761308943,132.16746761308943,132.16746761308943,175.57836869133388,175.57836869133388,175.57836869133388,0.0,0.0,0.0,11044.171321642367
2018-12-28,10743.243114509563,10280.925695136151,11778.549623407647,10743.243114509563,10743.243114509563,293.73450786127535,293.73450786127535,293.73450786127535,119.50192119455588,119.50192119455588,119.50192119455588,174.23258666671947,174.23258666671947,174.23258666671947,0.0,0.0,0.0,11036.97762237084
2018-12-31,10763.69600202443,10351.987659380036,11745.22056562056,10763.69600202443,10763.69600202443,301.7226034201538,301.7226034201538,301.7226034201538,128.19211995607327,128.19211995607327,128.19211995607327,173.53048346408056,173.53048346408056,173.53048346408056,0.0,0.0,0.0,11065.418605444584
2019-01-02,10777.331260367675,10350.344854959323,11841.636524280935,10777.331260367675,10777.331260367675,304.6512820487983,304.6512820487983,304.6512820487983,130.40851066572228,130.40851066572228,130.40851066572228,174.242771383076,174.242771383076,174.242771383076,0.0,0.0,0.0,11081.982542416474
2019-01-03,10784.148889539298,10349.161992931087,11823.175992048675,10784.148889539298,10784.148889539298,306.59087139932836,306.59087139932836,306.59087139932836,132.1674676126195,132.1674676126195,132.1674676126195,174.4234037867089,174.4234037867089,174.4234037867089,0.0,0.0,0.0,11090.739760938626
2019-01-04,10790.966518710919,10360.917446105259,11752.937180728875,10790.966518710919,10790.966518710919,293.7507725533032,293.7507725533032,293.7507725533032,119.50192119507871,119.50192119507871,119.50192119507871,174.24885135822447,174.24885135822447,174.24885135822447,0.0,0.0,0.0,11084.717291264222
2019-01-07,10811.419406225785,10403.829121734263,11790.555162765611,10811.419406225785,10811.419406225785,298.1596278079549,298.1596278079549,298.1596278079549,128.19211995639182,128.19211995639182,128.19211995639182,169.96750785156308,169.96750785156308,169.96750785156308,0.0,0.0,0.0,11109.579034033739
2019-01-08,10818.237035397407,10393.368799039788,11831.732090970168,10818.237035397407,10818.237035397407,298.01959625768956,298.01959625768956,298.01959625768956,131.19089596873812,131.19089596873812,131.19089596873812,166.8287002889515,166.8287002889515,166.8287002889515,0.0,0.0,0.0,11116.256631655096
2019-01-09,10825.05466456903,10407.276304256706,11801.51128313015,10825.05466456903,10825.05466456903,293.0683156068752,293.0683156068752,293.0683156068752,130.4085106659031,130.4085106659031,130.4085106659031,162.65980494097215,162.65980494097215,162.65980494097215,0.0,0.0,0.0,11118.122980175905
2019-01-10,10831.872293740651,10378.121280341993,11837.281648484231,10831.872293740651,10831.872293740651,289.5633988795421,289.5633988795421,289.5633988795421,132.16746761277477,132.16746761277477,132.16746761277477,157.39593126676735,157.39593126676735,157.39593126676735,0.0,0.0,0.0,11121.435692620193
2019-01-11,10838.689922912274,10362.780803324451,11847.752817088049,10838.689922912274,10838.689922912274,270.50343593673637,270.50343593673637,270.50343593673637,119.5019211947751,119.5019211947751,119.5019211947751,151.0015147419613,151.0015147419613,151.0015147419613,0.0,0.0,0.0,11109.19335884901
2019-01-14,10859.14281042714,10417.915497139546,11786.2186619272,10859.14281042714,10859.14281042714,253.3252317672446,253.3252317672446,253.3252317672446,128.19211995671043,128.19211995671043,128.19211995671043,125.13311181053416,125.13311181053416,125.13311181053416,0.0,0.0,0.0,11112.468042194385
2019-01-15,10865.960439598763,10370.244978170454,11831.468894296764,10865.960439598763,10865.960439598763,245.65326686826742,245.65326686826742,245.65326686826742,131.19089596944704,131.19089596944704,131.19089596944704,114.4623708988204,114.4623708988204,114.4623708988204,0.0,0.0,0.0,11111.61370646703
2019-01-16,10872.778068770383,10401.578272447103,11848.859017895491,10872.778068770383,10872.778068770383,233.33455910289527,233.33455910289527,233.33455910289527,130.40851066538548,130.40851066538548,130.40851066538548,102.92604843750976,102.92604843750976,102.92604843750976,0.0,0.0,0.0,11106.112627873279
2019-01-17,10879.595697942006,10378.984397179023,11803.102125732305,10879.595697942006,10879.595697942006,222.82192223445935,222.82192223445935,222.82192223445935,132.16746761275274,132.16746761275274,132.16746761275274,90.65445462170659,90.65445462170659,90.65445462170659,0.0,0.0,0.0,11102.417620176466
2019-01-18,10886.413327113629,10351.898125114094,11818.673523544014,10886.413327113629,10886.413327113629,197.29830436160978,197.29830436160978,197.29830436160978,119.50192119447146,119.50192119447146,119.50192119447146,77.79638316713832,77.79638316713832,77.79638316713832,0.0,0.0,0.0,11083.711631475238
2019-01-21,10906.866214628495,10345.644331894107,11801.790139516663,10906.866214628495,10906.866214628495,165.56662840787018,165.56662840787018,165.56662840787018,128.19211995591124,128.19211995591124,128.19211995591124,37.37450845195896,37.37450845195896,37.37450845195896,0.0,0.0,0.0,11072.432843036366
2019-01-22,10913.683843800116,10337.677327247153,11771.592566636798,10913.683843800116,10913.683843800116,155.05928530109418,155.05928530109418,155.05928530109418,131.19089596918235,131.19089596918235,131.19089596918235,23.868389331911814,23.868389331911814,23.868389331911814,0.0,0.0,0.0,11068.74312910121
2019-01-23,10920.501472971739,10336.59099830567,11771.57390861565,10920.501472971739,10920.501472971739,141.04195194341833,141.04195194341833,141.04195194341833,130.4085106650288,130.4085106650288,130.4085106650288,10.633441278389508,10.633441278389508,10.633441278389508,0.0,0.0,0.0,11061.543424915157
2019-01-24,10927.319102143361,10381.58057641338,11806.177056389819,10927.319102143361,10927.319102143361,129.99603080060544,129.99603080060544,129.99603080060544,132.1674676130433,132.1674676130433,132.1674676130433,-2.171436812437852,-2.171436812437852,-2.171436812437852,0.0,0.0,0.0,11057.315132943966
2019-01-25,10934.136731314982,10328.925605437915,11709.601546026926,10934.136731314982,10934.136731314982,105.09887528889591,105.09887528889591,105.09887528889591,119.50192119416786,119.50192119416786,119.50192119416786,-14.40304590527194,-14.40304590527194,-14.40304590527194,0.0,0.0,0.0,11039.235606603877
2019-01-28,10954.589618829848,10317.530578757967,11738.104601791896,10954.589618829848,10954.589618829848,81.64393346221755,81.64393346221755,81.64393346221755,128.19211995622985,128.19211995622985,128.19211995622985,-46.54818649401232,-46.54818649401232,-46.54818649401232,0.0,0.0,0.0,11036.233552292066
2019-01-29,10961.407248001471,10342.1956805849,11727.81050297302,10961.407248001471,10961.407248001471,75.68368320036647,75.68368320036647,75.68368320036647,131.19089596891763,131.19089596891763,131.19089596891763,-55.50721276855115,-55.50721276855115,-55.50721276855115,0.0,0.0,0.0,11037.090931201838
2019-01-30,10968.224877173094,10248.431164839205,11725.534488086789,10968.224877173094,10968.224877173094,66.86640626238336,66.86640626238336,66.86640626238336,130.4085106661236,130.4085106661236,130.4085106661236,-63.542104403740225,-63.542104403740225,-63.542104403740225,0.0,0.0,0.0,11035.091283435477
2019-01-31,10975.042506344715,10283.682986185187,11743.99496881262,10975.042506344715,10975.042506344715,61.49534179775312,61.49534179775312,61.49534179775312,132.1674676125734,132.1674676125734,132.1674676125734,-70.67212581482026,-70.67212581482026,-70.67212581482026,0.0,0.0,0.0,11036.537848142469
2019-02-01,10981.860135516337,10321.74683175485,11772.241218436266,10981.860135516337,10981.860135516337,42.553803972683355,42.553803972683355,42.553803972683355,119.50192119469067,119.50192119469067,119.50192119469067,-76.94811722200733,-76.94811722200733,-76.94811722200733,0.0,0.0,0.0,11024.41393948902
2019-02-04,11002.313023031204,10292.466335487788,11695.411659396743,11002.313023031204,11002.313023031204,36.58348476628336,36.58348476628336,36.58348476628336,128.19211995590408,128.19211995590408,128.19211995590408,-91.6086351896207,-91.6086351896207,-91.6086351896207,0.0,0.0,0.0,11038.896507797486
2019-02-05,11009.130652202826,10347.278749638761,11777.532575566267,11009.130652202826,11009.130652202826,35.63209329776868,35.63209329776868,35.63209329776868,131.19089596865294,131.19089596865294,131.19089596865294,-95.55880267088428,-95.55880267088428,-95.55880267088428,0.0,0.0,0.0,11044.762745500595
2019-02-06,11015.948281374449,10314.957586379356,11780.976359120492,11015.948281374449,11015.948281374449,31.086122350505352,31.086122350505352,31.086122350505352,130.40851066614343,130.40851066614343,130.40851066614343,-99.32238831563808,-99.32238831563808,-99.32238831563808,0.0,0.0,0.0,11047.034403724954
2019-02-07,11022.76591054607,10283.95178202836,11788.52506377394,11022.76591054607,11022.76591054607,29.074170894055076,29.074170894055076,29.074170894055076,132.16746761286396,132.16746761286396,132.16746761286396,-103.0932967188089,-103.0932967188089,-103.0932967188089,0.0,0.0,0.0,11051.840081440125
2019-02-08,11029.583539717692,10310.822150529691,11793.767162156966,11029.583539717692,11029.583539717692,12.42643335770512,12.42643335770512,12.42643335770512,119.50192119438708,119.50192119438708,119.50192119438708,-107.07548783668196,-107.07548783668196,-107.07548783668196,0.0,0.0,0.0,11042.009973075397
2019-02-11,11050.036427232559,10293.809891086255,11769.169658425648,11050.036427232559,11050.036427232559,5.819306818040971,5.819306818040971,5.819306818040971,128.19211995639367,128.19211995639367,128.19211995639367,-122.37281313835271,-122.37281313835271,-122.37281313835271,0.0,0.0,0.0,11055.8557340506
2019-02-12,11056.854056404181,10372.233492741918,11745.418740735655,11056.854056404181,11056.854056404181,1.9296626810004354,1.9296626810004354,1.9296626810004354,131.19089596936192,131.19089596936192,131.19089596936192,-129.26123328836147,-129.26123328836147,-129.26123328836147,0.0,0.0,0.0,11058.783719085182
2019-02-14,11070.489314747425,10364.575683338307,11798.711780321235,11070.489314747425,11070.489314747425,-14.634325469106392,-14.634325469106392,-14.634325469106392,132.16746761284193,132.16746761284193,132.16746761284193,-146.80179308194832,-146.80179308194832,-146.80179308194832,0.0,0.0,0.0,11055.85498927832
2019-02-15,11077.306943919046,10349.095445254596,11777.5297588414,11077.306943919046,11077.306943919046,-38.24277531368828,-38.24277531368828,-38.24277531368828,119.50192119405767,119.50192119405767,119.50192119405767,-157.74469650774594,-157.74469650774594,-157.74469650774594,0.0,0.0,0.0,11039.064168605357
2019-02-18,11097.759831433912,10301.087930024716,11741.42655763969,11097.759831433912,11097.759831433912,-72.24669862005955,-72.24669862005955,-72.24669862005955,128.19211995606787,128.19211995606787,128.19211995606787,-200.4388185761274,-200.4388185761274,-200.4388185761274,0.0,0.0,0.0,11025.513132813852
2019-02-19,11104.577460605535,10319.845385142085,11710.074026330592,11104.577460605535,11104.577460605535,-86.91237346461047,-86.91237346461047,-86.91237346461047,131.19089596909714,131.19089596909714,131.19089596909714,-218.10326943370762,-218.10326943370762,-218.10326943370762,0.0,0.0,0.0,11017.665087140924
2019-02-20,11111.395089777156,10323.902040168592,11729.953867910364,11111.395089777156,11111.395089777156,-107.06447963991556,-107.06447963991556,-107.06447963991556,130.4085106654301,130.4085106654301,130.4085106654301,-237.47299030534566,-237.47299030534566,-237.47299030534566,0.0,0.0,0.0,11004.33061013724
2019-02-21,11118.212718948778,10328.469691986744,11699.432526484337,11118.212718948778,11118.212718948778,-126.32305999296764,-126.32305999296764,-126.32305999296764,132.16746761281993,132.16746761281993,132.16746761281993,-258.4905276057876,-258.4905276057876,-258.4905276057876,0.0,0.0,0.0,10991.88965895581
2019-02-22,11125.030348120401,10194.436070263435,11650.82027569403,11125.030348120401,11125.030348120401,-161.56377928285454,-161.56377928285454,-161.56377928285454,119.50192119463209,119.50192119463209,119.50192119463209,-281.06570047748664,-281.06570047748664,-281.06570047748664,0.0,0.0,0.0,10963.466568837546
2019-02-25,11145.483235635267,10181.618494362008,11623.244938555099,11145.483235635267,11145.483235635267,-228.59323634874323,-228.59323634874323,-228.59323634874323,128.19211995638645,128.19211995638645,128.19211995638645,-356.78535630512965,-356.78535630512965,-356.78535630512965,0.0,0.0,0.0,10916.889999286524
2019-02-26,11152.300864806888,10201.17854134514,11653.302923071295,11152.300864806888,11152.300864806888,-252.91801249912868,-252.91801249912868,-252.91801249912868,131.19089596948842,131.19089596948842,131.19089596948842,-384.1089084686171,-384.1089084686171,-384.1089084686171,0.0,0.0,0.0,10899.38285230776
2019-02-27,11159.11849397851,10124.45311624463,11579.069244296103,11159.11849397851,11159.11849397851,-281.72215169697,-281.72215169697,-281.72215169697,130.40851066544997,130.40851066544997,130.40851066544997,-412.13066236241997,-412.13066236241997,-412.13066236241997,0.0,0.0,0.0,10877.396342281541
2019-02-28,11165.936123150133,10161.34059938962,11592.727026269427,11165.936123150133,11165.936123150133,-308.45348005601466,-308.45348005601466,-308.45348005601466,132.1674676126626,132.1674676126626,132.1674676126626,-440.6209476686773,-440.6209476686773,-440.6209476686773,0.0,0.0,0.0,10857.48264309412
2019-03-01,11172.753752321754,10120.689924222987,11592.91893360624,11172.753752321754,11172.753752321754,-349.83857009002867,-349.83857009002867,-349.83857009002867,119.50192119430268,119.50192119430268,119.50192119430268,-469.34049128433134,-469.34049128433134,-469.34049128433134,0.0,0.0,0.0,10822.915182231725
2019-03-05,11200.024269008241,10032.387710751555,11438.513202859362,11200.024269008241,11200.024269008241,-450.447886224582,-450.447886224582,-450.447886224582,131.19089596854738,131.19089596854738,131.19089596854738,-581.6387821931294,-581.6387821931294,-581.6387821931294,0.0,0.0,0.0,10749.57638278366
2019-03-06,11206.841898179866,10017.222321958037,11434.83370770255,11206.841898179866,11206.841898179866,-477.47982209867945,-477.47982209867945,-477.47982209867945,130.40851066563073,130.40851066563073,130.40851066563073,-607.8883327643101,-607.8883327643101,-607.8883327643101,0.0,0.0,0.0,10729.362076081186
2019-03-07,11213.659527351487,10016.92931494782,11433.56719558195,11213.659527351487,11213.659527351487,-500.8054038109816,-500.8054038109816,-500.8054038109816,132.16746761295317,132.16746761295317,132.16746761295317,-632.9728714239347,-632.9728714239347,-632.9728714239347,0.0,0.0,0.0,10712.854123540505
2019-03-08,11220.47715652311,9941.245675845897,11370.144048489969,11220.47715652311,11220.47715652311,-537.2008219647777,-537.2008219647777,-537.2008219647777,119.50192119399905,119.50192119399905,119.50192119399905,-656.7027431587767,-656.7027431587767,-656.7027431587767,0.0,0.0,0.0,10683.276334558332
2019-03-11,11240.930044037976,9956.697265484245,11334.459695878822,11240.930044037976,11240.930044037976,-589.9883609545169,-589.9883609545169,-589.9883609545169,128.19211995655024,128.19211995655024,128.19211995655024,-718.1804809110671,-718.1804809110671,-718.1804809110671,0.0,0.0,0.0,10650.941683083458
2019-03-12,11247.747673209597,9962.442462130519,11386.701036461101,11247.747673209597,11247.747673209597,-603.8315465845244,-603.8315465845244,-603.8315465845244,131.19089596893858,131.19089596893858,131.19089596893858,-735.0224425534631,-735.0224425534631,-735.0224425534631,0.0,0.0,0.0,10643.916126625072
2019-03-13,11254.56530238122,9937.917672156726,11341.980893950524,11254.56530238122,11254.56530238122,-619.4838762800911,-619.4838762800911,-619.4838762800911,130.40851066581155,130.40851066581155,130.40851066581155,-749.8923869459026,-749.8923869459026,-749.8923869459026,0.0,0.0,0.0,10635.081426101127
2019-03-14,11261.38293155284,9906.817360288642,11373.481867207254,11261.38293155284,11261.38293155284,-630.5708939889615,-630.5708939889615,-630.5708939889615,132.16746761324373,132.16746761324373,132.16746761324373,-762.7383616022053,-762.7383616022053,-762.7383616022053,0.0,0.0,0.0,10630.81203756388
2019-03-15,11268.200560724465,9865.467168607918,11311.482453569663,11268.200560724465,11268.200560724465,-654.0297007348433,-654.0297007348433,-654.0297007348433,119.50192119539994,119.50192119539994,119.50192119539994,-773.5316219302433,-773.5316219302433,-773.5316219302433,0.0,0.0,0.0,10614.170859989621
2019-03-18,11288.653448239329,9873.254970212805,11375.28938834929,11288.653448239329,11288.653448239329,-665.436876742904,-665.436876742904,-665.436876742904,128.19211995622445,128.19211995622445,128.19211995622445,-793.6289966991285,-793.6289966991285,-793.6289966991285,0.0,0.0,0.0,10623.216571496425
2019-03-19,11295.471077410952,9930.564461561278,11339.41092355742,11295.471077410952,11295.471077410952,-665.1497245382488,-665.1497245382488,-665.1497245382488,131.1908959686739,131.1908959686739,131.1908959686739,-796.3406205069227,-796.3406205069227,-796.3406205069227,0.0,0.0,0.0,10630.321352872703
2019-03-20,11302.288706582573,9849.52444601473,11311.68052425831,11302.288706582573,11302.288706582573,-666.7441037336386,-666.7441037336386,-666.7441037336386,130.40851066545488,130.40851066545488,130.40851066545488,-797.1526143990935,-797.1526143990935,-797.1526143990935,0.0,0.0,0.0,10635.544602848933
2019-03-22,11315.923964925818,9909.151642881825,11368.50587478915,11315.923964925818,11315.923964925818,-673.8922029612286,-673.8922029612286,-673.8922029612286,119.50192119509629,119.50192119509629,119.50192119509629,-793.3941241563249,-793.3941241563249,-793.3941241563249,0.0,0.0,0.0,10642.03176196459
2019-03-25,11336.376852440684,10000.086257045079,11404.654469459914,11336.376852440684,11336.376852440684,-647.5244403710714,-647.5244403710714,-647.5244403710714,128.19211995589865,128.19211995589865,128.19211995589865,-775.71656032697,-775.71656032697,-775.71656032697,0.0,0.0,0.0,10688.852412069613
2019-03-26,11343.194481612305,10005.728359219445,11425.580678336208,11343.194481612305,11343.194481612305,-635.8406003218594,-635.8406003218594,-635.8406003218594,131.19089596938284,131.19089596938284,131.19089596938284,-767.0314962912421,-767.0314962912421,-767.0314962912421,0.0,0.0,0.0,10707.353881290446
2019-03-27,11350.012110783928,10024.056935053364,11459.432816004633,11350.012110783928,11350.012110783928,-626.7253711194322,-626.7253711194322,-626.7253711194322,130.40851066601218,130.40851066601218,130.40851066601218,-757.1338817854445,-757.1338817854445,-757.1338817854445,0.0,0.0,0.0,10723.286739664496
2019-03-28,11349.929803282246,9999.672475887952,11413.833625920313,11349.929803282246,11349.929803282246,-613.9684962055007,-613.9684962055007,-613.9684962055007,132.1674676130644,132.1674676130644,132.1674676130644,-746.1359638185652,-746.1359638185652,-746.1359638185652,0.0,0.0,0.0,10735.961307076745
2019-04-01,11349.600573275522,10051.561747808391,11476.664893622887,11349.600573275522,11349.600573275522,-565.193140104375,-565.193140104375,-565.193140104375,128.19211995591493,128.19211995591493,128.19211995591493,-693.38526006029,-693.38526006029,-693.38526006029,0.0,0.0,0.0,10784.407433171147
2019-04-02,11349.518265773842,10051.385357586538,11522.300570447824,11349.518265773842,11349.518265773842,-547.3741534647666,-547.3741534647666,-547.3741534647666,131.19089596911812,131.19089596911812,131.19089596911812,-678.5650494338846,-678.5650494338846,-678.5650494338846,0.0,0.0,0.0,10802.144112309075
2019-04-03,11349.43595827216,10089.970247169531,11534.665651114808,11349.43595827216,11349.43595827216,-532.904819738265,-532.904819738265,-532.904819738265,130.4085106656555,130.4085106656555,130.4085106656555,-663.3133304039205,-663.3133304039205,-663.3133304039205,0.0,0.0,0.0,10816.531138533896
2019-04-04,11349.353650770481,10129.000139932374,11554.536860426098,11349.353650770481,11349.353650770481,-515.5732732909332,-515.5732732909332,-515.5732732909332,132.16746761304236,132.16746761304236,132.16746761304236,-647.7407409039756,-647.7407409039756,-647.7407409039756,0.0,0.0,0.0,10833.780377479548
2019-04-05,11349.2713432688,10139.05510831835,11580.662835787885,11349.2713432688,11349.2713432688,-512.4563835354481,-512.4563835354481,-512.4563835354481,119.50192119448907,119.50192119448907,119.50192119448907,-631.9583047299371,-631.9583047299371,-631.9583047299371,0.0,0.0,0.0,10836.814959733352
2019-04-08,11349.024420763757,10163.501607036615,11582.05609503922,11349.024420763757,11349.024420763757,-456.2802041492243,-456.2802041492243,-456.2802041492243,128.19211995687792,128.19211995687792,128.19211995687792,-584.4723241061022,-584.4723241061022,-584.4723241061022,0.0,0.0,0.0,10892.744216614532
2019-04-09,11348.942113262077,10203.09077965566,11694.795407409314,11348.942113262077,11348.942113262077,-437.78368661653417,-437.78368661653417,-437.78368661653417,131.19089596885348,131.19089596885348,131.19089596885348,-568.9745825853876,-568.9745825853876,-568.9745825853876,0.0,0.0,0.0,10911.158426645543
2019-04-10,11348.859805760396,10223.071266651328,11658.406016881372,11348.859805760396,11348.859805760396,-423.42349870737166,-423.42349870737166,-423.42349870737166,130.40851066583633,130.40851066583633,130.40851066583633,-553.8320093732079,-553.8320093732079,-553.8320093732079,0.0,0.0,0.0,10925.436307053023
2019-04-11,11348.777498258714,10211.402678147751,11651.401190710947,11348.777498258714,11348.777498258714,-406.9906053888262,-406.9906053888262,-406.9906053888262,132.16746761333295,132.16746761333295,132.16746761333295,-539.1580730021592,-539.1580730021592,-539.1580730021592,0.0,0.0,0.0,10941.786892869888
2019-04-12,11348.695190757035,10237.636442157373,11681.715310185195,11348.695190757035,11348.695190757035,-405.5629290652527,-405.5629290652527,-405.5629290652527,119.50192119501192,119.50192119501192,119.50192119501192,-525.0648502602646,-525.0648502602646,-525.0648502602646,0.0,0.0,0.0,10943.132261691782
2019-04-15,11348.448268251992,10238.672291128803,11646.96035156469,11348.448268251992,11348.448268251992,-359.1511223078857,-359.1511223078857,-359.1511223078857,128.19211995655212,128.19211995655212,128.19211995655212,-487.34324226443783,-487.34324226443783,-487.34324226443783,0.0,0.0,0.0,10989.297145944107
2019-04-16,11348.36596075031,10262.544318364204,11727.928967774062,11348.36596075031,11348.36596075031,-345.4292587638116,-345.4292587638116,-345.4292587638116,131.19089596858876,131.19089596858876,131.19089596858876,-476.62015473240035,-476.62015473240035,-476.62015473240035,0.0,0.0,0.0,11002.936701986499
2019-04-18,11348.20134574695,10297.372768093564,11791.270594479096,11348.20134574695,11348.20134574695,-326.2930693151635,-326.2930693151635,-326.2930693151635,132.16746761272768,132.16746761272768,132.16746761272768,-458.46053692789116,-458.46053692789116,-458.46053692789116,0.0,0.0,0.0,11021.908276431786
2019-04-22,11347.872115740227,10288.587666615715,11720.438263402964,11347.872115740227,11347.872115740227,-308.5963256282258,-308.5963256282258,-308.5963256282258,128.19211995575293,128.19211995575293,128.19211995575293,-436.7884455839787,-436.7884455839787,-436.7884455839787,0.0,0.0,0.0,11039.275790112
2019-04-23,11347.789808238545,10344.475875290243,11763.4640372653,11347.789808238545,11347.789808238545,-303.3475050701631,-303.3475050701631,-303.3475050701631,131.19089596929769,131.19089596929769,131.19089596929769,-434.5384010394608,-434.5384010394608,-434.5384010394608,0.0,0.0,0.0,11044.442303168382
2019-04-24,11347.707500736864,10328.678203267282,11728.05103249757,11347.707500736864,11347.707500736864,-303.10819501646955,-303.10819501646955,-303.10819501646955,130.40851066549948,130.40851066549948,130.40851066549948,-433.51670568196903,-433.51670568196903,-433.51670568196903,0.0,0.0,0.0,11044.599305720394
2019-04-25,11347.625193235184,10310.493464822355,11769.013222112904,11347.625193235184,11347.625193235184,-301.49850250448213,-301.49850250448213,-301.49850250448213,132.16746761301826,132.16746761301826,132.16746761301826,-433.66597011750036,-433.66597011750036,-433.66597011750036,0.0,0.0,0.0,11046.126690730702
2019-04-26,11347.542885733503,10306.236842776274,11671.580603073071,11347.542885733503,11347.542885733503,-315.4044512641598,-315.4044512641598,-315.4044512641598,119.50192119440466,119.50192119440466,119.50192119440466,-434.9063724585644,-434.9063724585644,-434.9063724585644,0.0,0.0,0.0,11032.138434469343
2019-04-30,11347.21365572678,10334.04348985854,11738.276188666432,11347.21365572678,11347.21365572678,-317.23521930216384,-317.23521930216384,-317.23521930216384,131.1908959683771,131.1908959683771,131.1908959683771,-448.4261152705409,-448.4261152705409,-448.4261152705409,0.0,0.0,0.0,11029.978436424617
2019-05-02,11347.049040723417,10312.137450926612,11745.804499670976,11347.049040723417,11347.049040723417,-325.9703586624558,-325.9703586624558,-325.9703586624558,132.16746761268362,132.16746761268362,132.16746761268362,-458.1378262751394,-458.1378262751394,-458.1378262751394,0.0,0.0,0.0,11021.078682060961
2019-05-03,11346.966733221738,10257.379683146153,11684.708484635334,11346.966733221738,11346.966733221738,-343.5782827014732,-343.5782827014732,-343.5782827014732,119.50192119492748,119.50192119492748,119.50192119492748,-463.0802038964007,-463.0802038964007,-463.0802038964007,0.0,0.0,0.0,11003.388450520264
2019-05-06,11346.719810716693,10302.05327398884,11696.453775389007,11346.719810716693,11346.719810716693,-347.5829947913213,-347.5829947913213,-347.5829947913213,128.1921199557457,128.1921199557457,128.1921199557457,-475.775114747067,-475.775114747067,-475.775114747067,0.0,0.0,0.0,10999.136815925373
2019-05-07,11346.637503215014,10260.186763684838,11669.545226279331,11346.637503215014,11346.637503215014,-347.4184300012285,-347.4184300012285,-347.4184300012285,131.19089596876833,131.19089596876833,131.19089596876833,-478.6093259699968,-478.6093259699968,-478.6093259699968,0.0,0.0,0.0,10999.219073213784
2019-05-08,11346.555195713334,10189.677438367538,11755.59219982486,11346.555195713334,11346.555195713334,-350.01065767282887,-350.01065767282887,-350.01065767282887,130.40851066586112,130.40851066586112,130.40851066586112,-480.41916833869,-480.41916833869,-480.41916833869,0.0,0.0,0.0,10996.544538040505
2019-05-09,11346.472888211652,10279.883339592949,11733.595657864711,11346.472888211652,11346.472888211652,-348.86133542012675,-348.86133542012675,-348.86133542012675,132.1674676128389,132.1674676128389,132.1674676128389,-481.02880303296564,-481.02880303296564,-481.02880303296564,0.0,0.0,0.0,10997.611552791526
2019-05-10,11346.39058070997,10266.745592351577,11743.307204667664,11346.39058070997,11346.39058070997,-360.779212688464,-360.779212688464,-360.779212688464,119.50192119462386,119.50192119462386,119.50192119462386,-480.2811338830879,-480.2811338830879,-480.2811338830879,0.0,0.0,0.0,10985.611368021508
2019-05-13,11346.14365820493,10276.368186394227,11712.362093506448,11346.14365820493,11346.14365820493,-340.48730863456166,-340.48730863456166,-340.48730863456166,128.1921199567087,128.1921199567087,128.1921199567087,-468.6794285912703,-468.6794285912703,-468.6794285912703,0.0,0.0,0.0,11005.656349570369
2019-05-14,11346.061350703247,10288.193795098405,11758.795506925739,11346.061350703247,11346.061350703247,-330.23615833414624,-330.23615833414624,-330.23615833414624,131.19089596947725,131.19089596947725,131.19089596947725,-461.4270543036235,-461.4270543036235,-461.4270543036235,0.0,0.0,0.0,11015.8251923691
2019-05-15,11345.979043201567,10306.091995170627,11774.650412914643,11345.979043201567,11345.979043201567,-322.01818993667405,-322.01818993667405,-322.01818993667405,130.40851066571997,130.40851066571997,130.40851066571997,-452.426700602394,-452.426700602394,-452.426700602394,0.0,0.0,0.0,11023.960853264893
2019-05-16,11345.896735699886,10309.781530595574,11736.139706099108,11345.896735699886,11345.896735699886,-309.5268438584974,-309.5268438584974,-309.5268438584974,132.1674676128169,132.1674676128169,132.1674676128169,-441.6943114713143,-441.6943114713143,-441.6943114713143,0.0,0.0,0.0,11036.369891841388
2019-05-17,11345.814428198206,10290.31067292412,11836.532800194524,11345.814428198206,11345.814428198206,-309.77719395267,-309.77719395267,-309.77719395267,119.50192119429447,119.50192119429447,119.50192119429447,-429.27911514696456,-429.27911514696456,-429.27911514696456,0.0,0.0,0.0,11036.037234245536
2019-05-20,11345.567505693163,10369.92178708272,11771.309627714374,11345.567505693163,11345.567505693163,-254.7168568364171,-254.7168568364171,-254.7168568364171,128.19211995590953,128.19211995590953,128.19211995590953,-382.9089767923266,-382.9089767923266,-382.9089767923266,0.0,0.0,0.0,11090.850648856745
2019-05-21,11345.485198191482,10347.8840190956,11824.111908310888,11345.485198191482,11345.485198191482,-233.69052372467664,-233.69052372467664,-233.69052372467664,131.19089596921253,131.19089596921253,131.19089596921253,-364.8814196938892,-364.8814196938892,-364.8814196938892,0.0,0.0,0.0,11111.794674466804
2019-05-22,11345.402890689802,10379.11376885168,11869.895570061051,11345.402890689802,11345.402890689802,-215.45854470673203,-215.45854470673203,-215.45854470673203,130.4085106659008,130.4085106659008,130.4085106659008,-345.8670553726328,-345.8670553726328,-345.8670553726328,0.0,0.0,0.0,11129.944345983069
2019-05-23,11345.32058318812,10431.721881145624,11878.096836278117,11345.32058318812,11345.32058318812,-193.90778433366864,-193.90778433366864,-193.90778433366864,132.16746761279492,132.16746761279492,132.16746761279492,-326.07525194646354,-326.07525194646354,-326.07525194646354,0.0,0.0,0.0,11151.412798854451
2019-05-24,11345.238275686439,10395.40639520503,11892.301297672022,11345.238275686439,11345.238275686439,-186.227428935977,-186.227428935977,-186.227428935977,119.50192119401665,119.50192119401665,119.50192119401665,-305.72935012999363,-305.72935012999363,-305.72935012999363,0.0,0.0,0.0,11159.010846750461
2019-05-27,11344.991353181396,10520.813443339724,11954.83686004155,11344.991353181396,11344.991353181396,-115.51277274293714,-115.51277274293714,-115.51277274293714,128.1921199562281,128.1921199562281,128.1921199562281,-243.70489269916527,-243.70489269916527,-243.70489269916527,0.0,0.0,0.0,11229.47858043846
2019-05-28,11344.909045679717,10560.693686573764,11984.98518630574,11344.909045679717,11344.909045679717,-92.28763984337307,-92.28763984337307,-92.28763984337307,131.19089596960376,131.19089596960376,131.19089596960376,-223.47853581297684,-223.47853581297684,-223.47853581297684,0.0,0.0,0.0,11252.621405836344
2019-05-29,11344.826738178035,10527.98956706617,11964.357246725234,11344.826738178035,11344.826738178035,-73.43722652545185,-73.43722652545185,-73.43722652545185,130.40851066554413,130.40851066554413,130.40851066554413,-203.84573719099598,-203.84573719099598,-203.84573719099598,0.0,0.0,0.0,11271.389511652584
2019-05-30,11344.744430676355,10556.551593416467,12051.03180725702,11344.744430676355,11344.744430676355,-52.8383957545225,-52.8383957545225,-52.8383957545225,132.16746761263755,132.16746761263755,132.16746761263755,-185.00586336716006,-185.00586336716006,-185.00586336716006,0.0,0.0,0.0,11291.906034921833
2019-05-31,11344.662123174674,10559.070610707578,12025.26042864356,11344.662123174674,11344.662123174674,-47.63506088025978,-47.63506088025978,-47.63506088025978,119.50192119453948,119.50192119453948,119.50192119453948,-167.13698207479925,-167.13698207479925,-167.13698207479925,0.0,0.0,0.0,11297.027062294414
2019-06-03,11344.415200669631,10601.959252778233,12118.772356749123,11344.415200669631,11344.415200669631,7.454264961991334,7.454264961991334,7.454264961991334,128.19211995654672,128.19211995654672,128.19211995654672,-120.73785499455538,-120.73785499455538,-120.73785499455538,0.0,0.0,0.0,11351.869465631622
2019-06-04,11344.332893167952,10660.639834626978,12090.533147333674,11344.332893167952,11344.332893167952,23.209857477879435,23.209857477879435,23.209857477879435,131.19089596868315,131.19089596868315,131.19089596868315,-107.98103849080371,-107.98103849080371,-107.98103849080371,0.0,0.0,0.0,11367.54275064583
2019-06-06,11344.168278164589,10622.972575734697,12098.88858693266,11344.168278164589,11344.168278164589,45.43524517441155,45.43524517441155,45.43524517441155,132.1674676129281,132.1674676129281,132.1674676129281,-86.73222243851654,-86.73222243851654,-86.73222243851654,0.0,0.0,0.0,11389.603523339
2019-06-07,11344.085970662909,10690.163346385409,12091.974068252144,11344.085970662909,11344.085970662909,41.315354816638944,41.315354816638944,41.315354816638944,119.50192119423585,119.50192119423585,119.50192119423585,-78.18656637759692,-78.18656637759692,-78.18656637759692,0.0,0.0,0.0,11385.401325479548
2019-06-10,11343.839048157866,10674.004901136435,12101.74770759953,11343.839048157866,11343.839048157866,68.3307540884163,68.3307540884163,68.3307540884163,128.19211995639193,128.19211995639193,128.19211995639193,-59.86136586797562,-59.86136586797562,-59.86136586797562,0.0,0.0,0.0,11412.169802246282
2019-06-11,11343.756740656185,10685.184162445292,12187.768982066866,11343.756740656185,11343.756740656185,75.44571000173049,75.44571000173049,75.44571000173049,131.190895969054,131.190895969054,131.190895969054,-55.74518596732351,-55.74518596732351,-55.74518596732351,0.0,0.0,0.0,11419.202450657915
2019-06-12,11343.674433154505,10760.807414591369,12092.198848656333,11343.674433154505,11343.674433154505,78.06321040765646,78.06321040765646,78.06321040765646,130.40851066574476,130.40851066574476,130.40851066574476,-52.3453002580883,-52.3453002580883,-52.3453002580883,0.0,0.0,0.0,11421.73764356216
2019-06-13,11343.592125652824,10678.038947126162,12155.420773298196,11343.592125652824,11343.592125652824,82.6988774610647,82.6988774610647,82.6988774610647,132.1674676129061,132.1674676129061,132.1674676129061,-49.468590151841425,-49.468590151841425,-49.468590151841425,0.0,0.0,0.0,11426.291003113889
2019-06-14,11343.509818151142,10723.08860308466,12153.010459372528,11343.509818151142,11343.509818151142,72.58992704380995,72.58992704380995,72.58992704380995,119.50192119393223,119.50192119393223,119.50192119393223,-46.911994150122275,-46.911994150122275,-46.911994150122275,0.0,0.0,0.0,11416.099745194952
2019-06-17,11343.262895646101,10700.264335166044,12089.923143569653,11343.262895646101,11343.262895646101,89.09821773996269,89.09821773996269,89.09821773996269,128.19211995606614,128.19211995606614,128.19211995606614,-39.09390221610344,-39.09390221610344,-39.09390221610344,0.0,0.0,0.0,11432.361113386063
2019-06-18,11343.18058814442,10691.464004401752,12223.551802040849,11343.18058814442,11343.18058814442,95.41792419324582,95.41792419324582,95.41792419324582,131.19089596878925,131.19089596878925,131.19089596878925,-35.77297177554342,-35.77297177554342,-35.77297177554342,0.0,0.0,0.0,11438.598512337665
2019-06-19,11343.098280642738,10727.616099611445,12226.14940232739,11343.098280642738,11343.098280642738,98.61683239892636,98.61683239892636,98.61683239892636,130.4085106653881,130.4085106653881,130.4085106653881,-31.79167826646173,-31.79167826646173,-31.79167826646173,0.0,0.0,0.0,11441.715113041664
2019-06-20,11343.015973141059,10764.678080553427,12144.926025603238,11343.015973141059,11343.015973141059,105.1715958213698,105.1715958213698,105.1715958213698,132.16746761319666,132.16746761319666,132.16746761319666,-26.995871791826843,-26.995871791826843,-26.995871791826843,0.0,0.0,0.0,11448.187568962428
2019-06-21,11342.933665639377,10686.187411662939,12159.74254694732,11342.933665639377,11342.933665639377,98.2465468630466,98.2465468630466,98.2465468630466,119.50192119448086,119.50192119448086,119.50192119448086,-21.25537433143426,-21.25537433143426,-21.25537433143426,0.0,0.0,0.0,11441.180212502424
2019-06-24,11342.686743134334,10739.332966699483,12221.54878260495,11342.686743134334,11342.686743134334,130.707132344385,130.707132344385,130.707132344385,128.19211995638472,128.19211995638472,128.19211995638472,2.5150123880002786,2.5150123880002786,2.5150123880002786,0.0,0.0,0.0,11473.39387547872
2019-06-25,11342.604435632655,10759.940250718308,12207.942776320457,11342.604435632655,11342.604435632655,143.95203580565524,143.95203580565524,143.95203580565524,131.19089596918047,131.19089596918047,131.19089596918047,12.76113983647478,12.76113983647478,12.76113983647478,0.0,0.0,0.0,11486.55647143831
2019-06-26,11342.522128130971,10780.024327536217,12224.950994876124,11342.522128130971,11342.522128130971,154.56697180818003,154.56697180818003,154.56697180818003,130.40851066594539,130.40851066594539,130.40851066594539,24.158461142234618,24.158461142234618,24.158461142234618,0.0,0.0,0.0,11497.089099939152
2019-06-27,11342.439820629292,10751.110718139642,12260.3700241455,11342.439820629292,11342.439820629292,168.82082494316862,168.82082494316862,168.82082494316862,132.16746761272674,132.16746761272674,132.16746761272674,36.65335733044189,36.65335733044189,36.65335733044189,0.0,0.0,0.0,11511.26064557246
2019-06-28,11342.357514301788,10801.01421962016,12268.900543891412,11342.357514301788,11342.357514301788,169.66424043564186,169.66424043564186,169.66424043564186,119.5019211950295,119.5019211950295,119.5019211950295,50.162319240612355,50.162319240612355,50.162319240612355,0.0,0.0,0.0,11512.02175473743
2019-07-01,11342.110595319273,10834.002626208206,12273.670517680262,11342.110595319273,11342.110595319273,223.73494084796786,223.73494084796786,223.73494084796786,128.19211995605895,128.19211995605895,128.19211995605895,95.54282089190895,95.54282089190895,95.54282089190895,0.0,0.0,0.0,11565.84553616724
2019-07-02,11342.028288991767,10864.611089490174,12312.255055643338,11342.028288991767,11342.028288991767,242.95962082962356,242.95962082962356,242.95962082962356,131.1908959692335,131.1908959692335,131.1908959692335,111.76872486039004,111.76872486039004,111.76872486039004,0.0,0.0,0.0,11584.987909821391
2019-07-03,11341.945982664261,10886.063335200677,12325.576994169198,11341.945982664261,11341.945982664261,258.65300856261956,258.65300856261956,258.65300856261956,130.40851066558872,130.40851066558872,130.40851066558872,128.2444978970308,128.2444978970308,128.2444978970308,0.0,0.0,0.0,11600.598991226881
2019-07-04,11341.863676336756,10888.722984056567,12338.510761956712,11341.863676336756,11341.863676336756,276.9430552847245,276.9430552847245,276.9430552847245,132.16746761301732,132.16746761301732,132.16746761301732,144.77558767170723,144.77558767170723,144.77558767170723,0.0,0.0,0.0,11618.80673162148
2019-07-05,11341.781370009252,10903.882900924487,12380.946466461894,11341.781370009252,11341.781370009252,280.66617931706213,280.66617931706213,280.66617931706213,119.50192119472587,119.50192119472587,119.50192119472587,161.16425812233632,161.16425812233632,161.16425812233632,0.0,0.0,0.0,11622.447549326314
2019-07-08,11341.534451026737,10965.144810052016,12398.874850058812,11341.534451026737,11341.534451026737,335.7428000240463,335.7428000240463,335.7428000240463,128.19211995654857,128.19211995654857,128.19211995654857,207.55068006749778,207.55068006749778,207.55068006749778,0.0,0.0,0.0,11677.277251050784
2019-07-09,11341.452144699231,10974.681733254438,12406.657724010729,11341.452144699231,11341.452144699231,352.68455164572487,352.68455164572487,352.68455164572487,131.19089596896885,131.19089596896885,131.19089596896885,221.49365567675605,221.49365567675605,221.49365567675605,0.0,0.0,0.0,11694.136696344956
2019-07-10,11341.369838371727,10939.744452946183,12440.408933282688,11341.369838371727,11341.369838371727,364.8280474159347,364.8280474159347,364.8280474159347,130.40851066576954,130.40851066576954,130.40851066576954,234.41953675016515,234.41953675016515,234.41953675016515,0.0,0.0,0.0,11706.197885787662
2019-07-11,11341.287532044222,10986.449756572196,12449.622994654168,11341.287532044222,11341.287532044222,378.3718556858462,378.3718556858462,378.3718556858462,132.16746761330785,132.16746761330785,132.16746761330785,246.2043880725383,246.2043880725383,246.2043880725383,0.0,0.0,0.0,11719.659387730067
2019-07-12,11341.205225716716,11019.715752594844,12421.950210036934,11341.205225716716,11341.205225716716,376.25038830816766,376.25038830816766,376.25038830816766,119.50192119524873,119.50192119524873,119.50192119524873,256.74846711291895,256.74846711291895,256.74846711291895,0.0,0.0,0.0,11717.455614024884
2019-07-15,11340.958306734201,11056.384151938442,12465.154935602632,11340.958306734201,11340.958306734201,408.5280794441724,408.5280794441724,408.5280794441724,128.1921199563938,128.1921199563938,128.1921199563938,280.3359594877786,280.3359594877786,280.3359594877786,0.0,0.0,0.0,11749.486386178374
2019-07-16,11340.876000406695,11008.556415443043,12473.529829926167,11340.876000406695,11340.876000406695,416.64516356318705,416.64516356318705,416.64516356318705,131.19089596870415,131.19089596870415,131.19089596870415,285.4542675944829,285.4542675944829,285.4542675944829,0.0,0.0,0.0,11757.521163969883
2019-07-17,11340.79369407919,11057.94669899137,12517.450671206105,11340.79369407919,11340.79369407919,419.6456591690273,419.6456591690273,419.6456591690273,130.40851066541288,130.40851066541288,130.40851066541288,289.23714850361443,289.23714850361443,289.23714850361443,0.0,0.0,0.0,11760.439353248217
2019-07-18,11340.711387751686,11012.874779569303,12449.80372204115,11340.711387751686,11340.711387751686,423.9125506928545,423.9125506928545,423.9125506928545,132.16746761283792,132.16746761283792,132.16746761283792,291.7450830800165,291.7450830800165,291.7450830800165,0.0,0.0,0.0,11764.62393844454
2019-07-19,11340.62908142418,11044.828254591885,12465.22790639626,11340.62908142418,11340.62908142418,412.56346515710374,412.56346515710374,412.56346515710374,119.50192119497088,119.50192119497088,119.50192119497088,293.0615439621328,293.0615439621328,293.0615439621328,0.0,0.0,0.0,11753.192546581284
2019-07-22,11340.382162441665,11017.972544694027,12480.31027664235,11340.382162441665,11340.382162441665,419.1765422133501,419.1765422133501,419.1765422133501,128.19211995671236,128.19211995671236,128.19211995671236,290.9844222566377,290.9844222566377,290.9844222566377,0.0,0.0,0.0,11759.558704655015
2019-07-23,11340.299856114161,11039.493466437256,12529.958260120002,11340.299856114161,11340.299856114161,419.9216527563266,419.9216527563266,419.9216527563266,131.19089596941305,131.19089596941305,131.19089596941305,288.7307567869135,288.7307567869135,288.7307567869135,0.0,0.0,0.0,11760.221508870487
2019-07-24,11340.217549786656,11049.36393431701,12473.825077993175,11340.217549786656,11340.217549786656,416.35313938380506,416.35313938380506,416.35313938380506,130.40851066543271,130.40851066543271,130.40851066543271,285.9446287183723,285.9446287183723,285.9446287183723,0.0,0.0,0.0,11756.570689170461
2019-07-25,11340.13524345915,10996.738305182449,12481.883933805564,11340.13524345915,11340.13524345915,414.9494015500498,414.9494015500498,414.9494015500498,132.1674676129932,132.1674676129932,132.1674676129932,282.7819339370566,282.7819339370566,282.7819339370566,0.0,0.0,0.0,11755.0846450092
2019-07-26,11340.052937131646,11030.162374788886,12486.189006960754,11340.052937131646,11340.052937131646,398.90010099243796,398.90010099243796,398.90010099243796,119.50192119464147,119.50192119464147,119.50192119464147,279.39817979779644,279.39817979779644,279.39817979779644,0.0,0.0,0.0,11738.953038124084
2019-07-29,11339.806018149131,10982.892622152682,12470.847942104074,11339.806018149131,11339.806018149131,397.59269073017197,397.59269073017197,397.59269073017197,128.19211995591317,128.19211995591317,128.19211995591317,269.4005707742588,269.4005707742588,269.4005707742588,0.0,0.0,0.0,11737.398708879304
2019-07-30,11339.723711821625,10959.982544015584,12481.436765349428,11339.723711821625,11339.723711821625,397.758333457848,397.758333457848,397.758333457848,131.19089596849247,131.19089596849247,131.19089596849247,266.56743748935554,266.56743748935554,266.56743748935554,0.0,0.0,0.0,11737.482045279474
2019-07-31,11339.64140549412,11067.309647008065,12511.594308633437,11339.64140549412,11339.64140549412,394.58583961787417,394.58583961787417,394.58583961787417,130.40851066561353,130.40851066561353,130.40851066561353,264.17732895226067,264.17732895226067,264.17732895226067,0.0,0.0,0.0,11734.227245111993
2019-08-01,11339.559099166614,11028.165694882624,12433.421100434116,11339.559099166614,11339.559099166614,394.49162521020725,394.49162521020725,394.49162521020725,132.1674676126586,132.1674676126586,132.1674676126586,262.32415759754866,262.32415759754866,262.32415759754866,0.0,0.0,0.0,11734.05072437682
2019-08-02,11339.47679283911,11044.430246964628,12458.895005701923,11339.47679283911,11339.47679283911,380.58755583101134,380.58755583101134,380.58755583101134,119.50192119433785,119.50192119433785,119.50192119433785,261.0856346366735,261.0856346366735,261.0856346366735,0.0,0.0,0.0,11720.064348670121
2019-08-05,11339.229873856595,11002.060150761452,12494.70863395721,11339.229873856595,11339.229873856595,389.77968909272704,389.77968909272704,389.77968909272704,128.1921199555874,128.1921199555874,128.1921199555874,261.58756913713967,261.58756913713967,261.58756913713967,0.0,0.0,0.0,11729.009562949323
2019-08-06,11339.14756752909,10983.300536823574,12446.523088162106,11339.14756752909,11339.14756752909,394.4485922679211,394.4485922679211,394.4485922679211,131.19089596888367,131.19089596888367,131.19089596888367,263.2576962990374,263.2576962990374,263.2576962990374,0.0,0.0,0.0,11733.59615979701
2019-08-07,11339.065261201586,11028.633158798275,12459.872028788302,11339.065261201586,11339.065261201586,396.09989526776917,396.09989526776917,396.09989526776917,130.40851066579432,130.40851066579432,130.40851066579432,265.69138460197485,265.69138460197485,265.69138460197485,0.0,0.0,0.0,11735.165156469355
2019-08-08,11338.98295487408,11036.786260382609,12468.741658211891,11338.98295487408,11338.98295487408,401.0446329059764,401.0446329059764,401.0446329059764,132.16746761281385,132.16746761281385,132.16746761281385,268.87716529316265,268.87716529316265,268.87716529316265,0.0,0.0,0.0,11740.027587780056
2019-08-09,11338.900648546574,11034.375663395493,12443.87766365446,11338.900648546574,11338.900648546574,392.2954974207249,392.2954974207249,392.2954974207249,119.50192119486069,119.50192119486069,119.50192119486069,272.79357622586423,272.79357622586423,272.79357622586423,0.0,0.0,0.0,11731.196145967298
2019-08-13,11338.571423236554,11044.979605730556,12518.809595000632,11338.571423236554,11338.571423236554,426.2909027282619,426.2909027282619,426.2909027282619,131.19089596861897,131.19089596861897,131.19089596861897,295.10000675964295,295.10000675964295,295.10000675964295,0.0,0.0,0.0,11764.862325964816
2019-08-14,11338.489116909048,11011.533071836386,12504.369892367948,11338.489116909048,11338.489116909048,432.5479838636702,432.5479838636702,432.5479838636702,130.40851066527668,130.40851066527668,130.40851066527668,302.13947319839355,302.13947319839355,302.13947319839355,0.0,0.0,0.0,11771.037100772719
2019-08-16,11338.324504254038,11007.992311009493,12487.343371805033,11338.324504254038,11338.324504254038,437.1950159371525,437.1950159371525,437.1950159371525,119.50192119453128,119.50192119453128,119.50192119453128,317.6930947426213,317.6930947426213,317.6930947426213,0.0,0.0,0.0,11775.51952019119
2019-08-19,11338.077585271523,11085.770117007269,12550.205005904616,11338.077585271523,11338.077585271523,472.39546750357647,472.39546750357647,472.39546750357647,128.19211995575122,128.19211995575122,128.19211995575122,344.20334754782533,344.20334754782533,344.20334754782533,0.0,0.0,0.0,11810.4730527751
2019-08-20,11337.99527894402,11120.91936015789,12584.554603692959,11337.99527894402,11337.99527894402,484.9712433704226,484.9712433704226,484.9712433704226,131.19089596932793,131.19089596932793,131.19089596932793,353.78034740109456,353.78034740109456,353.78034740109456,0.0,0.0,0.0,11822.966522314442
2019-08-21,11337.912972616514,11154.113148198108,12550.000877091235,11337.912972616514,11337.912972616514,494.10210262440415,494.10210262440415,494.10210262440415,130.40851066599495,130.40851066599495,130.40851066599495,363.6935919584091,363.6935919584091,363.6935919584091,0.0,0.0,0.0,11832.015075240917
2019-08-22,11337.830666289008,11057.394932860987,12508.03342264041,11337.830666289008,11337.830666289008,506.09435825293883,506.09435825293883,506.09435825293883,132.1674676127698,132.1674676127698,132.1674676127698,373.926890640169,373.926890640169,373.926890640169,0.0,0.0,0.0,11843.925024541946
2019-08-23,11337.748359961504,11129.01295595228,12516.928490679153,11337.748359961504,11337.748359961504,503.9671842410894,503.9671842410894,503.9671842410894,119.50192119425344,119.50192119425344,119.50192119425344,384.46526304683596,384.46526304683596,384.46526304683596,0.0,0.0,0.0,11841.715544202594
2019-08-26,11337.50144097899,11127.519520452335,12657.696459213916,11337.50144097899,11337.50144097899,545.9400030521219,545.9400030521219,545.9400030521219,128.19211995606977,128.19211995606977,128.19211995606977,417.74788309605213,417.74788309605213,417.74788309605213,0.0,0.0,0.0,11883.441444031112
2019-08-27,11337.419134651484,11192.922879401525,12610.10466320506,11337.419134651484,11337.419134651484,560.5185060232005,560.5185060232005,560.5185060232005,131.1908959697191,131.1908959697191,131.1908959697191,429.3276100534814,429.3276100534814,429.3276100534814,0.0,0.0,0.0,11897.937640674683
2019-08-28,11337.336828323978,11149.774076971287,12655.428521321785,11337.336828323978,11337.336828323978,571.5094917813852,571.5094917813852,571.5094917813852,130.40851066547734,130.40851066547734,130.40851066547734,441.10098111590787,441.10098111590787,441.10098111590787,0.0,0.0,0.0,11908.846320105364
2019-08-29,11337.254521996472,11187.096608677148,12618.18600784089,11337.254521996472,11337.254521996472,585.1942364677736,585.1942364677736,585.1942364677736,132.16746761274783,132.16746761274783,132.16746761274783,453.02676885502575,453.02676885502575,453.02676885502575,0.0,0.0,0.0,11922.448758464247
2019-08-30,11337.172215668968,11206.686094105675,12654.821283046931,11337.172215668968,11337.172215668968,584.555887544659,584.555887544659,584.555887544659,119.50192119477629,119.50192119477629,119.50192119477629,465.05396634988267,465.05396634988267,465.05396634988267,0.0,0.0,0.0,11921.728103213627
2019-09-03,11336.842990358948,11261.792039908554,12744.36321654103,11336.842990358948,11336.842990358948,643.957172301074,643.957172301074,643.957172301074,131.19089596879854,131.19089596879854,131.19089596879854,512.7662763322754,512.7662763322754,512.7662763322754,0.0,0.0,0.0,11980.800162660022
2019-09-04,11336.760684031442,11253.999338517833,12731.557239802647,11336.760684031442,11336.760684031442,654.549471996046,654.549471996046,654.549471996046,130.40851066603463,130.40851066603463,130.40851066603463,524.1409613300114,524.1409613300114,524.1409613300114,0.0,0.0,0.0,11991.310156027488
2019-09-05,11336.678377703938,11197.773927803848,12762.245702118644,11336.678377703938,11336.678377703938,667.2414295465377,667.2414295465377,667.2414295465377,132.16746761290307,132.16746761290307,132.16746761290307,535.0739619336346,535.0739619336346,535.0739619336346,0.0,0.0,0.0,12003.919807250475
2019-09-06,11336.596071376433,11287.195319076949,12712.962294110193,11336.596071376433,11336.596071376433,664.9406613078844,664.9406613078844,664.9406613078844,119.50192119447264,119.50192119447264,119.50192119447264,545.4387401134118,545.4387401134118,545.4387401134118,0.0,0.0,0.0,12001.536732684317
2019-09-09,11336.349152393917,11291.502075942753,12763.053371058488,11336.349152393917,11336.349152393917,699.9658755630419,699.9658755630419,699.9658755630419,128.19211995670696,128.19211995670696,128.19211995670696,571.7737556063349,571.7737556063349,571.7737556063349,0.0,0.0,0.0,12036.31502795696
2019-09-11,11336.184539738906,11301.446983783779,12816.284898985206,11336.184539738906,11336.184539738906,714.3972209738532,714.3972209738532,714.3972209738532,130.408510665678,130.408510665678,130.408510665678,583.9887103081752,583.9887103081752,583.9887103081752,0.0,0.0,0.0,12050.58176071276
2019-09-12,11336.102233411402,11262.775978523647,12749.79192824853,11336.102233411402,11336.102233411402,720.2660033558959,720.2660033558959,720.2660033558959,132.16746761288104,132.16746761288104,132.16746761288104,588.0985357430148,588.0985357430148,588.0985357430148,0.0,0.0,0.0,12056.3682367673
2019-09-13,11336.019927083897,11314.45358829565,12747.545218357349,11336.019927083897,11336.019927083897,710.2227535848442,710.2227535848442,710.2227535848442,119.50192119416904,119.50192119416904,119.50192119416904,590.7208323906752,590.7208323906752,590.7208323906752,0.0,0.0,0.0,12046.24268066874
2019-09-16,11335.773008101381,11335.214889406256,12788.852985823587,11335.773008101381,11335.773008101381,716.9478309579422,716.9478309579422,716.9478309579422,128.19211995590783,128.19211995590783,128.19211995590783,588.7557110020343,588.7557110020343,588.7557110020343,0.0,0.0,0.0,12052.720839059324
2019-09-17,11335.690701773878,11321.935302254864,12725.196415303728,11335.690701773878,11335.690701773878,715.8097737978098,715.8097737978098,715.8097737978098,131.19089596924277,131.19089596924277,131.19089596924277,584.6188778285672,584.6188778285672,584.6188778285672,0.0,0.0,0.0,12051.500475571687
2019-09-18,11335.608395446372,11356.919239150571,12753.619973739218,11335.608395446372,11335.608395446372,709.1047092708362,709.1047092708362,709.1047092708362,130.40851066585876,130.40851066585876,130.40851066585876,578.6961986049774,578.6961986049774,578.6961986049774,0.0,0.0,0.0,12044.713104717208
2019-09-19,11335.526089118866,11328.399346765893,12797.213382025868,11335.526089118866,11335.526089118866,703.166283628212,703.166283628212,703.166283628212,132.16746761317162,132.16746761317162,132.16746761317162,570.9988160150405,570.9988160150405,570.9988160150405,0.0,0.0,0.0,12038.692372747078
2019-09-20,11335.443782791363,11300.108732029492,12739.45010428721,11335.443782791363,11335.443782791363,681.0666840553243,681.0666840553243,681.0666840553243,119.50192119386543,119.50192119386543,119.50192119386543,561.5647628614588,561.5647628614588,561.5647628614588,0.0,0.0,0.0,12016.510466846687
2019-09-23,11335.196863808846,11255.835596395114,12670.562723359777,11335.196863808846,11335.196863808846,651.8189390868969,651.8189390868969,651.8189390868969,128.19211995622638,128.19211995622638,128.19211995622638,523.6268191306704,523.6268191306704,523.6268191306704,0.0,0.0,0.0,11987.015802895743
2019-09-24,11335.11455748134,11297.766180681949,12768.995143562384,11335.11455748134,11335.11455748134,639.3499304187219,639.3499304187219,639.3499304187219,131.1908959692958,131.1908959692958,131.1908959692958,508.15903444942603,508.15903444942603,508.15903444942603,0.0,0.0,0.0,11974.464487900063
2019-09-25,11335.032251153836,11208.958560437453,12718.758424535017,11335.032251153836,11335.032251153836,621.9422858482993,621.9422858482993,621.9422858482993,130.40851066603958,130.40851066603958,130.40851066603958,491.5337751822597,491.5337751822597,491.5337751822597,0.0,0.0,0.0,11956.974537002136
2019-09-26,11334.949944826332,11195.47404479359,12701.85715363252,11334.949944826332,11334.949944826332,606.1002733106455,606.1002733106455,606.1002733106455,132.1674676127017,132.1674676127017,132.1674676127017,473.9328056979438,473.9328056979438,473.9328056979438,0.0,0.0,0.0,11941.050218136977
2019-09-27,11336.013598992433,11205.894905270834,12596.61884105375,11336.013598992433,11336.013598992433,575.0550539595944,575.0550539595944,575.0550539595944,119.50192119438825,119.50192119438825,119.50192119438825,455.5531327652061,455.5531327652061,455.5531327652061,0.0,0.0,0.0,11911.068652952028
2019-09-30,11339.20456149074,11198.691374039365,12581.415999607963,11339.20456149074,11339.20456149074,526.0492427627365,526.0492427627365,526.0492427627365,128.19211995590058,128.19211995590058,128.19211995590058,397.857122806836,397.857122806836,397.857122806836,0.0,0.0,0.0,11865.253804253476
2019-10-01,11340.268215656843,11121.3645276033,12636.242585188491,11340.268215656843,11340.268215656843,509.68672098935855,509.68672098935855,509.68672098935855,131.1908959693489,131.1908959693489,131.1908959693489,378.49582502000976,378.49582502000976,378.49582502000976,0.0,0.0,0.0,11849.954936646202
2019-10-03,11342.395523989046,11104.702365972082,12540.625235768166,11342.395523989046,11342.395523989046,473.00989305953595,473.00989305953595,473.00989305953595,132.16746761299225,132.16746761299225,132.16746761299225,340.8424254465437,340.8424254465437,340.8424254465437,0.0,0.0,0.0,11815.405417048582
2019-10-04,11343.459178155148,11087.7722868754,12504.760925934463,11343.459178155148,11343.459178155148,442.43558253161046,442.43558253161046,442.43558253161046,119.50192119408463,119.50192119408463,119.50192119408463,322.9336613375259,322.9336613375259,322.9336613375259,0.0,0.0,0.0,11785.894760686759
2019-10-07,11346.650140653453,11085.193303620543,12490.325075725825,11346.650140653453,11346.650140653453,402.97737818439543,402.97737818439543,402.97737818439543,128.19211995639023,128.19211995639023,128.19211995639023,274.7852582280052,274.7852582280052,274.7852582280052,0.0,0.0,0.0,11749.62751883785
2019-10-09,11348.777448985658,11006.583462335877,12451.76467511165,11348.777448985658,11348.777448985658,378.8452257128126,378.8452257128126,378.8452257128126,130.40851066570275,130.40851066570275,130.40851066570275,248.43671504710983,248.43671504710983,248.43671504710983,0.0,0.0,0.0,11727.62267469847
2019-10-10,11349.84110315176,11019.532469815425,12384.547798354099,11349.84110315176,11349.84110315176,369.3385254450782,369.3385254450782,369.3385254450782,132.16746761297026,132.16746761297026,132.16746761297026,237.17105783210786,237.17105783210786,237.17105783210786,0.0,0.0,0.0,11719.17962859684
2019-10-11,11350.904757317861,10964.369119105331,12421.192276690015,11350.904757317861,11350.904757317861,346.692609796144,346.692609796144,346.692609796144,119.50192119463323,119.50192119463323,119.50192119463323,227.19068860151077,227.19068860151077,227.19068860151077,0.0,0.0,0.0,11697.597367114005
2019-10-14,11354.095719816167,10960.870587870939,12464.995976770833,11354.095719816167,11354.095719816167,332.75312470529406,332.75312470529406,332.75312470529406,128.19211995606437,128.19211995606437,128.19211995606437,204.5610047492297,204.5610047492297,204.5610047492297,0.0,0.0,0.0,11686.84884452146
2019-10-15,11355.15937398227,10938.765227584194,12361.555382325121,11355.15937398227,11355.15937398227,330.38550888041146,330.38550888041146,330.38550888041146,131.1908959688195,131.1908959688195,131.1908959688195,199.19461291159197,199.19461291159197,199.19461291159197,0.0,0.0,0.0,11685.544882862681
2019-10-16,11356.223028148372,10939.648469464586,12379.158267056464,11356.223028148372,11356.223028148372,325.1416963228037,325.1416963228037,325.1416963228037,130.40851066534609,130.40851066534609,130.40851066534609,194.7331856574576,194.7331856574576,194.7331856574576,0.0,0.0,0.0,11681.364724471176
2019-10-17,11357.286682314474,10944.202758178662,12412.979948029091,11357.286682314474,11357.286682314474,323.2098009111064,323.2098009111064,323.2098009111064,132.16746761294823,132.16746761294823,132.16746761294823,191.04233329815818,191.04233329815818,191.04233329815818,0.0,0.0,0.0,11680.496483225581
2019-10-18,11358.350336480577,10961.070979624621,12380.001928267111,11358.350336480577,11358.350336480577,307.47930409015333,307.47930409015333,307.47930409015333,119.5019211952077,119.5019211952077,119.5019211952077,187.97738289494563,187.97738289494563,187.97738289494563,0.0,0.0,0.0,11665.82964057073
2019-10-22,11362.604953144983,11001.703287669068,12409.195771810162,11362.604953144983,11362.604953144983,310.17560878630377,310.17560878630377,310.17560878630377,131.19089596921063,131.19089596921063,131.19089596921063,178.98471281709314,178.98471281709314,178.98471281709314,0.0,0.0,0.0,11672.780561931286
2019-10-23,11363.668607311085,10926.186432922319,12398.576832879397,11363.668607311085,11363.668607311085,307.25494469400826,307.25494469400826,307.25494469400826,130.40851066536592,130.40851066536592,130.40851066536592,176.84643402864236,176.84643402864236,176.84643402864236,0.0,0.0,0.0,11670.923552005093
2019-10-24,11364.732261477187,10967.848192843285,12382.561558915819,11364.732261477187,11364.732261477187,306.67806511241963,306.67806511241963,306.67806511241963,132.16746761279086,132.16746761279086,132.16746761279086,174.51059749962874,174.51059749962874,174.51059749962874,0.0,0.0,0.0,11671.410326589606
2019-10-25,11365.795915643288,10943.307290162118,12412.67883963208,11365.795915643288,11365.795915643288,291.38990773963377,291.38990773963377,291.38990773963377,119.50192119487826,119.50192119487826,119.50192119487826,171.8879865447555,171.8879865447555,171.8879865447555,0.0,0.0,0.0,11657.185823382923
2019-10-29,11370.050532307698,10934.957421656134,12350.11948289821,11370.050532307698,11370.050532307698,288.7817068530076,288.7817068530076,288.7817068530076,131.1908959686078,131.1908959686078,131.1908959686078,157.59081088439981,157.59081088439981,157.59081088439981,0.0,0.0,0.0,11658.832239160705
2019-10-30,11371.1141864738,10906.291566308388,12389.13162026538,11371.1141864738,11371.1141864738,283.4690999190888,283.4690999190888,283.4690999190888,130.4085106655467,130.4085106655467,130.4085106655467,153.06058925354213,153.06058925354213,153.06058925354213,0.0,0.0,0.0,11654.583286392888
2019-10-31,11372.1778406399,10914.6569831328,12354.138519492017,11372.1778406399,11372.1778406399,280.4069295438748,280.4069295438748,280.4069295438748,132.16746761308147,132.16746761308147,132.16746761308147,148.23946193079334,148.23946193079334,148.23946193079334,0.0,0.0,0.0,11652.584770183776
2019-11-01,11373.241494806003,10901.875225112512,12371.120629080175,11373.241494806003,11373.241494806003,262.7187358683,262.7187358683,262.7187358683,119.50192119457465,119.50192119457465,119.50192119457465,143.2168146737253,143.2168146737253,143.2168146737253,0.0,0.0,0.0,11635.960230674304
2019-11-04,11376.43245730431,10993.618556223766,12378.797853470098,11376.43245730431,11376.43245730431,256.32647052222984,256.32647052222984,256.32647052222984,128.19211995607347,128.19211995607347,128.19211995607347,128.13435056615646,128.13435056615646,128.13435056615646,0.0,0.0,0.0,11632.75892782654
2019-11-05,11377.496111470411,10920.534732938964,12413.74084473298,11377.496111470411,11377.496111470411,254.76580634891855,254.76580634891855,254.76580634891855,131.190895968999,131.190895968999,131.190895968999,123.57491037991949,123.57491037991949,123.57491037991949,0.0,0.0,0.0,11632.261917819329
2019-11-06,11378.559765636513,10892.454409285283,12310.67402211755,11378.559765636513,11378.559765636513,249.91670891579338,249.91670891579338,249.91670891579338,130.40851066572756,130.40851066572756,130.40851066572756,119.50819825006583,119.50819825006583,119.50819825006583,0.0,0.0,0.0,11628.476474552306
2019-11-07,11379.623419802616,10897.727556873357,12307.633844615468,11379.623419802616,11379.623419802616,248.26025673901364,248.26025673901364,248.26025673901364,132.16746761261155,132.16746761261155,132.16746761261155,116.09278912640207,116.09278912640207,116.09278912640207,0.0,0.0,0.0,11627.883676541629
2019-11-08,11380.687073968717,10869.060357911527,12317.329448065851,11380.687073968717,11380.687073968717,232.98442970245986,232.98442970245986,232.98442970245986,119.5019211950975,119.5019211950975,119.5019211950975,113.48250850736237,113.48250850736237,113.48250850736237,0.0,0.0,0.0,11613.671503671176
2019-11-11,11383.878036467022,10851.895130982133,12354.20757381249,11383.878036467022,11383.878036467022,240.03864349495433,240.03864349495433,240.03864349495433,128.19211995639208,128.19211995639208,128.19211995639208,111.84652353856228,111.84652353856228,111.84652353856228,0.0,0.0,0.0,11623.916679961976
2019-11-13,11386.005344799227,10924.61732482232,12332.553273148038,11386.005344799227,11386.005344799227,247.36266439905552,247.36266439905552,247.36266439905552,130.40851066537087,130.40851066537087,130.40851066537087,116.95415373368465,116.95415373368465,116.95415373368465,0.0,0.0,0.0,11633.368009198282
2019-11-14,11387.06899896533,10886.878811484385,12318.674275094947,11387.06899896533,11387.06899896533,253.71572874263094,253.71572874263094,253.71572874263094,132.16746761276679,132.16746761276679,132.16746761276679,121.54826112986419,121.54826112986419,121.54826112986419,0.0,0.0,0.0,11640.78472770796
2019-11-15,11388.132653131432,10870.03107505691,12317.922983376824,11388.132653131432,11388.132653131432,247.01661981147794,247.01661981147794,247.01661981147794,119.50192119479388,119.50192119479388,119.50192119479388,127.51469861668404,127.51469861668404,127.51469861668404,0.0,0.0,0.0,11635.14927294291
2019-11-18,11391.323615629737,10991.425831156355,12397.973198436755,11391.323615629737,11391.323615629737,281.371041876425,281.371041876425,281.371041876425,128.19211995671066,128.19211995671066,128.19211995671066,153.17892191971438,153.17892191971438,153.17892191971438,0.0,0.0,0.0,11672.694657506163
2019-11-19,11392.387269795838,10995.604441634086,12428.9071654177,11392.387269795838,11392.387269795838,295.1979687599485,295.1979687599485,295.1979687599485,131.1908959694433,131.1908959694433,131.1908959694433,164.0070727905052,164.0070727905052,164.0070727905052,0.0,0.0,0.0,11687.585238555786
2019-11-20,11393.45092396194,11008.955021214757,12429.71075803976,11393.45092396194,11393.45092396194,306.1489539509608,306.1489539509608,306.1489539509608,130.40851066592816,130.40851066592816,130.40851066592816,175.7404432850326,175.7404432850326,175.7404432850326,0.0,0.0,0.0,11699.5998779129
2019-11-21,11394.514578128043,10971.400221017731,12436.983691245092,11394.514578128043,11394.514578128043,320.3686486437349,320.3686486437349,320.3686486437349,132.1674676124322,132.1674676124322,132.1674676124322,188.20118103130267,188.20118103130267,188.20118103130267,0.0,0.0,0.0,11714.883226771777
2019-11-22,11395.578232294145,11032.203389030432,12445.146682377572,11395.578232294145,11395.578232294145,320.6924222551878,320.6924222551878,320.6924222551878,119.50192119449025,119.50192119449025,119.50192119449025,201.19050106069753,201.19050106069753,201.19050106069753,0.0,0.0,0.0,11716.270654549333
2019-11-25,11398.76919479245,11085.106201254834,12463.516280365095,11398.76919479245,11398.76919479245,369.3169857542274,369.3169857542274,369.3169857542274,128.19211995591147,128.19211995591147,128.19211995591147,241.12486579831588,241.12486579831588,241.12486579831588,0.0,0.0,0.0,11768.086180546677
2019-11-26,11399.832848958553,11076.493671221935,12458.494603581079,11399.832848958553,11399.832848958553,385.17804543092774,385.17804543092774,385.17804543092774,131.1908959691786,131.1908959691786,131.1908959691786,253.9871494617491,253.9871494617491,253.9871494617491,0.0,0.0,0.0,11785.010894389481
2019-11-27,11400.896503124653,11072.18428240331,12518.239382199708,11400.896503124653,11400.896503124653,396.6487508590135,396.6487508590135,396.6487508590135,130.40851066557147,130.40851066557147,130.40851066557147,266.240240193442,266.240240193442,266.240240193442,0.0,0.0,0.0,11797.545253983666
2019-11-28,11401.960157290756,11059.269426319719,12487.392066925197,11401.960157290756,11401.960157290756,409.83311954243266,409.83311954243266,409.83311954243266,132.16746761272273,132.16746761272273,132.16746761272273,277.6656519297099,277.6656519297099,277.6656519297099,0.0,0.0,0.0,11811.793276833188
2019-11-29,11403.023811456858,11062.044014458432,12550.74320627798,11403.023811456858,11403.023811456858,407.5625070155336,407.5625070155336,407.5625070155336,119.50192119418664,119.50192119418664,119.50192119418664,288.06058582134693,288.06058582134693,288.06058582134693,0.0,0.0,0.0,11810.586318472391
2019-12-02,11406.214773955164,11091.568934938708,12575.41142222262,11406.214773955164,11406.214773955164,439.56158440117593,439.56158440117593,439.56158440117593,128.19211995687448,128.19211995687448,128.19211995687448,311.36946444430146,311.36946444430146,311.36946444430146,0.0,0.0,0.0,11845.77635835634
2019-12-03,11407.278428121266,11182.201431398335,12617.487357905107,11407.278428121266,11407.278428121266,447.2798365509964,447.2798365509964,447.2798365509964,131.1908959689139,131.1908959689139,131.1908959689139,316.0889405820825,316.0889405820825,316.0889405820825,0.0,0.0,0.0,11854.558264672263
2019-12-04,11408.342082287369,11112.1541571577,12541.969368463027,11408.342082287369,11408.342082287369,449.5598021615124,449.5598021615124,449.5598021615124,130.40851066612882,130.40851066612882,130.40851066612882,319.1512914953836,319.1512914953836,319.1512914953836,0.0,0.0,0.0,11857.901884448882
2019-12-05,11409.40573645347,11127.077037085335,12606.260128904265,11409.40573645347,11409.40573645347,452.69705653211946,452.69705653211946,452.69705653211946,132.167467612878,132.167467612878,132.167467612878,320.52958891924135,320.52958891924135,320.52958891924135,0.0,0.0,0.0,11862.102792985588
2019-12-06,11410.469390619572,11124.78027439035,12515.326096289733,11410.469390619572,11410.469390619572,439.7347521601621,439.7347521601621,439.7347521601621,119.50192119470947,119.50192119470947,119.50192119470947,320.23283096545254,320.23283096545254,320.23283096545254,0.0,0.0,0.0,11850.204142779734
2019-12-09,11413.660353117879,11149.418974806062,12605.412729810028,11413.660353117879,11413.660353117879,438.09688416541763,438.09688416541763,438.09688416541763,128.19211995654865,128.19211995654865,128.19211995654865,309.90476420886904,309.90476420886904,309.90476420886904,0.0,0.0,0.0,11851.757237283296
2019-12-10,11414.724007283981,11150.486765032429,12587.877963010404,11414.724007283981,11414.724007283981,434.87163518712816,434.87163518712816,434.87163518712816,131.19089596864922,131.19089596864922,131.19089596864922,303.68073921847895,303.68073921847895,303.68073921847895,0.0,0.0,0.0,11849.59564247111
2019-12-11,11415.787661450082,11093.810601073741,12549.273734899927,11415.787661450082,11415.787661450082,426.72634200483395,426.72634200483395,426.72634200483395,130.40851066561117,130.40851066561117,130.40851066561117,296.3178313392227,296.3178313392227,296.3178313392227,0.0,0.0,0.0,11842.514003454917
2019-12-12,11416.851315616184,11113.293681133304,12485.13847775411,11416.851315616184,11416.851315616184,420.1678371006073,420.1678371006073,420.1678371006073,132.167467612856,132.167467612856,132.167467612856,288.00036948775124,288.00036948775124,288.00036948775124,0.0,0.0,0.0,11837.019152716792
2019-12-13,11417.914969782285,11103.0526334124,12516.961707230774,11417.914969782285,11417.914969782285,398.4300745597287,398.4300745597287,398.4300745597287,119.50192119443163,119.50192119443163,119.50192119443163,278.9281533652971,278.9281533652971,278.9281533652971,0.0,0.0,0.0,11816.345044342013
2019-12-16,11421.10593228059,11102.878850177607,12526.656501764757,11421.10593228059,11421.10593228059,377.49158670264427,377.49158670264427,377.49158670264427,128.19211995574946,128.19211995574946,128.19211995574946,249.29946674689478,249.29946674689478,249.29946674689478,0.0,0.0,0.0,11798.597518983235
2019-12-17,11422.169586446693,11012.339261869545,12499.765155162306,11422.169586446693,11422.169586446693,370.51590438167176,370.51590438167176,370.51590438167176,131.1908959693581,131.1908959693581,131.1908959693581,239.32500841231365,239.32500841231365,239.32500841231365,0.0,0.0,0.0,11792.685490828364
2019-12-18,11423.233240612797,11042.35105865557,12497.316776464742,11423.233240612797,11423.233240612797,360.04361009995534,360.04361009995534,360.04361009995534,130.40851066579197,130.40851066579197,130.40851066579197,229.6350994341634,229.6350994341634,229.6350994341634,0.0,0.0,0.0,11783.276850712753
2019-12-19,11424.296894778898,11061.908195847667,12469.967399806455,11424.296894778898,11424.296894778898,352.5749242755666,352.5749242755666,352.5749242755666,132.16746761314656,132.16746761314656,132.16746761314656,220.40745666242012,220.40745666242012,220.40745666242012,0.0,0.0,0.0,11776.871819054464
2019-12-20,11425.360548945,11007.426913718258,12459.711724583465,11425.360548945,11425.360548945,331.3002235417303,331.3002235417303,331.3002235417303,119.50192119410224,119.50192119410224,119.50192119410224,211.79830234762807,211.79830234762807,211.79830234762807,0.0,0.0,0.0,11756.66077248673
2019-12-23,11428.551511443306,11082.372386311647,12515.27456881221,11428.551511443306,11428.551511443306,319.0376279787883,319.0376279787883,319.0376279787883,128.19211995606807,128.19211995606807,128.19211995606807,190.84550802272022,190.84550802272022,190.84550802272022,0.0,0.0,0.0,11747.589139422094
2019-12-24,11429.615165609406,10997.43771738565,12481.016484477143,11429.615165609406,11429.615165609406,316.91391747590103,316.91391747590103,316.91391747590103,131.19089596843753,131.19089596843753,131.19089596843753,185.72302150746344,185.72302150746344,185.72302150746344,0.0,0.0,0.0,11746.529083085306
2019-12-26,11431.742473941611,10982.898942579248,12471.335694729167,11431.742473941611,11431.742473941611,310.5253285118103,310.5253285118103,310.5253285118103,132.16746761267663,132.16746761267663,132.16746761267663,178.35786089913364,178.35786089913364,178.35786089913364,0.0,0.0,0.0,11742.267802453422
2019-12-27,11432.806128107712,11011.746874954739,12467.881356072556,11432.806128107712,11432.806128107712,295.53324228196084,295.53324228196084,295.53324228196084,119.50192119377282,119.50192119377282,119.50192119377282,176.031321088188,176.031321088188,176.031321088188,0.0,0.0,0.0,11728.339370389673
2019-12-30,11400.362394759979,10993.18412235084,12437.945407733167,11400.362394759979,11400.362394759979,301.55622986067596,301.55622986067596,301.55622986067596,128.19211995526888,128.19211995526888,128.19211995526888,173.3641099054071,173.3641099054071,173.3641099054071,0.0,0.0,0.0,11701.918624620655
2019-12-31,11389.547816977401,10966.74377865961,12451.47309923224,11389.547816977401,11389.547816977401,304.65441495378576,304.65441495378576,304.65441495378576,131.19089596882873,131.19089596882873,131.19089596882873,173.463518984957,173.463518984957,173.463518984957,0.0,0.0,0.0,11694.202231931187
2020-01-01,11378.733239194822,10951.870120693673,12417.14400197116,11378.733239194822,11378.733239194822,304.1973582976799,304.1973582976799,304.1973582976799,130.4085106661536,130.4085106661536,130.4085106661536,173.7888476315263,173.7888476315263,173.7888476315263,0.0,0.0,0.0,11682.930597492503
2020-01-02,11367.918661412246,10881.400689016853,12353.885971564714,11367.918661412246,11367.918661412246,306.3303207766689,306.3303207766689,306.3303207766689,132.16746761296722,132.16746761296722,132.16746761296722,174.16285316370167,174.16285316370167,174.16285316370167,0.0,0.0,0.0,11674.248982188916
2020-01-03,11357.104083629667,10958.52170352074,12352.663790585784,11357.104083629667,11357.104083629667,293.9066184129972,293.9066184129972,293.9066184129972,119.50192119346923,119.50192119346923,119.50192119346923,174.40469721952797,174.40469721952797,174.40469721952797,0.0,0.0,0.0,11651.010702042664
2020-01-06,11324.660350281934,10899.698240095224,12287.188180211597,11324.660350281934,11324.660350281934,300.77778440311937,300.77778440311937,300.77778440311937,128.19211995623192,128.19211995623192,128.19211995623192,172.58566444688742,172.58566444688742,172.58566444688742,0.0,0.0,0.0,11625.438134685053
2020-01-07,11313.845772499357,10909.745575834448,12381.261129542529,11313.845772499357,11313.845772499357,301.7924136810525,301.7924136810525,301.7924136810525,131.19089596854366,131.19089596854366,131.19089596854366,170.6015177125089,170.6015177125089,170.6015177125089,0.0,0.0,0.0,11615.63818618041
2020-01-08,11303.031194716777,10819.59079882613,12305.794500627737,11303.031194716777,11303.031194716777,298.11532669497825,298.11532669497825,298.11532669497825,130.4085106657969,130.4085106657969,130.4085106657969,167.70681602918137,167.70681602918137,167.70681602918137,0.0,0.0,0.0,11601.146521411756
2020-01-09,11292.2166169342,10882.352661430388,12263.72196955643,11292.2166169342,11292.2166169342,295.97010608655626,295.97010608655626,295.97010608655626,132.16746761294516,132.16746761294516,132.16746761294516,163.80263847361104,163.80263847361104,163.80263847361104,0.0,0.0,0.0,11588.186723020755
2020-01-10,11281.402039151622,10836.187937158476,12296.334863452594,11281.402039151622,11281.402039151622,278.31893320760366,278.31893320760366,278.31893320760366,119.50192119484429,119.50192119484429,119.50192119484429,158.81701201275936,158.81701201275936,158.81701201275936,0.0,0.0,0.0,11559.720972359226
2020-01-13,11248.95830580389,10766.267209991911,12248.692492387288,11248.95830580389,11248.95830580389,265.2842697924121,265.2842697924121,265.2842697924121,128.1921199559061,128.1921199559061,128.1921199559061,137.09214983650602,137.09214983650602,137.09214983650602,0.0,0.0,0.0,11514.242575596301
2020-01-14,11238.14372802131,10679.717886012668,12174.110196516727,11238.14372802131,11238.14372802131,258.8432499402342,258.8432499402342,258.8432499402342,131.19089596893485,131.19089596893485,131.19089596893485,127.65235397129933,127.65235397129933,127.65235397129933,0.0,0.0,0.0,11496.986977961544
2020-01-15,11227.329150238733,10779.252483131888,12199.943951910338,11227.329150238733,11227.329150238733,247.6243422039544,247.6243422039544,247.6243422039544,130.4085106656558,130.4085106656558,130.4085106656558,117.2158315382986,117.2158315382986,117.2158315382986,0.0,0.0,0.0,11474.953492442688
2020-01-16,11216.514572456157,10741.065948809472,12206.75719115823,11216.514572456157,11216.514572456157,238.0519658688801,238.0519658688801,238.0519658688801,132.1674676129232,132.1674676129232,132.1674676129232,105.88449825595691,105.88449825595691,105.88449825595691,0.0,0.0,0.0,11454.566538325038
2020-01-17,11205.69999467358,10738.500707096116,12189.93028421166,11205.69999467358,11205.69999467358,213.28534549350059,213.28534549350059,213.28534549350059,119.50192119459226,119.50192119459226,119.50192119459226,93.7834242989083,93.7834242989083,93.7834242989083,0.0,0.0,0.0,11418.98534016708
2020-01-20,11173.256261325845,10623.383820885967,12045.579106526324,11173.256261325845,11173.256261325845,182.57116767058844,182.57116767058844,182.57116767058844,128.19211995622467,128.19211995622467,128.19211995622467,54.37904771436373,54.37904771436373,54.37904771436373,0.0,0.0,0.0,11355.827428996434
2020-01-21,11162.441683543268,10592.12296726336,12034.495818900828,11162.441683543268,11162.441683543268,171.96456747343618,171.96456747343618,171.96456747343618,131.19089596932602,131.19089596932602,131.19089596932602,40.773671504110155,40.773671504110155,40.773671504110155,0.0,0.0,0.0,11334.406251016704
2020-01-22,11151.62710576069,10540.825280324061,12023.632357153383,11151.62710576069,11151.62710576069,157.63449348005489,157.63449348005489,157.63449348005489,130.40851066529913,130.40851066529913,130.40851066529913,27.22598281475576,27.22598281475576,27.22598281475576,0.0,0.0,0.0,11309.261599240745
2020-01-23,11140.81252797811,10592.948047015057,12035.761994851404,11140.81252797811,11140.81252797811,146.07530054040834,146.07530054040834,146.07530054040834,132.1674676129012,132.1674676129012,132.1674676129012,13.907832927507139,13.907832927507139,13.907832927507139,0.0,0.0,0.0,11286.887828518518
2020-01-24,11129.997950195533,10544.281451146098,11975.801163602235,11129.997950195533,11129.997950195533,120.48324321812261,120.48324321812261,120.48324321812261,119.50192119426283,119.50192119426283,119.50192119426283,0.9813220238597847,0.9813220238597847,0.9813220238597847,0.0,0.0,0.0,11250.481193413656
2020-01-27,11097.554216847802,10473.35327843577,11917.211866094607,11097.554216847802,11097.554216847802,94.1204407078429,94.1204407078429,94.1204407078429,128.19211995654328,128.19211995654328,128.19211995654328,-34.07167924870038,-34.07167924870038,-34.07167924870038,0.0,0.0,0.0,11191.674657555644
2020-01-28,11086.739639065221,10431.78541001966,11881.002767804155,11086.739639065221,11086.739639065221,87.02609788280805,87.02609788280805,87.02609788280805,131.1908959684055,131.1908959684055,131.1908959684055,-44.16479808559744,-44.16479808559744,-44.16479808559744,0.0,0.0,0.0,11173.76573694803
2020-01-29,11075.925061282645,10442.090793001387,11925.53147786085,11075.925061282645,11075.925061282645,77.0543628675884,77.0543628675884,77.0543628675884,130.40851066601738,130.40851066601738,130.40851066601738,-53.35414779842898,-53.35414779842898,-53.35414779842898,0.0,0.0,0.0,11152.979424150233
2020-01-30,11065.110483500068,10417.671691308798,11790.731808095334,11065.110483500068,11065.110483500068,70.54795874416017,70.54795874416017,70.54795874416017,132.16746761319172,132.16746761319172,132.16746761319172,-61.61950886903158,-61.61950886903158,-61.61950886903158,0.0,0.0,0.0,11135.658442244228
2020-01-31,11054.29590571749,10402.135647507268,11777.041145307097,11054.29590571749,11054.29590571749,50.52971564594464,50.52971564594464,50.52971564594464,119.50192119566373,119.50192119566373,119.50192119566373,-68.97220554971908,-68.97220554971908,-68.97220554971908,0.0,0.0,0.0,11104.825621363436
2020-02-03,11021.852172369756,10336.783035272098,11779.231557672383,11021.852172369756,11021.852172369756,42.0545832492253,42.0545832492253,42.0545832492253,128.19211995591513,128.19211995591513,128.19211995591513,-86.13753670668983,-86.13753670668983,-86.13753670668983,0.0,0.0,0.0,11063.906755618982
2020-02-04,11011.037594587178,10271.745326530741,11776.882465567489,11011.037594587178,11011.037594587178,40.6203302094608,40.6203302094608,40.6203302094608,131.19089596879664,131.19089596879664,131.19089596879664,-90.57056575933582,-90.57056575933582,-90.57056575933582,0.0,0.0,0.0,11051.657924796638
2020-02-05,11000.2230168046,10308.365170238152,11750.911293572808,11000.2230168046,11000.2230168046,35.812474290392736,35.812474290392736,35.812474290392736,130.40851066566074,130.40851066566074,130.40851066566074,-94.59603637526801,-94.59603637526801,-94.59603637526801,0.0,0.0,0.0,11036.035491094994
2020-02-06,10989.408439022023,10281.864125452867,11757.171426286104,10989.408439022023,10989.408439022023,33.77887792722028,33.77887792722028,33.77887792722028,132.16746761289912,132.16746761289912,132.16746761289912,-98.38858968567881,-98.38858968567881,-98.38858968567881,0.0,0.0,0.0,11023.187316949243
2020-02-07,10978.593861239444,10300.399773730405,11692.32743099851,10978.593861239444,10978.593861239444,17.36306722648208,17.36306722648208,17.36306722648208,119.50192119533432,119.50192119533432,119.50192119533432,-102.13885396885222,-102.13885396885222,-102.13885396885222,0.0,0.0,0.0,10995.956928465926
2020-02-10,10946.150127891711,10268.040179684003,11691.90429644826,10946.150127891711,10946.150127891711,13.010915311821524,13.010915311821524,13.010915311821524,128.1921199562337,128.1921199562337,128.1921199562337,-115.18120464441219,-115.18120464441219,-115.18120464441219,0.0,0.0,0.0,10959.161043203532
2020-02-11,10935.335550109134,10216.282066885298,11648.106334595328,10935.335550109134,10935.335550109134,10.372752472383063,10.372752472383063,10.372752472383063,131.19089596916743,131.19089596916743,131.19089596916743,-120.81814349678436,-120.81814349678436,-120.81814349678436,0.0,0.0,0.0,10945.708302581517
2020-02-12,10924.520972326556,10232.282436125253,11693.530795845752,10924.520972326556,10924.520972326556,2.975465065884849,2.975465065884849,2.975465065884849,130.40851066530408,130.40851066530408,130.40851066530408,-127.43304559941923,-127.43304559941923,-127.43304559941923,0.0,0.0,0.0,10927.496437392441
2020-02-13,10913.706394543979,10180.730208212779,11665.270616312597,10913.706394543979,10913.706394543979,-3.0399915630648913,-3.0399915630648913,-3.0399915630648913,132.16746761318964,132.16746761318964,132.16746761318964,-135.20745917625453,-135.20745917625453,-135.20745917625453,0.0,0.0,0.0,10910.666402980914
2020-02-14,10902.8918167614,10155.515474500116,11637.479707568567,10902.8918167614,10902.8918167614,-24.802178686184646,-24.802178686184646,-24.802178686184646,119.50192119503066,119.50192119503066,119.50192119503066,-144.30409988121534,-144.30409988121534,-144.30409988121534,0.0,0.0,0.0,10878.089638075215
2020-02-17,10870.448083413667,10114.89589247273,11514.39307521556,10870.448083413667,10870.448083413667,-52.5970495249113,-52.5970495249113,-52.5970495249113,128.1921199565523,128.1921199565523,128.1921199565523,-180.7891694814636,-180.7891694814636,-180.7891694814636,0.0,0.0,0.0,10817.851033888755
2020-02-18,10859.633505631089,10166.06282899679,11576.647555513007,10859.633505631089,10859.633505631089,-65.10178515710933,-65.10178515710933,-65.10178515710933,131.19089596955862,131.19089596955862,131.19089596955862,-196.29268112666796,-196.29268112666796,-196.29268112666796,0.0,0.0,0.0,10794.53172047398
2020-02-19,10848.818927848512,10011.519342820471,11465.480878694323,10848.818927848512,10848.818927848512,-83.11726944899627,-83.11726944899627,-83.11726944899627,130.40851066602235,130.40851066602235,130.40851066602235,-213.52578011501862,-213.52578011501862,-213.52578011501862,0.0,0.0,0.0,10765.701658399516
2020-02-20,10838.004350065934,10047.716144763985,11425.313999118403,10838.004350065934,10838.004350065934,-100.30579566508393,-100.30579566508393,-100.30579566508393,132.16746761254248,132.16746761254248,132.16746761254248,-232.47326327762642,-232.47326327762642,-232.47326327762642,0.0,0.0,0.0,10737.69855440085
2020-02-24,10794.746038935622,9855.735539033401,11327.649190174478,10794.746038935622,10794.746038935622,-195.74752757931483,-195.74752757931483,-195.74752757931483,128.1921199562265,128.1921199562265,128.1921199562265,-323.9396475355413,-323.9396475355413,-323.9396475355413,0.0,0.0,0.0,10598.998511356307
2020-02-25,10783.931461153044,9825.684071362577,11288.806479315796,10783.931461153044,10783.931461153044,-218.8983089862645,-218.8983089862645,-218.8983089862645,131.19089596929396,131.19089596929396,131.19089596929396,-350.08920495555844,-350.08920495555844,-350.08920495555844,0.0,0.0,0.0,10565.03315216678
2020-02-26,10773.116883370469,9805.615264286758,11225.439977325497,10773.116883370469,10773.116883370469,-246.79535626401687,-246.79535626401687,-246.79535626401687,130.4085106656657,130.4085106656657,130.4085106656657,-377.2038669296826,-377.2038669296826,-377.2038669296826,0.0,0.0,0.0,10526.321527106451
2020-02-27,10762.30230558789,9744.42078693383,11178.169949891933,10762.30230558789,10762.30230558789,-272.9046615702991,-272.9046615702991,-272.9046615702991,132.16746761256238,132.16746761256238,132.16746761256238,-405.0721291828615,-405.0721291828615,-405.0721291828615,0.0,0.0,0.0,10489.39764401759
2020-02-28,10751.48772780531,9796.638382310462,11183.852150306218,10751.48772780531,10751.48772780531,-313.9654934764171,-313.9654934764171,-313.9654934764171,119.50192119442345,119.50192119442345,119.50192119442345,-433.4674146708406,-433.4674146708406,-433.4674146708406,0.0,0.0,0.0,10437.522234328893
2020-03-02,10719.04399445758,9611.872960720395,11080.853734322991,10719.04399445758,10719.04399445758,-391.22361656262734,-391.22361656262734,-391.22361656262734,128.1921199571895,128.1921199571895,128.1921199571895,-519.4157365198168,-519.4157365198168,-519.4157365198168,0.0,0.0,0.0,10327.820377894952
2020-03-03,10708.229416675,9561.80447327727,11013.847891122577,10708.229416675,10708.229416675,-416.31506902488945,-416.31506902488945,-416.31506902488945,131.19089596902927,131.19089596902927,131.19089596902927,-547.5059649939187,-547.5059649939187,-547.5059649939187,0.0,0.0,0.0,10291.91434765011
2020-03-04,10697.414838892422,9538.8372965439,10994.93243640993,10697.414838892422,10697.414838892422,-444.5098049249823,-444.5098049249823,-444.5098049249823,130.40851066552455,130.40851066552455,130.40851066552455,-574.9183155905068,-574.9183155905068,-574.9183155905068,0.0,0.0,0.0,10252.90503396744
2020-03-05,10686.600261109845,9475.018986454148,10964.342810678478,10686.600261109845,10686.600261109845,-469.2598784909937,-469.2598784909937,-469.2598784909937,132.16746761254038,132.16746761254038,132.16746761254038,-601.4273461035341,-601.4273461035341,-601.4273461035341,0.0,0.0,0.0,10217.340382618851
2020-03-06,10675.785683327267,9503.729639996602,10913.78954676933,10675.785683327267,10675.785683327267,-507.31973480913695,-507.31973480913695,-507.31973480913695,119.50192119409405,119.50192119409405,119.50192119409405,-626.821656003231,-626.821656003231,-626.821656003231,0.0,0.0,0.0,10168.465948518131
2020-03-09,10643.341949979533,9358.794826740088,10760.316373675081,10643.341949979533,10643.341949979533,-566.2807250026239,-566.2807250026239,-566.2807250026239,128.19211995591695,128.19211995591695,128.19211995591695,-694.4728449585408,-694.4728449585408,-694.4728449585408,0.0,0.0,0.0,10077.06122497691
2020-03-11,10621.71279441438,9299.241786921471,10740.317098181602,10621.71279441438,10621.71279441438,-600.585766110307,-600.585766110307,-600.585766110307,130.40851066516788,130.40851066516788,130.40851066516788,-730.9942767754749,-730.9942767754749,-730.9942767754749,0.0,0.0,0.0,10021.127028304072
2020-03-12,10610.898216631798,9294.315895913913,10706.999674734503,10610.898216631798,10610.898216631798,-614.1955549759385,-614.1955549759385,-614.1955549759385,132.16746761283093,132.16746761283093,132.16746761283093,-746.3630225887695,-746.3630225887695,-746.3630225887695,0.0,0.0,0.0,9996.70266165586
2020-03-13,10600.08363884922,9239.32466531787,10703.782317926156,10600.08363884922,10600.08363884922,-640.216652874947,-640.216652874947,-640.216652874947,119.50192119381619,119.50192119381619,119.50192119381619,-759.7185740687632,-759.7185740687632,-759.7185740687632,0.0,0.0,0.0,9959.866985974273
2020-03-16,10567.63990550149,9208.27329046725,10650.773761248078,10567.63990550149,10567.63990550149,-659.2798378933192,-659.2798378933192,-659.2798378933192,128.19211995623556,128.19211995623556,128.19211995623556,-787.4719578495548,-787.4719578495548,-787.4719578495548,0.0,0.0,0.0,9908.360067608171
2020-03-17,10556.82532771891,9205.761946945948,10595.297979248868,10556.82532771891,10556.82532771891,-661.4555704869845,-661.4555704869845,-661.4555704869845,131.19089596915578,131.19089596915578,131.19089596915578,-792.6464664561402,-792.6464664561402,-792.6464664561402,0.0,0.0,0.0,9895.369757231925
2020-03-18,10546.010749936333,9116.730045631397,10633.944172029553,10546.010749936333,10546.010749936333,-665.4350249740155,-665.4350249740155,-665.4350249740155,130.40851066588613,130.40851066588613,130.40851066588613,-795.8435356399016,-795.8435356399016,-795.8435356399016,0.0,0.0,0.0,9880.575724962317
2020-03-19,10535.196172153755,9157.392138799698,10610.240872375209,10535.196172153755,10535.196172153755,-664.9562476275497,-664.9562476275497,-664.9562476275497,132.16746761312154,132.16746761312154,132.16746761312154,-797.1237152406711,-797.1237152406711,-797.1237152406711,0.0,0.0,0.0,9870.239924526206
2020-03-20,10524.381594371178,9143.435843732626,10550.895204295366,10524.381594371178,10524.381594371178,-677.0586745552617,-677.0586745552617,-677.0586745552617,119.50192119519131,119.50192119519131,119.50192119519131,-796.560595750453,-796.560595750453,-796.560595750453,0.0,0.0,0.0,9847.322919815917
2020-03-23,10491.937861023443,9121.251822281198,10575.56765002416,10491.937861023443,10491.937861023443,-656.5062043390822,-656.5062043390822,-656.5062043390822,128.19211995590976,128.19211995590976,128.19211995590976,-784.698324294992,-784.698324294992,-784.698324294992,0.0,0.0,0.0,9835.43165668436
2020-03-24,10481.123283240866,9120.678827864935,10537.26269574601,10481.123283240866,10481.123283240866,-646.4943911034705,-646.4943911034705,-646.4943911034705,131.19089596823514,131.19089596823514,131.19089596823514,-777.6852870717057,-777.6852870717057,-777.6852870717057,0.0,0.0,0.0,9834.628892137396
2020-03-25,10474.767898081083,9131.269750140167,10543.266424969952,10474.767898081083,10474.767898081083,-638.912299070625,-638.912299070625,-638.912299070625,130.408510665745,130.408510665745,130.408510665745,-769.3208097363699,-769.3208097363699,-769.3208097363699,0.0,0.0,0.0,9835.855599010458
2020-03-26,10468.412512921297,9080.387452640645,10535.316260443247,10468.412512921297,10468.412512921297,-627.5483641096712,-627.5483641096712,-627.5483641096712,132.16746761278688,132.16746761278688,132.16746761278688,-759.715831722458,-759.715831722458,-759.715831722458,0.0,0.0,0.0,9840.864148811626
2020-03-27,10462.057127761513,9143.86672177323,10536.07408537816,10462.057127761513,10462.057127761513,-629.4805239153023,-629.4805239153023,-629.4805239153023,119.50192119488763,119.50192119488763,119.50192119488763,-748.98244511019,-748.98244511019,-748.98244511019,0.0,0.0,0.0,9832.57660384621
2020-03-30,10442.990972282158,9149.712782210108,10550.835283815251,10442.990972282158,10442.990972282158,-582.9431720844597,-582.9431720844597,-582.9431720844597,128.19211995558396,128.19211995558396,128.19211995558396,-711.1352920400435,-711.1352920400435,-711.1352920400435,0.0,0.0,0.0,9860.047800197697
2020-03-31,10436.635587122373,9159.269137866506,10615.426787280367,10436.635587122373,10436.635587122373,-565.8190413228427,-565.8190413228427,-565.8190413228427,131.19089596926185,131.19089596926185,131.19089596926185,-697.0099372921046,-697.0099372921046,-697.0099372921046,0.0,0.0,0.0,9870.816545799531
2020-04-01,10430.280201962587,9154.661465383497,10573.92560298028,10430.280201962587,10430.280201962587,-551.9063627652341,-551.9063627652341,-551.9063627652341,130.40851066592586,130.40851066592586,130.40851066592586,-682.3148734311601,-682.3148734311601,-682.3148734311601,0.0,0.0,0.0,9878.373839197353
2020-04-03,10417.569431643016,9167.056016121887,10604.359507765852,10417.569431643016,10417.569431643016,-532.1559862371914,-532.1559862371914,-532.1559862371914,119.50192119455824,119.50192119455824,119.50192119455824,-651.6579074317497,-651.6579074317497,-651.6579074317497,0.0,0.0,0.0,9885.413445405826
2020-04-07,10392.147891003877,9188.379870005494,10644.17879196915,10392.147891003877,10392.147891003877,-457.1980050879466,-457.1980050879466,-457.1980050879466,131.19089596899715,131.19089596899715,131.19089596899715,-588.3889010569438,-588.3889010569438,-588.3889010569438,0.0,0.0,0.0,9934.94988591593
2020-04-08,10385.792505844092,9200.497757835337,10629.854601094454,10385.792505844092,10385.792505844092,-442.41165916734303,-442.41165916734303,-442.41165916734303,130.4085106655692,130.4085106655692,130.4085106655692,-572.8201698329123,-572.8201698329123,-572.8201698329123,0.0,0.0,0.0,9943.38084667675
2020-04-09,10379.437120684308,9226.862631738228,10625.951073488157,10379.437120684308,10379.437120684308,-425.4106668342418,-425.4106668342418,-425.4106668342418,132.1674676130555,132.1674676130555,132.1674676130555,-557.5781344472973,-557.5781344472973,-557.5781344472973,0.0,0.0,0.0,9954.026453850067
2020-04-13,10354.015580045167,9312.13560028299,10758.960421942997,10354.015580045167,10354.015580045167,-373.9341629270241,-373.9341629270241,-373.9341629270241,128.19211995622115,128.19211995622115,128.19211995622115,-502.1262828832452,-502.1262828832452,-502.1262828832452,0.0,0.0,0.0,9980.081417118143
2020-04-15,10341.304809725598,9269.92536599372,10758.622863386041,10341.304809725598,10341.304809725598,-348.79502893832216,-348.79502893832216,-348.79502893832216,130.40851066575,130.40851066575,130.40851066575,-479.20353960407215,-479.20353960407215,-479.20353960407215,0.0,0.0,0.0,9992.509780787275
2020-04-16,10334.949424565812,9297.225152481018,10699.467570589743,10334.949424565812,10334.949424565812,-337.10944483117936,-337.10944483117936,-337.10944483117936,132.1674676127628,132.1674676127628,132.1674676127628,-469.27691244394214,-469.27691244394214,-469.27691244394214,0.0,0.0,0.0,9997.839979734632
2020-04-17,10328.594039406027,9290.456170289342,10698.28716966441,10328.594039406027,10328.594039406027,-340.9750007670863,-340.9750007670863,-340.9750007670863,119.50192119395102,119.50192119395102,119.50192119395102,-460.4769219610373,-460.4769219610373,-460.4769219610373,0.0,0.0,0.0,9987.61903863894
2020-04-20,10309.527883926672,9240.475980279389,10683.807061672986,10309.527883926672,10309.527883926672,-313.18781319458856,-313.18781319458856,-313.18781319458856,128.19211995653973,128.19211995653973,128.19211995653973,-441.3799331511283,-441.3799331511283,-441.3799331511283,0.0,0.0,0.0,9996.340070732083
2020-04-21,10303.172498766888,9299.721941146552,10747.600961813821,10303.172498766888,10303.172498766888,-306.3565948384006,-306.3565948384006,-306.3565948384006,131.19089596910325,131.19089596910325,131.19089596910325,-437.5474908075039,-437.5474908075039,-437.5474908075039,0.0,0.0,0.0,9996.815903928487
2020-04-22,10296.817113607101,9239.121695599166,10732.956308914057,10296.817113607101,10296.817113607101,-304.5754933563276,-304.5754933563276,-304.5754933563276,130.4085106653933,130.4085106653933,130.4085106653933,-434.984004021721,-434.984004021721,-434.984004021721,0.0,0.0,0.0,9992.241620250774
2020-04-23,10290.461728447317,9199.411685540575,10704.046351680594,10290.461728447317,10290.461728447317,-301.4922595003621,-301.4922595003621,-301.4922595003621,132.1674676127408,132.1674676127408,132.1674676127408,-433.65972711310286,-433.65972711310286,-433.65972711310286,0.0,0.0,0.0,9988.969468946954
2020-04-24,10284.106343287533,9226.18503409757,10637.985808883952,10284.106343287533,10284.106343287533,-314.0209377385533,-314.0209377385533,-314.0209377385533,119.50192119362163,119.50192119362163,119.50192119362163,-433.52285893217487,-433.52285893217487,-433.52285893217487,0.0,0.0,0.0,9970.08540554898
2020-04-27,10265.040187808176,9252.90820692229,10659.803472683436,10265.040187808176,10265.040187808176,-311.191565665949,-311.191565665949,-311.191565665949,128.19211995591158,128.19211995591158,128.19211995591158,-439.3836856218606,-439.3836856218606,-439.3836856218606,0.0,0.0,0.0,9953.848622142226
2020-04-28,10258.684802648391,9252.677945162406,10655.203258371224,10258.684802648391,10258.684802648391,-311.8441099152922,-311.8441099152922,-311.8441099152922,131.1908959688385,131.1908959688385,131.1908959688385,-443.0350058841308,-443.0350058841308,-443.0350058841308,0.0,0.0,0.0,9946.8406927331
2020-04-29,10252.329417488607,9199.867688186456,10582.114004820249,10252.329417488607,10252.329417488607,-316.88014821556607,-316.88014821556607,-316.88014821556607,130.40851066611157,130.40851066611157,130.40851066611157,-447.28865888167763,-447.28865888167763,-447.28865888167763,0.0,0.0,0.0,9935.44926927304
2020-04-30,10245.974032328822,9182.277205229615,10633.304380326888,10245.974032328822,10245.974032328822,-319.80310597770176,-319.80310597770176,-319.80310597770176,132.16746761303136,132.16746761303136,132.16746761303136,-451.9705735907331,-451.9705735907331,-451.9705735907331,0.0,0.0,0.0,9926.17092635112
2020-05-04,10220.552491689683,9156.423503967386,10562.319903396245,10220.552491689683,10220.552491689683,-342.8910911330056,-342.8910911330056,-342.8910911330056,128.19211995623013,128.19211995623013,128.19211995623013,-471.08321108923576,-471.08321108923576,-471.08321108923576,0.0,0.0,0.0,9877.661400556677
2020-05-05,10214.197106529897,9124.482564020438,10607.48857051097,10214.197106529897,10214.197106529897,-343.7376763958973,-343.7376763958973,-343.7376763958973,131.19089596857384,131.19089596857384,131.19089596857384,-474.9285723644711,-474.9285723644711,-474.9285723644711,0.0,0.0,0.0,9870.459430134
2020-05-06,10207.841721370112,9138.734554343486,10614.463135477095,10207.841721370112,10207.841721370112,-347.58107288212983,-347.58107288212983,-347.58107288212983,130.4085106657549,130.4085106657549,130.4085106657549,-477.9895835478847,-477.9895835478847,-477.9895835478847,0.0,0.0,0.0,9860.260648487982
2020-05-07,10201.486336210326,9160.880003842323,10593.998457848815,10201.486336210326,10201.486336210326,-347.905181238195,-347.905181238195,-347.905181238195,132.16746761300936,132.16746761300936,132.16746761300936,-480.0726488512043,-480.0726488512043,-480.0726488512043,0.0,0.0,0.0,9853.581154972131
2020-05-08,10195.130951050542,9093.216190709656,10572.73602545107,10195.130951050542,10195.130951050542,-361.4959402780916,-361.4959402780916,-361.4959402780916,119.50192119471885,119.50192119471885,119.50192119471885,-480.9978614728104,-480.9978614728104,-480.9978614728104,0.0,0.0,0.0,9833.63501077245
2020-05-11,10176.064795571187,9142.225738318768,10527.695962770715,10176.064795571187,10176.064795571187,-347.12403750098343,-347.12403750098343,-347.12403750098343,128.19211995590436,128.19211995590436,128.19211995590436,-475.3161574568878,-475.3161574568878,-475.3161574568878,0.0,0.0,0.0,9828.940758070203
2020-05-12,10169.7094104114,9123.330453950728,10572.854886641504,10169.7094104114,10169.7094104114,-339.0298044009649,-339.0298044009649,-339.0298044009649,131.19089596896504,131.19089596896504,131.19089596896504,-470.22070036992994,-470.22070036992994,-470.22070036992994,0.0,0.0,0.0,9830.679606010435
2020-05-13,10163.354025251616,9109.45886158188,10511.88445044799,10163.354025251616,10163.354025251616,-332.99540006479236,-332.99540006479236,-332.99540006479236,130.40851066561376,130.40851066561376,130.40851066561376,-463.4039107304061,-463.4039107304061,-463.4039107304061,0.0,0.0,0.0,9830.358625186824
2020-05-14,10156.998640091831,9135.140052143517,10577.461190258104,10156.998640091831,10156.998640091831,-322.672893259563,-322.672893259563,-322.672893259563,132.1674676132999,132.1674676132999,132.1674676132999,-454.8403608728629,-454.8403608728629,-454.8403608728629,0.0,0.0,0.0,9834.325746832268
2020-05-15,10150.643254932045,9113.465999745136,10553.227175885217,10150.643254932045,10150.643254932045,-325.03573901989716,-325.03573901989716,-325.03573901989716,119.50192119441526,119.50192119441526,119.50192119441526,-444.5376602143124,-444.5376602143124,-444.5376602143124,0.0,0.0,0.0,9825.607515912148
2020-05-18,10131.57709945269,9110.588421267885,10580.604866631747,10131.57709945269,10131.57709945269,-275.5749848361259,-275.5749848361259,-275.5749848361259,128.19211995592065,128.19211995592065,128.19211995592065,-403.7671047920466,-403.7671047920466,-403.7671047920466,0.0,0.0,0.0,9856.002114616564
2020-05-19,10125.221714292908,9179.9468951378,10573.295945107899,10125.221714292908,10125.221714292908,-256.04795035760435,-256.04795035760435,-256.04795035760435,131.19089596935623,131.19089596935623,131.19089596935623,-387.2388463269605,-387.2388463269605,-387.2388463269605,0.0,0.0,0.0,9869.173763935303
2020-05-20,10118.86632913312,9185.281692599134,10553.988426423504,10118.86632913312,10118.86632913312,-239.08011593025003,-239.08011593025003,-239.08011593025003,130.40851066579458,130.40851066579458,130.40851066579458,-369.48862659604464,-369.48862659604464,-369.48862659604464,0.0,0.0,0.0,9879.78621320287
2020-05-21,10112.510943973337,9220.781416016798,10675.18176575956,10112.510943973337,10112.510943973337,-218.53451755590123,-218.53451755590123,-218.53451755590123,132.1674676129653,132.1674676129653,132.1674676129653,-350.70198516886654,-350.70198516886654,-350.70198516886654,0.0,0.0,0.0,9893.976426417436
2020-05-22,10106.15555881355,9186.056690351925,10660.192435391058,10106.15555881355,10106.15555881355,-211.58214610874288,-211.58214610874288,-211.58214610874288,119.5019211941116,119.5019211941116,119.5019211941116,-331.0840673028545,-331.0840673028545,-331.0840673028545,0.0,0.0,0.0,9894.573412704807
2020-05-26,10080.734018174411,9229.131009359344,10682.327590268813,10080.734018174411,10080.734018174411,-117.63829843372244,-117.63829843372244,-117.63829843372244,131.19089596909157,131.19089596909157,131.19089596909157,-248.829194402814,-248.829194402814,-248.829194402814,0.0,0.0,0.0,9963.095719740688
2020-05-27,10074.378633014627,9217.191372761337,10715.155933670983,10074.378633014627,10074.378633014627,-98.07916152926587,-98.07916152926587,-98.07916152926587,130.40851066597537,130.40851066597537,130.40851066597537,-228.48767219524123,-228.48767219524123,-228.48767219524123,0.0,0.0,0.0,9976.299471485361
2020-05-28,10068.02324785484,9237.35499685614,10705.228849919515,10068.02324785484,10068.02324785484,-76.51958932995741,-76.51958932995741,-76.51958932995741,132.16746761267265,132.16746761267265,132.16746761267265,-208.68705694263005,-208.68705694263005,-208.68705694263005,0.0,0.0,0.0,9991.503658524884
2020-05-29,10061.667862695056,9259.925134313351,10658.005861577753,10061.667862695056,10061.667862695056,-70.12943228682752,-70.12943228682752,-70.12943228682752,119.5019211955125,119.5019211955125,119.5019211955125,-189.63135348234005,-189.63135348234005,-189.63135348234005,0.0,0.0,0.0,9991.538430408229
2020-06-01,10042.601707215701,9260.13864684699,10780.475831239572,10042.601707215701,10042.601707215701,-10.454175881909675,-10.454175881909675,-10.454175881909675,128.1921199565578,128.1921199565578,128.1921199565578,-138.64629583846747,-138.64629583846747,-138.64629583846747,0.0,0.0,0.0,10032.14753133379
2020-06-02,10036.246322055915,9285.828606762872,10801.218227303776,10036.246322055915,10036.246322055915,7.043363088090722,7.043363088090722,7.043363088090722,131.19089596882688,131.19089596882688,131.19089596882688,-124.14753288073615,-124.14753288073615,-124.14753288073615,0.0,0.0,0.0,10043.289685144005
2020-06-03,10029.890936896132,9324.172611475917,10757.332676181812,10029.890936896132,10029.890936896132,19.371468460379837,19.371468460379837,19.371468460379837,130.40851066561873,130.40851066561873,130.40851066561873,-111.0370422052389,-111.0370422052389,-111.0370422052389,0.0,0.0,0.0,10049.262405356512
2020-06-04,10023.535551736344,9328.353753861318,10798.920459775622,10023.535551736344,10023.535551736344,32.8190334353339,32.8190334353339,32.8190334353339,132.16746761265065,132.16746761265065,132.16746761265065,-99.34843417731676,-99.34843417731676,-99.34843417731676,0.0,0.0,0.0,10056.354585171677
2020-06-05,10017.180166576562,9384.639248771091,10799.92169253614,10017.180166576562,10017.180166576562,30.421321424292532,30.421321424292532,30.421321424292532,119.5019211951831,119.5019211951831,119.5019211951831,-89.08059977089056,-89.08059977089056,-89.08059977089056,0.0,0.0,0.0,10047.601488000853
2020-06-08,9998.114011097206,9307.749086781061,10704.444520213496,9998.114011097206,9998.114011097206,61.90866188520424,61.90866188520424,61.90866188520424,128.19211995623203,128.19211995623203,128.19211995623203,-66.2834580710278,-66.2834580710278,-66.2834580710278,0.0,0.0,0.0,10060.02267298241
2020-06-09,9991.75862593742,9317.298422073743,10727.375761733301,9991.75862593742,9991.75862593742,70.16729038537785,70.16729038537785,70.16729038537785,131.19089596919764,131.19089596919764,131.19089596919764,-61.02360558381977,-61.02360558381977,-61.02360558381977,0.0,0.0,0.0,10061.925916322798
2020-06-10,9985.403240777636,9312.767342275421,10751.459928448092,9985.403240777636,9985.403240777636,73.70868438727427,73.70868438727427,73.70868438727427,130.40851066526207,130.40851066526207,130.40851066526207,-56.699826277987796,-56.699826277987796,-56.699826277987796,0.0,0.0,0.0,10059.11192516491
2020-06-11,9979.047855617851,9349.094118917421,10782.308524926762,9979.047855617851,9979.047855617851,79.02899695891867,79.02899695891867,79.02899695891867,132.16746761294118,132.16746761294118,132.16746761294118,-53.13847065402253,-53.13847065402253,-53.13847065402253,0.0,0.0,0.0,10058.07685257677
2020-06-12,9972.692470458065,9328.06007155609,10770.68922092802,9972.692470458065,9972.692470458065,69.35221737298794,69.35221737298794,69.35221737298794,119.50192119490524,119.50192119490524,119.50192119490524,-50.149703821917306,-50.149703821917306,-50.149703821917306,0.0,0.0,0.0,10042.044687831052
2020-06-15,9953.62631497871,9307.941614087853,10752.404294680739,9953.62631497871,9953.62631497871,85.60855604538776,85.60855604538776,85.60855604538776,128.19211995655058,128.19211995655058,128.19211995655058,-42.58356391116284,-42.58356391116284,-42.58356391116284,0.0,0.0,0.0,10039.234871024099
2020-06-16,9947.270929818926,9348.797486056974,10792.758224507981,9947.270929818926,9947.270929818926,91.3498981064505,91.3498981064505,91.3498981064505,131.19089596958887,131.19089596958887,131.19089596958887,-39.84099786313837,-39.84099786313837,-39.84099786313837,0.0,0.0,0.0,10038.620827925377
2020-06-17,9940.91554465914,9330.087861638378,10752.615760815592,9940.91554465914,9940.91554465914,93.74989354286424,93.74989354286424,93.74989354286424,130.40851066544286,130.40851066544286,130.40851066544286,-36.658617122578626,-36.658617122578626,-36.658617122578626,0.0,0.0,0.0,10034.665438202004
2020-06-18,9934.560159499357,9308.5146587577,10727.803596443982,9934.560159499357,9934.560159499357,99.30974433587633,99.30974433587633,99.30974433587633,132.1674676129192,132.1674676129192,132.1674676129192,-32.85772327704288,-32.85772327704288,-32.85772327704288,0.0,0.0,0.0,10033.869903835233
2020-06-19,9928.204774339569,9319.62387296594,10805.473162915867,9928.204774339569,9928.204774339569,91.22317623371829,91.22317623371829,91.22317623371829,119.50192119457584,119.50192119457584,119.50192119457584,-28.278744960857544,-28.278744960857544,-28.278744960857544,0.0,0.0,0.0,10019.427950573287
2020-06-22,9909.138618860216,9282.783803911552,10831.529629964285,9909.138618860216,9909.138618860216,119.5490644410962,119.5490644410962,119.5490644410962,128.1921199562248,128.1921199562248,128.1921199562248,-8.643055515128566,-8.643055515128566,-8.643055515128566,0.0,0.0,0.0,10028.687683301312
2020-06-23,9902.783233700431,9248.08388994612,10743.798040925532,9902.783233700431,9902.783233700431,131.3275547264322,131.3275547264322,131.3275547264322,131.19089596866823,131.19089596866823,131.19089596866823,0.13665875776396652,0.13665875776396652,0.13665875776396652,0.0,0.0,0.0,10034.110788426864
2020-06-24,9896.427848540645,9308.572619942783,10727.494798143021,9896.427848540645,9896.427848540645,140.49878184108113,140.49878184108113,140.49878184108113,130.40851066562368,130.40851066562368,130.40851066562368,10.090271175457453,10.090271175457453,10.090271175457453,0.0,0.0,0.0,10036.926630381726
2020-06-25,9890.072463380859,9342.550163227119,10752.481426753719,9890.072463380859,9890.072463380859,153.37108085771135,153.37108085771135,153.37108085771135,132.16746761262652,132.16746761262652,132.16746761262652,21.203613245084846,21.203613245084846,21.203613245084846,0.0,0.0,0.0,10043.44354423857
2020-06-26,9904.984537187573,9358.327650801957,10765.778470197063,9904.984537187573,9904.984537187573,152.9327319396475,152.9327319396475,152.9327319396475,119.50192119427221,119.50192119427221,119.50192119427221,33.43081074537532,33.43081074537532,33.43081074537532,0.0,0.0,0.0,10057.91726912722
2020-06-29,9949.720758607718,9440.737554125604,10905.638355920932,9949.720758607718,9949.720758607718,204.08702232692764,204.08702232692764,204.08702232692764,128.1921199565434,128.1921199565434,128.1921199565434,75.89490237038424,75.89490237038424,75.89490237038424,0.0,0.0,0.0,10153.807780934647
2020-06-30,9964.63283241443,9456.711129805597,10945.164515865417,9964.63283241443,9964.63283241443,222.7383892517829,222.7383892517829,222.7383892517829,131.19089596905945,131.19089596905945,131.19089596905945,91.54749328272345,91.54749328272345,91.54749328272345,0.0,0.0,0.0,10187.371221666213
2020-07-01,9979.544906221146,9446.821902314428,10977.244579685786,9979.544906221146,9979.544906221146,238.0898734880302,238.0898734880302,238.0898734880302,130.40851066602,130.40851066602,130.40851066602,107.6813628220102,107.6813628220102,107.6813628220102,0.0,0.0,0.0,10217.634779709177
2020-07-02,9994.45698002786,9483.044286789875,10973.64295765604,9994.45698002786,9994.45698002786,256.28014503961487,256.28014503961487,256.28014503961487,132.16746761260453,132.16746761260453,132.16746761260453,124.11267742701038,124.11267742701038,124.11267742701038,0.0,0.0,0.0,10250.737125067475
2020-07-03,10009.369053834573,9582.883834176198,10983.523833925223,10009.369053834573,10009.369053834573,260.1503551698637,260.1503551698637,260.1503551698637,119.50192119394283,119.50192119394283,119.50192119394283,140.64843397592088,140.64843397592088,140.64843397592088,0.0,0.0,0.0,10269.519409004437
2020-07-06,10054.105275254718,9703.22384414185,11127.169605617615,10054.105275254718,10054.105275254718,317.10742421106346,317.10742421106346,317.10742421106346,128.19211995591525,128.19211995591525,128.19211995591525,188.91530425514816,188.91530425514816,188.91530425514816,0.0,0.0,0.0,10371.212699465781
2020-07-07,10069.017349061434,9685.710557141256,11127.507871179776,10069.017349061434,10069.017349061434,335.1135402020867,335.1135402020867,335.1135402020867,131.19089596879476,131.19089596879476,131.19089596879476,203.92264423329192,203.92264423329192,203.92264423329192,0.0,0.0,0.0,10404.13088926352
2020-07-08,10083.929422868147,9709.98722279201,11159.436346086995,10083.929422868147,10083.929422868147,348.5064357016259,348.5064357016259,348.5064357016259,130.40851066566336,130.40851066566336,130.40851066566336,218.09792503596256,218.09792503596256,218.09792503596256,0.0,0.0,0.0,10432.435858569772
2020-07-09,10098.841496674864,9741.188782956564,11242.97560595111,10098.841496674864,10098.841496674864,363.45806068557624,363.45806068557624,363.45806068557624,132.1674676128951,132.1674676128951,132.1674676128951,231.29059307268113,231.29059307268113,231.29059307268113,0.0,0.0,0.0,10462.29955736044
2020-07-10,10113.753570481576,9762.764620205291,11241.335645730202,10113.753570481576,10113.753570481576,362.8729560532556,362.8729560532556,362.8729560532556,119.50192119363918,119.50192119363918,119.50192119363918,243.37103485961643,243.37103485961643,243.37103485961643,0.0,0.0,0.0,10476.626526534832
2020-07-13,10158.489791901722,9830.522038253946,11273.207961909651,10158.489791901722,10158.489791901722,400.20084680531767,400.20084680531767,400.20084680531767,128.19211995623382,128.19211995623382,128.19211995623382,272.0087268490838,272.0087268490838,272.0087268490838,0.0,0.0,0.0,10558.69063870704
2020-07-14,10173.401865708438,9874.431719014985,11304.408473938405,10173.401865708438,10173.401865708438,410.0338946416204,410.0338946416204,410.0338946416204,131.19089596918596,131.19089596918596,131.19089596918596,278.84299867243436,278.84299867243436,278.84299867243436,0.0,0.0,0.0,10583.435760350058
2020-07-15,10188.313939515152,9934.882484216583,11316.369771464586,10188.313939515152,10188.313939515152,414.710222685365,414.710222685365,414.710222685365,130.40851066584412,130.40851066584412,130.40851066584412,284.3017120195209,284.3017120195209,284.3017120195209,0.0,0.0,0.0,10603.024162200518
2020-07-16,10203.226013321864,9942.503962023695,11326.873372295486,10203.226013321864,10203.226013321864,420.58119556428363,420.58119556428363,420.58119556428363,132.16746761256047,132.16746761256047,132.16746761256047,288.4137279517232,288.4137279517232,288.4137279517232,0.0,0.0,0.0,10623.807208886148
2020-07-17,10218.13808712858,9920.660299566563,11330.897339715862,10218.13808712858,10218.13808712858,410.73535209375956,410.73535209375956,410.73535209375956,119.5019211950401,119.5019211950401,119.5019211950401,291.23343089871946,291.23343089871946,291.23343089871946,0.0,0.0,0.0,10628.87343922234
2020-07-20,10262.874308548726,9956.567556415064,11451.722439791893,10262.874308548726,10262.874308548726,421.01281136162345,421.01281136162345,421.01281136162345,128.19211995590803,128.19211995590803,128.19211995590803,292.8206914057154,292.8206914057154,292.8206914057154,0.0,0.0,0.0,10683.887119910349
2020-07-21,10277.786382355438,9960.323938390371,11399.41478769573,10277.786382355438,10277.786382355438,422.63751972020157,422.63751972020157,422.63751972020157,131.1908959689213,131.1908959689213,131.1908959689213,291.44662375128024,291.44662375128024,291.44662375128024,0.0,0.0,0.0,10700.42390207564
2020-07-22,10292.698456162154,10006.800835769607,11448.123867522301,10292.698456162154,10292.698456162154,419.7586498400421,419.7586498400421,419.7586498400421,130.40851066516558,130.40851066516558,130.40851066516558,289.35013917487646,289.35013917487646,289.35013917487646,0.0,0.0,0.0,10712.457106002195
2020-07-23,10307.610529968872,9999.132660082223,11460.375585716722,10307.610529968872,10307.610529968872,418.8500415343826,418.8500415343826,418.8500415343826,132.16746761285108,132.16746761285108,132.16746761285108,286.6825739215315,286.6825739215315,286.6825739215315,0.0,0.0,0.0,10726.460571503254
2020-07-24,10322.522603775584,10019.000709698194,11381.22852346595,10322.522603775584,10322.522603775584,403.1012882963062,403.1012882963062,403.1012882963062,119.50192119473643,119.50192119473643,119.50192119473643,283.5993671015698,283.5993671015698,283.5993671015698,0.0,0.0,0.0,10725.62389207189
2020-07-27,10367.258825195726,10103.603838176596,11535.554917036361,10367.258825195726,10367.258825195726,401.5893621201897,401.5893621201897,401.5893621201897,128.192119956871,128.192119956871,128.192119956871,273.3972421633187,273.3972421633187,273.3972421633187,0.0,0.0,0.0,10768.848187315916
2020-07-28,10382.170899002444,10012.092514082953,11500.64558922385,10382.170899002444,10382.170899002444,401.35649137244127,401.35649137244127,401.35649137244127,131.19089596863614,131.19089596863614,131.19089596863614,270.1655954038052,270.1655954038052,270.1655954038052,0.0,0.0,0.0,10783.527390374886
2020-07-29,10397.082972809156,10091.19816394104,11494.171652557412,10397.082972809156,10397.082972809156,397.64671180842646,397.64671180842646,397.64671180842646,130.40851066588382,130.40851066588382,130.40851066588382,267.2382011425426,267.2382011425426,267.2382011425426,0.0,0.0,0.0,10794.729684617581
2020-07-30,10411.995046615872,10053.46453599149,11526.37768583276,10411.995046615872,10411.995046615872,396.8953824305485,396.8953824305485,396.8953824305485,132.16746761314164,132.16746761314164,132.16746761314164,264.7279148174069,264.7279148174069,264.7279148174069,0.0,0.0,0.0,10808.89042904642
2020-07-31,10426.907120422587,10053.725965970363,11547.847310193007,10426.907120422587,10426.907120422587,382.2345017371925,382.2345017371925,382.2345017371925,119.50192119440705,119.50192119440705,119.50192119440705,262.7325805427855,262.7325805427855,262.7325805427855,0.0,0.0,0.0,10809.14162215978
2020-08-03,10471.64334184273,10124.707046497799,11543.165218601582,10471.64334184273,10471.64334184273,388.7639175361426,388.7639175361426,388.7639175361426,128.19211995654524,128.19211995654524,128.19211995654524,260.57179757959744,260.57179757959744,260.57179757959744,0.0,0.0,0.0,10860.407259378871
2020-08-04,10486.555415649445,10134.152876361011,11562.515605939738,10486.555415649445,10486.555415649445,392.48047870805175,392.48047870805175,392.48047870805175,131.19089596837145,131.19089596837145,131.19089596837145,261.28958273968027,261.28958273968027,261.28958273968027,0.0,0.0,0.0,10879.035894357497
2020-08-05,10501.46748945616,10135.22162229284,11608.650388759164,10501.46748945616,10501.46748945616,393.17689041703494,393.17689041703494,393.17689041703494,130.4085106655272,130.4085106655272,130.4085106655272,262.7683797515077,262.7683797515077,262.7683797515077,0.0,0.0,0.0,10894.644379873194
2020-08-06,10516.379563262872,10175.318511327247,11579.903066665713,10516.379563262872,10516.379563262872,397.1792876773923,397.1792876773923,397.1792876773923,132.1674676131196,132.1674676131196,132.1674676131196,265.0118200642727,265.0118200642727,265.0118200642727,0.0,0.0,0.0,10913.558850940264
2020-08-07,10531.291637069591,10198.67919867873,11617.07084143435,10531.291637069591,10531.291637069591,387.51315414074594,387.51315414074594,387.51315414074594,119.50192119412922,119.50192119412922,119.50192119412922,268.01123294661664,268.01123294661664,268.01123294661664,0.0,0.0,0.0,10918.804791210337
2020-08-10,10576.027858489733,10324.934374696308,11706.32002555712,10576.027858489733,10576.027858489733,409.50553352042334,409.50553352042334,409.50553352042334,128.1921199562194,128.1921199562194,128.1921199562194,281.313413564204,281.313413564204,281.313413564204,0.0,0.0,0.0,10985.533392010157
2020-08-11,10590.93993229645,10314.857832544212,11760.946955524809,10590.93993229645,10590.93993229645,418.26148328503535,418.26148328503535,418.26148328503535,131.19089596876267,131.19089596876267,131.19089596876267,287.07058731627274,287.07058731627274,287.07058731627274,0.0,0.0,0.0,11009.201415581485
2020-08-12,10605.852006103163,10256.508151234304,11765.674037287621,10605.852006103163,10605.852006103163,423.83205611135634,423.83205611135634,423.83205611135634,130.40851066570795,130.40851066570795,130.40851066570795,293.42354544564836,293.42354544564836,293.42354544564836,0.0,0.0,0.0,11029.68406221452
2020-08-13,10620.764079909879,10336.050387589408,11790.580033567385,10620.764079909879,10620.764079909879,432.49829282914465,432.49829282914465,432.49829282914465,132.16746761313954,132.16746761313954,132.16746761313954,300.3308252160051,300.3308252160051,300.3308252160051,0.0,0.0,0.0,11053.262372739024
2020-08-14,10635.676153716591,10345.344402407038,11767.719227643629,10635.676153716591,10635.676153716591,427.2538736887849,427.2538736887849,427.2538736887849,119.50192119550431,119.50192119550431,119.50192119550431,307.7519524932806,307.7519524932806,307.7519524932806,0.0,0.0,0.0,11062.930027405377
2020-08-17,10680.412375136737,10443.044037648391,11851.424019548947,10680.412375136737,10680.412375136737,460.9257116679097,460.9257116679097,460.9257116679097,128.19211995653797,128.19211995653797,128.19211995653797,332.73359171137173,332.73359171137173,332.73359171137173,0.0,0.0,0.0,11141.338086804646
2020-08-18,10695.324448943451,10501.821483025942,11881.739274019357,10695.324448943451,10695.324448943451,473.0546445541718,473.0546445541718,473.0546445541718,131.1908959691335,131.1908959691335,131.1908959691335,341.86374858503825,341.86374858503825,341.86374858503825,0.0,0.0,0.0,11168.379093497622
2020-08-19,10710.236522750163,10388.81403985367,11905.921688815542,10710.236522750163,10710.236522750163,481.76240781787044,481.76240781787044,481.76240781787044,130.40851066588877,130.40851066588877,130.40851066588877,351.3538971519817,351.3538971519817,351.3538971519817,0.0,0.0,0.0,11191.998930568034
2020-08-20,10725.148596556879,10482.912978497987,11943.612286066887,10725.148596556879,10725.148596556879,493.3521417708939,493.3521417708939,493.3521417708939,132.16746761280496,132.16746761280496,132.16746761280496,361.18467415808897,361.18467415808897,361.18467415808897,0.0,0.0,0.0,11218.500738327773
2020-08-21,10740.060670363595,10511.451882614496,11943.13874740739,10740.060670363595,10740.060670363595,490.84130921485524,490.84130921485524,490.84130921485524,119.50192119522649,119.50192119522649,119.50192119522649,371.33938801962876,371.33938801962876,371.33938801962876,0.0,0.0,0.0,11230.90197957845
2020-08-24,10784.79689178374,10591.565642745032,12020.785516338132,10784.79689178374,10784.79689178374,531.7868922525768,531.7868922525768,531.7868922525768,128.19211995526544,128.19211995526544,128.19211995526544,403.59477229731135,403.59477229731135,403.59477229731135,0.0,0.0,0.0,11316.583784036317
2020-08-25,10799.708965590453,10602.273186106504,12084.061240768706,10799.708965590453,10799.708965590453,546.0781088625477,546.0781088625477,546.0781088625477,131.19089596952466,131.19089596952466,131.19089596952466,414.88721289302305,414.88721289302305,414.88721289302305,0.0,0.0,0.0,11345.787074453001
2020-08-26,10814.621039397167,10670.788767519494,12065.27154733771,10814.621039397167,10814.621039397167,556.8216214371092,556.8216214371092,556.8216214371092,130.40851066606956,130.40851066606956,130.40851066606956,426.41311077103967,426.41311077103967,426.41311077103967,0.0,0.0,0.0,11371.442660834276
2020-08-27,10829.533113203883,10708.366366440128,12160.943117795196,10829.533113203883,10829.533113203883,570.309048587871,570.309048587871,570.309048587871,132.1674676130955,132.1674676130955,132.1674676130955,438.14158097477554,438.14158097477554,438.14158097477554,0.0,0.0,0.0,11399.842161791754
2020-08-28,10844.445187010599,10709.879660664044,12114.427828776694,10844.445187010599,10844.445187010599,569.5355654895905,569.5355654895905,569.5355654895905,119.50192119489705,119.50192119489705,119.50192119489705,450.0336442946933,450.0336442946933,450.0336442946933,0.0,0.0,0.0,11413.980752500189
2020-08-31,10889.18140843074,10811.521312102883,12214.537214170334,10889.18140843074,10889.18140843074,614.3452600298525,614.3452600298525,614.3452600298525,128.19211995687286,128.19211995687286,128.19211995687286,486.1531400729796,486.1531400729796,486.1531400729796,0.0,0.0,0.0,11503.526668460594
2020-09-01,10904.093482237458,10826.982024069535,12239.274568191157,10904.093482237458,10904.093482237458,629.2965141984728,629.2965141984728,629.2965141984728,131.19089596860408,131.19089596860408,131.19089596860408,498.10561822986875,498.10561822986875,498.10561822986875,0.0,0.0,0.0,11533.389996435932
2020-09-02,10919.00555604417,10826.49720020236,12304.651329038325,10919.00555604417,10919.00555604417,640.2761411754722,640.2761411754722,640.2761411754722,130.40851066571287,130.40851066571287,130.40851066571287,509.8676305097593,509.8676305097593,509.8676305097593,0.0,0.0,0.0,11559.281697219643
2020-09-03,10933.917629850886,10839.32755202512,12343.791766550074,10933.917629850886,10933.917629850886,653.5013972585436,653.5013972585436,653.5013972585436,132.1674676130735,132.1674676130735,132.1674676130735,521.3339296454701,521.3339296454701,521.3339296454701,0.0,0.0,0.0,11587.41902710943
2020-09-04,10948.8297036576,10894.09309326787,12292.85378835972,10948.8297036576,10948.8297036576,651.8908317229016,651.8908317229016,651.8908317229016,119.50192119456763,119.50192119456763,119.50192119456763,532.3889105283339,532.3889105283339,532.3889105283339,0.0,0.0,0.0,11600.720535380502
2020-09-07,10993.565925077744,10939.644045314419,12421.19493337251,10993.565925077744,10993.565925077744,689.9990073489308,689.9990073489308,689.9990073489308,128.19211995654706,128.19211995654706,128.19211995654706,561.8068873923837,561.8068873923837,561.8068873923837,0.0,0.0,0.0,11683.564932426676
2020-09-08,11008.477998884458,10969.56958946906,12402.467865992354,11008.477998884458,11008.477998884458,701.1021558908277,701.1021558908277,701.1021558908277,131.19089596899528,131.19089596899528,131.19089596899528,569.9112599218325,569.9112599218325,569.9112599218325,0.0,0.0,0.0,11709.580154775285
2020-09-09,11023.390072691174,11043.495723949054,12517.239956390671,11023.390072691174,11023.390072691174,707.342935396063,707.342935396063,707.342935396063,130.4085106655718,130.4085106655718,130.4085106655718,576.9344247304913,576.9344247304913,576.9344247304913,0.0,0.0,0.0,11730.733008087238
2020-09-10,11038.302146497886,11051.982820136978,12475.553321849904,11038.302146497886,11038.302146497886,714.9093886190082,714.9093886190082,714.9093886190082,132.16746761278083,132.16746761278083,132.16746761278083,582.7419210062274,582.7419210062274,582.7419210062274,0.0,0.0,0.0,11753.211535116894
2020-09-11,11053.214220304604,11054.55643923951,12474.236377826612,11053.214220304604,11053.214220304604,706.7082230679404,706.7082230679404,706.7082230679404,119.5019211942898,119.5019211942898,119.5019211942898,587.2063018736507,587.2063018736507,587.2063018736507,0.0,0.0,0.0,11759.922443372545
2020-09-14,11097.950441724748,11048.885084289768,12520.494406829155,11097.950441724748,11097.950441724748,719.6325600879418,719.6325600879418,719.6325600879418,128.19211995591888,128.19211995591888,128.19211995591888,591.4404401320229,591.4404401320229,591.4404401320229,0.0,0.0,0.0,11817.58300181269
2020-09-15,11112.862515531462,11128.72321221308,12526.960170313121,11112.862515531462,11112.862515531462,720.7029671163278,720.7029671163278,720.7029671163278,131.1908959693865,131.1908959693865,131.1908959693865,589.5120711469415,589.5120711469415,589.5120711469415,0.0,0.0,0.0,11833.56548264779
2020-09-16,11127.774589338178,11104.572329472312,12596.633149933126,11127.774589338178,11127.774589338178,716.2288741663493,716.2288741663493,716.2288741663493,130.40851066521512,130.40851066521512,130.40851066521512,585.8203635011342,585.8203635011342,585.8203635011342,0.0,0.0,0.0,11844.003463504527
2020-09-17,11142.686663144887,11165.962083032196,12617.713719250276,11142.686663144887,11142.686663144887,712.5116047358038,712.5116047358038,712.5116047358038,132.16746761275883,132.16746761275883,132.16746761275883,580.344137123045,580.344137123045,580.344137123045,0.0,0.0,0.0,11855.19826788069
2020-09-18,11164.146142752053,11141.039276978612,12579.594663339358,11164.146142752053,11164.146142752053,692.5898454863477,692.5898454863477,692.5898454863477,119.50192119396041,119.50192119396041,119.50192119396041,573.0879242923872,573.0879242923872,573.0879242923872,0.0,0.0,0.0,11856.7359882384
2020-09-21,11228.524581573563,11123.075700786352,12574.5396571583,11228.524581573563,11228.524581573563,669.2795362488189,669.2795362488189,669.2795362488189,128.19211995559309,128.19211995559309,128.19211995559309,541.0874162932257,541.0874162932257,541.0874162932257,0.0,0.0,0.0,11897.804117822383
2020-09-22,11249.984061180732,11161.330635402272,12618.11771688529,11249.984061180732,11249.984061180732,658.4842395410784,658.4842395410784,658.4842395410784,131.19089596846584,131.19089596846584,131.19089596846584,527.2933435726126,527.2933435726126,527.2933435726126,0.0,0.0,0.0,11908.46830072181
2020-09-23,11271.4435407879,11217.889259582094,12609.940935666356,11271.4435407879,11271.4435407879,642.5497187267857,642.5497187267857,642.5497187267857,130.40851066593333,130.40851066593333,130.40851066593333,512.1412080608523,512.1412080608523,512.1412080608523,0.0,0.0,0.0,11913.993259514686
2020-09-24,11292.90302039507,11223.085913308423,12647.971406330846,11292.90302039507,11292.90302039507,627.9564191788928,627.9564191788928,627.9564191788928,132.16746761273683,132.16746761273683,132.16746761273683,495.788951566156,495.788951566156,495.788951566156,0.0,0.0,0.0,11920.859439573962
2020-09-25,11314.362500002242,11208.749195373935,12625.703869036906,11314.362500002242,11314.362500002242,597.9158937955293,597.9158937955293,597.9158937955293,119.50192119536128,119.50192119536128,119.50192119536128,478.4139726001681,478.4139726001681,478.4139726001681,0.0,0.0,0.0,11912.278393797771
2020-09-28,11378.740938823748,11250.26037004318,12697.24258923238,11378.740938823748,11378.740938823748,550.3380128134557,550.3380128134557,550.3380128134557,128.1921199559117,128.1921199559117,128.1921199559117,422.14589285754414,422.14589285754414,422.14589285754414,0.0,0.0,0.0,11929.078951637204
2020-09-29,11400.200418430915,11183.563918435275,12697.21516112598,11400.200418430915,11400.200418430915,533.9092165878308,533.9092165878308,533.9092165878308,131.1908959688571,131.1908959688571,131.1908959688571,402.7183206189737,402.7183206189737,402.7183206189737,0.0,0.0,0.0,11934.109635018745
2020-09-30,11421.659898038088,11206.46899268689,12647.8853484321,11421.659898038088,11421.659898038088,513.7255257099845,513.7255257099845,513.7255257099845,130.4085106655767,130.4085106655767,130.4085106655767,383.31701504440775,383.31701504440775,383.31701504440775,0.0,0.0,0.0,11935.385423748072
2020-10-01,11443.119377645258,11206.551029846478,12670.64938938466,11443.119377645258,11443.119377645258,496.3215119307767,496.3215119307767,496.3215119307767,132.16746761271477,132.16746761271477,132.16746761271477,364.15404431806184,364.15404431806184,364.15404431806184,0.0,0.0,0.0,11939.440889576035
2020-10-05,11528.957296073935,11195.62900505788,12664.985996633683,11528.957296073935,11528.957296073935,421.8901339660565,421.8901339660565,421.8901339660565,128.19211995623024,128.19211995623024,128.19211995623024,293.69801400982624,293.69801400982624,293.69801400982624,0.0,0.0,0.0,11950.847430039992
2020-10-06,11550.416775681104,11272.173448827545,12707.515788856173,11550.416775681104,11550.416775681104,409.6150432645296,409.6150432645296,409.6150432645296,131.19089596922785,131.19089596922785,131.19089596922785,278.4241472953018,278.4241472953018,278.4241472953018,0.0,0.0,0.0,11960.031818945634
2020-10-07,11571.87625528827,11242.718583978396,12654.987793217168,11571.87625528827,11571.87625528827,394.7284864063204,394.7284864063204,394.7284864063204,130.40851066522006,130.40851066522006,130.40851066522006,264.3199757411004,264.3199757411004,264.3199757411004,0.0,0.0,0.0,11966.604741694591
2020-10-08,11593.335734895441,11233.089989082822,12684.40443587981,11593.335734895441,11593.335734895441,383.62180774763584,383.62180774763584,383.62180774763584,132.16746761300539,132.16746761300539,132.16746761300539,251.45434013463043,251.45434013463043,251.45434013463043,0.0,0.0,0.0,11976.957542643077
2020-10-09,11614.79521450261,11286.290241707837,12673.998410899294,11614.79521450261,11614.79521450261,359.3684837260034,359.3684837260034,359.3684837260034,119.50192119472824,119.50192119472824,119.50192119472824,239.86656253127512,239.86656253127512,239.86656253127512,0.0,0.0,0.0,11974.163698228613
2020-10-12,11679.17365332412,11277.780827437242,12676.803558300793,11679.17365332412,11679.17365332412,340.9144158556869,340.9144158556869,340.9144158556869,128.19211995654888,128.19211995654888,128.19211995654888,212.72229589913803,212.72229589913803,212.72229589913803,0.0,0.0,0.0,12020.088069179807
2020-10-13,11700.633132931287,11325.970124371579,12719.72977382939,11700.633132931287,11700.633132931287,337.249312178724,337.249312178724,337.249312178724,131.19089596961905,131.19089596961905,131.19089596961905,206.05841620910493,206.05841620910493,206.05841620910493,0.0,0.0,0.0,12037.882445110012
2020-10-14,11722.092612538456,11307.610098051131,12733.96069617256,11722.092612538456,11722.092612538456,330.85492120344554,330.85492120344554,330.85492120344554,130.4085106656164,130.4085106656164,130.4085106656164,200.44641053782914,200.44641053782914,200.44641053782914,0.0,0.0,0.0,12052.9475337419
2020-10-15,11743.55209214563,11364.5644596564,12786.904751306432,11743.55209214563,11743.55209214563,327.93830866119214,327.93830866119214,327.93830866119214,132.16746761267075,132.16746761267075,132.16746761267075,195.7708410485214,195.7708410485214,195.7708410485214,0.0,0.0,0.0,12071.490400806822
2020-10-16,11765.011571752797,11310.256298940554,12767.169855321885,11765.011571752797,11765.011571752797,311.40250503860284,311.40250503860284,311.40250503860284,119.50192119442465,119.50192119442465,119.50192119442465,191.90058384417821,191.90058384417821,191.90058384417821,0.0,0.0,0.0,12076.4140767914
2020-10-19,11829.390010574303,11390.974821094695,12864.33456274596,11829.390010574303,11829.390010574303,311.85909895083694,311.85909895083694,311.85909895083694,128.19211995622305,128.19211995622305,128.19211995622305,183.66697899461383,183.66697899461383,183.66697899461383,0.0,0.0,0.0,12141.24910952514
2020-10-20,11850.849490181476,11390.19246943704,12908.140756598692,11850.849490181476,11850.849490181476,312.7389586135706,312.7389586135706,312.7389586135706,131.19089596935436,131.19089596935436,131.19089596935436,181.54806264421623,181.54806264421623,181.54806264421623,0.0,0.0,0.0,12163.588448795046
2020-10-21,11872.308969788644,11499.00205449772,12915.592115407759,11872.308969788644,11872.308969788644,309.90934872456256,309.90934872456256,309.90934872456256,130.40851066525974,130.40851066525974,130.40851066525974,179.50083805930285,179.50083805930285,179.50083805930285,0.0,0.0,0.0,12182.218318513207
2020-10-22,11893.768449395811,11463.26093019014,12895.68854974411,11893.768449395811,11893.768449395811,309.56303933396583,309.56303933396583,309.56303933396583,132.1674676126907,132.1674676126907,132.1674676126907,177.39557172127516,177.39557172127516,177.39557172127516,0.0,0.0,0.0,12203.331488729777
2020-10-23,11915.227929002982,11447.207422256372,12932.577299258995,11915.227929002982,11915.227929002982,294.62025182665997,294.62025182665997,294.62025182665997,119.501921194121,119.501921194121,119.501921194121,175.118330632539,175.118330632539,175.118330632539,0.0,0.0,0.0,12209.848180829642
2020-10-26,11979.606367824492,11632.408120338965,13030.531466755501,11979.606367824492,11979.606367824492,294.61552544609094,294.61552544609094,294.61552544609094,128.19211995718607,128.19211995718607,128.19211995718607,166.42340548890488,166.42340548890488,166.42340548890488,0.0,0.0,0.0,12274.221893270584
2020-10-27,12001.065847431659,11592.852957059691,13017.555347229685,12001.065847431659,12001.065847431659,293.93822052560154,293.93822052560154,293.93822052560154,131.1908959690897,131.1908959690897,131.1908959690897,162.7473245565118,162.7473245565118,162.7473245565118,0.0,0.0,0.0,12295.00406795726
2020-10-28,12022.525327038828,11567.235109760346,13104.427924425228,12022.525327038828,12022.525327038828,289.0782030140283,289.0782030140283,289.0782030140283,130.40851066597799,130.40851066597799,130.40851066597799,158.6696923480504,158.6696923480504,158.6696923480504,0.0,0.0,0.0,12311.603530052857
2020-10-29,12043.984806645998,11643.747183118418,13095.422286446856,12043.984806645998,12043.984806645998,286.3908660427895,286.3908660427895,286.3908660427895,132.16746761266867,132.16746761266867,132.16746761266867,154.22339843012085,154.22339843012085,154.22339843012085,0.0,0.0,0.0,12330.375672688788
2020-10-30,12065.444286253167,11578.263510140892,13011.032340004858,12065.444286253167,12065.444286253167,268.96943725506094,268.96943725506094,268.96943725506094,119.50192119379157,119.50192119379157,119.50192119379157,149.46751606126932,149.46751606126932,149.46751606126932,0.0,0.0,0.0,12334.413723508227
2020-11-02,12129.822725074673,11683.687654090338,13103.5425677293,12129.822725074673,12129.822725074673,262.47793893001403,262.47793893001403,262.47793893001403,128.1921199559135,128.1921199559135,128.1921199559135,134.28581897410052,134.28581897410052,134.28581897410052,0.0,0.0,0.0,12392.300664004688
2020-11-03,12151.282204681844,11692.870521156658,13174.861917002685,12151.282204681844,12151.282204681844,260.5234674086464,260.5234674086464,260.5234674086464,131.190895968825,131.190895968825,131.190895968825,129.33257143982146,129.33257143982146,129.33257143982146,0.0,0.0,0.0,12411.80567209049
2020-11-04,12172.741684289016,11687.58820202594,13151.13546248375,12172.741684289016,12172.741684289016,255.08331460877838,255.08331460877838,255.08331460877838,130.40851066562135,130.40851066562135,130.40851066562135,124.67480394315702,124.67480394315702,124.67480394315702,0.0,0.0,0.0,12427.824998897795
2020-11-05,12194.201163896183,11731.635436681547,13187.332456193853,12194.201163896183,12194.201163896183,252.63743610339415,252.63743610339415,252.63743610339415,132.16746761295926,132.16746761295926,132.16746761295926,120.46996849043488,120.46996849043488,120.46996849043488,0.0,0.0,0.0,12446.838599999577
2020-11-06,12215.660643503354,11753.169854081532,13165.094296999087,12215.660643503354,12215.660643503354,236.37896224566768,236.37896224566768,236.37896224566768,119.50192119351378,119.50192119351378,119.50192119351378,116.8770410521539,116.8770410521539,116.8770410521539,0.0,0.0,0.0,12452.039605749022
2020-11-09,12280.039082324862,11808.926195088068,13244.134160537662,12280.039082324862,12280.039082324862,239.4693633105288,239.4693633105288,239.4693633105288,128.19211995623212,128.19211995623212,128.19211995623212,111.27724335429669,111.27724335429669,111.27724335429669,0.0,0.0,0.0,12519.50844563539
2020-11-10,12301.498561932029,11858.819974634804,13313.283059629057,12301.498561932029,12301.498561932029,242.7688611390716,242.7688611390716,242.7688611390716,131.19089596919576,131.19089596919576,131.19089596919576,111.57796516987582,111.57796516987582,111.57796516987582,0.0,0.0,0.0,12544.2674230711
2020-11-11,12322.9580415392,11865.379350131978,13348.696398623772,12322.9580415392,12322.9580415392,243.54483504955215,243.54483504955215,243.54483504955215,130.4085106658021,130.4085106658021,130.4085106658021,113.13632438375004,113.13632438375004,113.13632438375004,0.0,0.0,0.0,12566.502876588751
2020-11-12,12344.417521146368,11832.359360928911,13262.742104069828,12344.417521146368,12344.417521146368,248.18805618644575,248.18805618644575,248.18805618644575,132.16746761324978,132.16746761324978,132.16746761324978,116.02058857319598,116.02058857319598,116.02058857319598,0.0,0.0,0.0,12592.605577332813
2020-11-13,12365.877000753535,11860.659229269422,13362.01802769236,12365.877000753535,12365.877000753535,239.77250887051125,239.77250887051125,239.77250887051125,119.50192119488891,119.50192119488891,119.50192119488891,120.27058767562235,120.27058767562235,120.27058767562235,0.0,0.0,0.0,12605.649509624047
2020-11-17,12451.714919182215,11992.199849550409,13482.67591680409,12451.714919182215,12451.714919182215,281.82275194097565,281.82275194097565,281.82275194097565,131.19089596893113,131.19089596893113,131.19089596893113,150.63185597204458,150.63185597204458,150.63185597204458,0.0,0.0,0.0,12733.537671123191
2020-11-18,12473.174398789388,12059.424259001746,13444.483810002219,12473.174398789388,12473.174398789388,291.61725164084976,291.61725164084976,291.61725164084976,130.40851066566105,130.40851066566105,130.40851066566105,161.2087409751887,161.2087409751887,161.2087409751887,0.0,0.0,0.0,12764.791650430237
2020-11-19,12494.633878396555,12093.192662079351,13531.419922221778,12494.633878396555,12494.633878396555,304.8990406433267,304.8990406433267,304.8990406433267,132.1674676129152,132.1674676129152,132.1674676129152,172.7315730304115,172.7315730304115,172.7315730304115,0.0,0.0,0.0,12799.53291903988
2020-11-20,12516.093358003724,12108.576175827948,13547.02210688804,12516.093358003724,12516.093358003724,304.5302803106319,304.5302803106319,304.5302803106319,119.50192119458524,119.50192119458524,119.50192119458524,185.02835911604666,185.02835911604666,185.02835911604666,0.0,0.0,0.0,12820.623638314355
2020-11-23,12580.471796825233,12156.745252724944,13672.560920755304,12580.471796825233,12580.471796825233,352.73168835692246,352.73168835692246,352.73168835692246,128.19211995558052,128.19211995558052,128.19211995558052,224.53956840134197,224.53956840134197,224.53956840134197,0.0,0.0,0.0,12933.203485182155
2020-11-24,12601.931276432404,12241.283006513297,13679.467856014166,12601.931276432404,12601.931276432404,369.03167653009007,369.03167653009007,369.03167653009007,131.19089596932227,131.19089596932227,131.19089596932227,237.84078056076785,237.84078056076785,237.84078056076785,0.0,0.0,0.0,12970.962952962494
2020-11-25,12623.390756039571,12310.953575915268,13704.333113572004,12623.390756039571,12623.390756039571,381.2283961037469,381.2283961037469,381.2283961037469,130.4085106658418,130.4085106658418,130.4085106658418,250.81988543790504,250.81988543790504,250.81988543790504,0.0,0.0,0.0,13004.619152143317
2020-11-26,12644.85023564674,12310.086821886498,13803.00405534255,12644.85023564674,12644.85023564674,395.4137239108096,395.4137239108096,395.4137239108096,132.16746761320576,132.16746761320576,132.16746761320576,263.2462562976039,263.2462562976039,263.2462562976039,0.0,0.0,0.0,13040.26395955755
2020-11-27,12666.309715253907,12326.77380130801,13746.87408627958,12666.309715253907,12666.309715253907,394.40022154884,394.40022154884,394.40022154884,119.50192119428162,119.50192119428162,119.50192119428162,274.8983003545584,274.8983003545584,274.8983003545584,0.0,0.0,0.0,13060.709936802747
2020-12-01,12752.147633682585,12429.670339036384,13944.96530711688,12752.147633682585,12752.147633682585,441.12811459450984,441.12811459450984,441.12811459450984,131.1908959684017,131.1908959684017,131.1908959684017,309.9372186261082,309.9372186261082,309.9372186261082,0.0,0.0,0.0,13193.275748277096
2020-12-02,12773.607113289756,12464.78517638694,13878.204645807751,12773.607113289756,12773.607113289756,445.4710990389631,445.4710990389631,445.4710990389631,130.40851066548515,130.40851066548515,130.40851066548515,315.062588373478,315.062588373478,315.062588373478,0.0,0.0,0.0,13219.078212328719
2020-12-03,12795.066592896927,12513.444506123504,13969.211433140395,12795.066592896927,12795.066592896927,450.7106132681776,450.7106132681776,450.7106132681776,132.16746761318376,132.16746761318376,132.16746761318376,318.54314565499385,318.54314565499385,318.54314565499385,0.0,0.0,0.0,13245.777206165105
2020-12-04,12816.526072504095,12549.308298954342,13986.749929302143,12816.526072504095,12816.526072504095,439.8449364720158,439.8449364720158,439.8449364720158,119.50192119568251,119.50192119568251,119.50192119568251,320.3430152763333,320.3430152763333,320.3430152763333,0.0,0.0,0.0,13256.371008976112
2020-12-07,12880.904511325602,12563.626644090127,14026.720107729392,12880.904511325602,12880.904511325602,444.0279883455986,444.0279883455986,444.0279883455986,128.19211995655976,128.19211995655976,128.19211995655976,315.83586838903886,315.83586838903886,315.83586838903886,0.0,0.0,0.0,13324.9324996712
2020-12-08,12902.363990932774,12632.71522542895,14044.09815998185,12902.363990932774,12902.363990932774,442.4539944392016,442.4539944392016,442.4539944392016,131.19089596879292,131.19089596879292,131.19089596879292,311.26309847040864,311.26309847040864,311.26309847040864,0.0,0.0,0.0,13344.817985371976
2020-12-09,12923.82347053994,12686.459263752431,14076.193602979554,12923.82347053994,12923.82347053994,435.75881402620143,435.75881402620143,435.75881402620143,130.40851066566594,130.40851066566594,130.40851066566594,305.35030336053546,305.35030336053546,305.35030336053546,0.0,0.0,0.0,13359.582284566142
2020-12-10,12945.282950147111,12701.08533885844,14137.26752142196,12945.282950147111,12945.282950147111,430.4230198153171,430.4230198153171,430.4230198153171,132.16746761289116,132.16746761289116,132.16746761289116,298.255552202426,298.255552202426,298.255552202426,0.0,0.0,0.0,13375.705969962428
2020-12-11,12966.742429754278,12651.290609713456,14055.438874081072,12966.742429754278,12966.742429754278,409.66043430950003,409.66043430950003,409.66043430950003,119.50192119537888,119.50192119537888,119.50192119537888,290.1585131141211,290.1585131141211,290.1585131141211,0.0,0.0,0.0,13376.402864063779
2020-12-14,13031.120868575788,12739.639033916108,14171.484514857526,13031.120868575788,13031.120868575788,390.06193725585695,390.06193725585695,390.06193725585695,128.19211995623394,128.19211995623394,128.19211995623394,261.86981729962304,261.86981729962304,261.86981729962304,0.0,0.0,0.0,13421.182805831646
2020-12-15,13052.58034818297,12685.47145411651,14177.712407186431,13052.58034818297,13052.58034818297,383.00592310994136,383.00592310994136,383.00592310994136,131.1908959691637,131.1908959691637,131.1908959691637,251.8150271407777,251.8150271407777,251.8150271407777,0.0,0.0,0.0,13435.586271292912
2020-12-16,13074.039823191164,12705.932571266098,14173.568456740037,13074.039823191164,13074.039823191164,372.2078097240891,372.2078097240891,372.2078097240891,130.4085106653093,130.4085106653093,130.4085106653093,241.7992990587798,241.7992990587798,241.7992990587798,0.0,0.0,0.0,13446.247632915252
2020-12-17,13095.49929819936,12739.835192012968,14191.725086625003,13095.49929819936,13095.49929819936,364.18831406583394,364.18831406583394,364.18831406583394,132.16746761286907,132.16746761286907,132.16746761286907,232.02084645296486,232.02084645296486,232.02084645296486,0.0,0.0,0.0,13459.687612265194
2020-12-18,13116.958773207562,12712.50824802924,14201.834341274962,13116.958773207562,13116.958773207562,342.16400160883444,342.16400160883444,342.16400160883444,119.50192119507527,119.50192119507527,119.50192119507527,222.66208041375918,222.66208041375918,222.66208041375918,0.0,0.0,0.0,13459.122774816396
2020-12-21,13181.337198232148,12800.152019974557,14257.765326419038,13181.337198232148,13181.337198232148,326.79023921876427,326.79023921876427,326.79023921876427,128.1921199559081,128.1921199559081,128.1921199559081,198.5981192628561,198.5981192628561,198.5981192628561,0.0,0.0,0.0,13508.127437450912
2020-12-22,13202.796673240347,12849.29075125981,14235.869226970792,13202.796673240347,13202.796673240347,323.468370667091,323.468370667091,323.468370667091,131.190895968899,131.190895968899,131.190895968899,192.277474698192,192.277474698192,192.277474698192,0.0,0.0,0.0,13526.265043907439
2020-12-23,13224.256148248545,12860.100973992176,14294.95125546246,13224.256148248545,13224.256148248545,317.32102232270955,317.32102232270955,317.32102232270955,130.40851066602758,130.40851066602758,130.40851066602758,186.91251165668194,186.91251165668194,186.91251165668194,0.0,0.0,0.0,13541.577170571254
2020-12-24,13245.715623256741,12850.643566481374,14343.950671025164,13245.715623256741,13245.715623256741,314.6852180061691,314.6852180061691,314.6852180061691,132.1674676128471,132.1674676128471,132.1674676128471,182.51775039332196,182.51775039332196,182.51775039332196,0.0,0.0,0.0,13560.40084126291
2020-12-28,13331.553523289533,12937.9576260386,14371.754763256287,13331.553523289533,13331.553523289533,302.0049624086439,302.0049624086439,302.0049624086439,128.19211995622672,128.19211995622672,128.19211995622672,173.81284245241724,173.81284245241724,173.81284245241724,0.0,0.0,0.0,13633.558485698177
2020-12-29,13353.012998297727,12929.259985473731,14359.460681474171,13353.012998297727,13353.012998297727,304.58545541654337,304.58545541654337,304.58545541654337,131.19089596863427,131.19089596863427,131.19089596863427,173.39455944790907,173.39455944790907,173.39455944790907,0.0,0.0,0.0,13657.59845371427
2020-12-30,13374.472473305923,12915.230313394282,14406.207944984853,13374.472473305923,13374.472473305923,303.81922845513566,303.81922845513566,303.81922845513566,130.4085106656709,130.4085106656709,130.4085106656709,173.41071778946474,173.41071778946474,173.41071778946474,0.0,0.0,0.0,13678.291701761058
2020-12-31,13395.931948314123,12969.412099126394,14494.71321108197,13395.931948314123,13395.931948314123,305.86339382077426,305.86339382077426,305.86339382077426,132.16746761255442,132.16746761255442,132.16746761255442,173.69592620821987,173.69592620821987,173.69592620821987,0.0,0.0,0.0,13701.795342134898
2021-01-01,13417.391423322317,12950.90102459734,14420.50588962407,13417.391423322317,13417.391423322317,293.57658762676357,293.57658762676357,293.57658762676357,119.50192119441644,119.50192119441644,119.50192119441644,174.07466643234713,174.07466643234713,174.07466643234713,0.0,0.0,0.0,13710.96801094908
2021-01-04,13481.76984834691,13048.584545261214,14491.408900245518,13481.76984834691,13481.76984834691,302.16702281621014,302.16702281621014,302.16702281621014,128.19211995654535,128.19211995654535,128.19211995654535,173.97490285966478,173.97490285966478,173.97490285966478,0.0,0.0,0.0,13783.93687116312
2021-01-05,13503.229323355106,13041.116419926431,14562.123321272884,13503.229323355106,13503.229323355106,304.1442624679269,304.1442624679269,304.1442624679269,131.19089596902555,131.19089596902555,131.19089596902555,172.95336649890137,172.95336649890137,172.95336649890137,0.0,0.0,0.0,13807.373585823034
2021-01-06,13524.6887983633,13072.24007739458,14583.234505971193,13524.6887983633,13524.6887983633,301.5870101490117,301.5870101490117,301.5870101490117,130.40851066552977,130.40851066552977,130.40851066552977,171.1784994834819,171.1784994834819,171.1784994834819,0.0,0.0,0.0,13826.275808512311
2021-01-07,13546.148273371502,13156.69454681203,14534.329232214677,13546.148273371502,13546.148273371502,300.6891750528572,300.6891750528572,300.6891750528572,132.167467612845,132.167467612845,132.167467612845,168.52170744001214,168.52170744001214,168.52170744001214,0.0,0.0,0.0,13846.83744842436
2021-01-08,13567.607748379698,13148.212947669803,14548.71885871157,13567.607748379698,13567.607748379698,284.37966072603814,284.37966072603814,284.37966072603814,119.50192119411278,119.50192119411278,119.50192119411278,164.87773953192533,164.87773953192533,164.87773953192533,0.0,0.0,0.0,13851.987409105735
2021-01-11,13631.986173404288,13178.414194730045,14667.596175500456,13631.986173404288,13631.986173404288,275.56962971802477,275.56962971802477,275.56962971802477,128.19211995591718,128.19211995591718,128.19211995591718,147.37750976210762,147.37750976210762,147.37750976210762,0.0,0.0,0.0,13907.555803122312
2021-01-12,13653.445648412486,13227.360457952693,14666.195112576066,13653.445648412486,13653.445648412486,270.47776778675143,270.47776778675143,270.47776778675143,131.1908959694167,131.1908959694167,131.1908959694167,139.28687181733474,139.28687181733474,139.28687181733474,0.0,0.0,0.0,13923.923416199237
2021-01-13,13674.905123420685,13209.124417551122,14694.550302920403,13674.905123420685,13674.905123420685,260.5176832008744,260.5176832008744,260.5176832008744,130.40851066571054,130.40851066571054,130.40851066571054,130.10917253516382,130.10917253516382,130.10917253516382,0.0,0.0,0.0,13935.42280662156
2021-01-14,13696.36459842888,13188.80541583934,14634.035503571617,13696.36459842888,13696.36459842888,252.08072062600712,252.08072062600712,252.08072062600712,132.1674676125104,132.1674676125104,132.1674676125104,119.91325301349674,119.91325301349674,119.91325301349674,0.0,0.0,0.0,13948.445319054887
2021-01-15,13717.824073437076,13230.114446733867,14686.595073840128,13717.824073437076,13717.824073437076,228.2966649433538,228.2966649433538,228.2966649433538,119.50192119380918,119.50192119380918,119.50192119380918,108.79474374954458,108.79474374954458,108.79474374954458,0.0,0.0,0.0,13946.120738380429
2021-01-18,13782.20249846167,13323.765918271707,14713.502756415186,13782.20249846167,13782.20249846167,199.39003002096422,199.39003002096422,199.39003002096422,128.19211995559135,128.19211995559135,128.19211995559135,71.19791006537287,71.19791006537287,71.19791006537287,0.0,0.0,0.0,13981.592528482633
2021-01-19,13803.661973469867,13288.382032015963,14656.762324739628,13803.661973469867,13803.661973469867,188.95964204169837,188.95964204169837,188.95964204169837,131.19089596915197,131.19089596915197,131.19089596915197,57.76874607254641,57.76874607254641,57.76874607254641,0.0,0.0,0.0,13992.621615511565
2021-01-20,13825.121448478063,13240.324362179732,14717.577246091249,13825.121448478063,13825.121448478063,174.58497367764429,174.58497367764429,174.58497367764429,130.40851066589136,130.40851066589136,130.40851066589136,44.17646301175294,44.17646301175294,44.17646301175294,0.0,0.0,0.0,13999.706422155707
2021-01-21,13846.58092348626,13317.181532485858,14688.28576647581,13846.58092348626,13846.58092348626,162.76543786278646,162.76543786278646,162.76543786278646,132.16746761280098,132.16746761280098,132.16746761280098,30.597970249985483,30.597970249985483,30.597970249985483,0.0,0.0,0.0,14009.346361349048
2021-01-22,13868.040398494457,13361.19198469622,14774.709998585733,13868.040398494457,13868.040398494457,136.70869452548902,136.70869452548902,136.70869452548902,119.50192119521007,119.50192119521007,119.50192119521007,17.206773330278935,17.206773330278935,17.206773330278935,0.0,0.0,0.0,14004.749093019946
2021-01-25,13932.418823519047,13305.505181757546,14763.014812129126,13932.418823519047,13932.418823519047,107.9276335818702,107.9276335818702,107.9276335818702,128.19211995655436,128.19211995655436,128.19211995655436,-20.26448637468418,-20.26448637468418,-20.26448637468418,0.0,0.0,0.0,14040.346457100917
2021-01-27,13975.337773535442,13338.564650478074,14790.482200741917,13975.337773535442,13975.337773535442,88.6837363089511,88.6837363089511,88.6837363089511,130.40851066575024,130.40851066575024,130.40851066575024,-41.724774356799145,-41.724774356799145,-41.724774356799145,0.0,0.0,0.0,14064.021509844393
2021-01-28,13996.797248543638,13374.337188961432,14811.952442782362,13996.797248543638,13996.797248543638,81.0242886447031,81.0242886447031,81.0242886447031,132.16746761277892,132.16746761277892,132.16746761277892,-51.14317896807583,-51.14317896807583,-51.14317896807583,0.0,0.0,0.0,14077.821537188342
2021-01-29,14018.256723551838,13369.683176529994,14838.86713845158,14018.256723551838,14018.256723551838,59.862204604932444,59.862204604932444,59.862204604932444,119.50192119488068,119.50192119488068,119.50192119488068,-59.63971658994823,-59.63971658994823,-59.63971658994823,0.0,0.0,0.0,14078.118928156771
2021-02-01,14082.63514857643,13436.516360631113,14874.215034854562,14082.63514857643,14082.63514857643,48.40195910225969,48.40195910225969,48.40195910225969,128.19211995622857,128.19211995622857,128.19211995622857,-79.79016085396889,-79.79016085396889,-79.79016085396889,0.0,0.0,0.0,14131.037107678689
2021-02-02,14104.094623584626,13372.536807181776,14897.750164864812,14104.094623584626,14104.094623584626,46.24389034465075,46.24389034465075,46.24389034465075,131.1908959692581,131.1908959692581,131.1908959692581,-84.94700562460734,-84.94700562460734,-84.94700562460734,0.0,0.0,0.0,14150.338513929277
2021-02-03,14125.554098592822,13424.211943674756,14909.860939770795,14125.554098592822,14125.554098592822,40.90158599564016,40.90158599564016,40.90158599564016,130.40851066593106,130.40851066593106,130.40851066593106,-89.50692467029091,-89.50692467029091,-89.50692467029091,0.0,0.0,0.0,14166.455684588462
2021-02-04,14147.013573601016,13395.124933146186,14915.371534182032,14147.013573601016,14147.013573601016,38.54883320651587,38.54883320651587,38.54883320651587,132.1674676130695,132.1674676130695,132.1674676130695,-93.61863440655364,-93.61863440655364,-93.61863440655364,0.0,0.0,0.0,14185.562406807532
2021-02-05,14168.473048609218,13477.42963111132,14894.14655043612,14168.473048609218,14168.473048609218,22.049828503286857,22.049828503286857,22.049828503286857,119.50192119460286,119.50192119460286,119.50192119460286,-97.452092691316,-97.452092691316,-97.452092691316,0.0,0.0,0.0,14190.522877112504
2021-02-08,14232.851473633807,13497.592243123794,14981.3253855619,14232.851473633807,14232.851473633807,18.981062794819696,18.981062794819696,18.981062794819696,128.19211995654712,128.19211995654712,128.19211995654712,-109.21105716172742,-109.21105716172742,-109.21105716172742,0.0,0.0,0.0,14251.832536428627
2021-02-09,14254.310948642003,13522.165438227683,14978.076687478992,14254.310948642003,14254.310948642003,17.28881989418707,17.28881989418707,17.28881989418707,131.19089596964932,131.19089596964932,131.19089596964932,-113.90207607546223,-113.90207607546223,-113.90207607546223,0.0,0.0,0.0,14271.59976853619
2021-02-10,14275.770423650201,13580.446128499543,15013.705566799263,14275.770423650201,14275.770423650201,11.083844342711958,11.083844342711958,11.083844342711958,130.4085106655744,130.4085106655744,130.4085106655744,-119.32466632286244,-119.32466632286244,-119.32466632286244,0.0,0.0,0.0,14286.854267992914
2021-02-11,14297.229898658401,13606.204942624307,15055.952178688582,14297.229898658401,14297.229898658401,6.490047986857614,6.490047986857614,6.490047986857614,132.16746761304748,132.16746761304748,132.16746761304748,-125.67741962618986,-125.67741962618986,-125.67741962618986,0.0,0.0,0.0,14303.719946645258
2021-02-12,14318.689373666595,13589.07395118908,15016.19078714843,14318.689373666595,14318.689373666595,-13.643969357964396,-13.643969357964396,-13.643969357964396,119.5019211942734,119.5019211942734,119.5019211942734,-133.14589055223777,-133.14589055223777,-133.14589055223777,0.0,0.0,0.0,14305.04540430863
2021-02-15,14383.067798691189,13618.941391616605,15084.25234279978,14383.067798691189,14383.067798691189,-35.61815906159028,-35.61815906159028,-35.61815906159028,128.19211995622132,128.19211995622132,128.19211995622132,-163.81027901781158,-163.81027901781158,-163.81027901781158,0.0,0.0,0.0,14347.449639629598
2021-02-16,14404.527273699385,13612.53454604867,15080.141015022296,14404.527273699385,14404.527273699385,-45.99118624380064,-45.99118624380064,-45.99118624380064,131.19089596872874,131.19089596872874,131.19089596872874,-177.18208221252937,-177.18208221252937,-177.18208221252937,0.0,0.0,0.0,14358.536087455584
2021-02-17,14425.986748707583,13584.479688891064,15077.593874608623,14425.986748707583,14425.986748707583,-61.84629846684828,-61.84629846684828,-61.84629846684828,130.4085106662927,130.4085106662927,130.4085106662927,-192.25480913314098,-192.25480913314098,-192.25480913314098,0.0,0.0,0.0,14364.140450240735
2021-02-18,14447.446223715779,13622.733957164752,15057.114499412137,14447.446223715779,14447.446223715779,-76.88813811998665,-76.88813811998665,-76.88813811998665,132.16746761275485,132.16746761275485,132.16746761275485,-209.0556057327415,-209.0556057327415,-209.0556057327415,0.0,0.0,0.0,14370.558085595792
2021-02-19,14468.905698723975,13697.31640957251,15057.666134610075,14468.905698723975,14468.905698723975,-108.07585818203142,-108.07585818203142,-108.07585818203142,119.5019211939698,119.5019211939698,119.5019211939698,-227.57777937600122,-227.57777937600122,-227.57777937600122,0.0,0.0,0.0,14360.829840541943
2021-02-22,14533.284123748566,13648.58590571862,15144.68012389012,14533.284123748566,14533.284123748566,-164.70856341664194,-164.70856341664194,-164.70856341664194,128.19211995653995,128.19211995653995,128.19211995653995,-292.9006833731819,-292.9006833731819,-292.9006833731819,0.0,0.0,0.0,14368.575560331925
2021-02-23,14554.743598756762,13667.353679578111,15066.843936711188,14554.743598756762,14554.743598756762,-186.38517228290087,-186.38517228290087,-186.38517228290087,131.19089596975536,131.19089596975536,131.19089596975536,-317.5760682526562,-317.5760682526562,-317.5760682526562,0.0,0.0,0.0,14368.358426473862
2021-02-24,14576.20307376496,13632.435235897517,15045.632495255248,14576.20307376496,14576.20307376496,-213.04495599237544,-213.04495599237544,-213.04495599237544,130.40851066593598,130.40851066593598,130.40851066593598,-343.4534666583114,-343.4534666583114,-343.4534666583114,0.0,0.0,0.0,14363.158117772586
2021-02-25,14597.66254877316,13594.129444531845,15087.415952407857,14597.66254877316,14597.66254877316,-238.17853153432938,-238.17853153432938,-238.17853153432938,132.1674676127328,132.1674676127328,132.1674676127328,-370.3459991470622,-370.3459991470622,-370.3459991470622,0.0,0.0,0.0,14359.48401723883
2021-02-26,14619.122023781354,13595.361804308257,15041.699376672834,14619.122023781354,14619.122023781354,-278.54466614534226,-278.54466614534226,-278.54466614534226,119.50192119364037,119.50192119364037,119.50192119364037,-398.0465873389826,-398.0465873389826,-398.0465873389826,0.0,0.0,0.0,14340.577357636012
2021-03-01,14683.500448805944,13627.757421623943,15016.795720032802,14683.500448805944,14683.500448805944,-355.5178184132204,-355.5178184132204,-355.5178184132204,128.1921199559118,128.1921199559118,128.1921199559118,-483.70993836913226,-483.70993836913226,-483.70993836913226,0.0,0.0,0.0,14327.982630392724
2021-03-02,14704.959923814145,13589.905108320514,14996.557301301867,14704.959923814145,14704.959923814145,-381.1238443133848,-381.1238443133848,-381.1238443133848,131.1908959688348,131.1908959688348,131.1908959688348,-512.3147402822196,-512.3147402822196,-512.3147402822196,0.0,0.0,0.0,14323.836079500761
2021-03-03,14726.419398822341,13598.655936501953,15063.266747609936,14726.419398822341,14726.419398822341,-410.12938122807765,-410.12938122807765,-410.12938122807765,130.4085106655793,130.4085106655793,130.4085106655793,-540.537891893657,-540.537891893657,-540.537891893657,0.0,0.0,0.0,14316.290017594263
2021-03-04,14747.878873830537,13629.660418761156,15015.625042786645,14747.878873830537,14747.878873830537,-435.97385501955625,-435.97385501955625,-435.97385501955625,132.1674676130234,132.1674676130234,132.1674676130234,-568.1413226325795,-568.1413226325795,-568.1413226325795,0.0,0.0,0.0,14311.905018810981
2021-03-05,14769.338348838732,13560.57301305963,15045.42170536951,14769.338348838732,14769.338348838732,-475.3946845667215,-475.3946845667215,-475.3946845667215,119.50192119506708,119.50192119506708,119.50192119506708,-594.8966057617886,-594.8966057617886,-594.8966057617886,0.0,0.0,0.0,14293.94366427201
2021-03-08,14833.716773863325,13607.017772489666,15031.683959054984,14833.716773863325,14833.716773863325,-539.8137441115928,-539.8137441115928,-539.8137441115928,128.19211995623039,128.19211995623039,128.19211995623039,-668.0058640678233,-668.0058640678233,-668.0058640678233,0.0,0.0,0.0,14293.903029751733
2021-03-09,14855.176248871523,13585.636685848378,15033.262002561229,14855.176248871523,14855.176248871523,-558.2018138871147,-558.2018138871147,-558.2018138871147,131.19089596922598,131.19089596922598,131.19089596922598,-689.3927098563407,-689.3927098563407,-689.3927098563407,0.0,0.0,0.0,14296.974434984408
2021-03-10,14876.635723879719,13551.803258209058,15022.897430421444,14876.635723879719,14876.635723879719,-578.6342594818133,-578.6342594818133,-578.6342594818133,130.40851066576013,130.40851066576013,130.40851066576013,-709.0427701475734,-709.0427701475734,-709.0427701475734,0.0,0.0,0.0,14298.001464397907
2021-03-12,14919.554673896117,13587.178265599372,14996.76441683345,14919.554673896117,14919.554673896117,-623.2057976781213,-623.2057976781213,-623.2057976781213,119.50192119476348,119.50192119476348,119.50192119476348,-742.7077188728847,-742.7077188728847,-742.7077188728847,0.0,0.0,0.0,14296.348876217995
2021-03-15,14983.933098920697,13589.942352956117,15080.53267172264,14983.933098920697,14983.933098920697,-649.9634482990061,-649.9634482990061,-649.9634482990061,128.19211995590456,128.19211995590456,128.19211995590456,-778.1555682549107,-778.1555682549107,-778.1555682549107,0.0,0.0,0.0,14333.969650621691
2021-03-16,14992.799060100273,13620.163674438532,15060.111239773,14992.799060100273,14992.799060100273,-654.6727806116099,-654.6727806116099,-654.6727806116099,131.1908959689613,131.1908959689613,131.1908959689613,-785.8636765805712,-785.8636765805712,-785.8636765805712,0.0,0.0,0.0,14338.126279488662
2021-03-17,15001.665021279847,13575.484602234363,15094.569803472237,15001.665021279847,15001.665021279847,-661.1317613491894,-661.1317613491894,-661.1317613491894,130.40851066508156,130.40851066508156,130.40851066508156,-791.5402720142711,-791.5402720142711,-791.5402720142711,0.0,0.0,0.0,14340.533259930657
2021-03-18,15010.530982459422,13576.912849837963,15061.469936361564,15010.530982459422,15010.530982459422,-663.0591138880953,-663.0591138880953,-663.0591138880953,132.16746761297938,132.16746761297938,132.16746761297938,-795.2265815010747,-795.2265815010747,-795.2265815010747,0.0,0.0,0.0,14347.471868571327
2021-03-19,15019.396943638998,13590.8936150489,15109.007793300427,15019.396943638998,15019.396943638998,-677.4776355682471,-677.4776355682471,-677.4776355682471,119.50192119445983,119.50192119445983,119.50192119445983,-796.979556762707,-796.979556762707,-796.979556762707,0.0,0.0,0.0,14341.91930807075
2021-03-22,15045.994827177723,13643.99883650783,15093.744451063847,15045.994827177723,15045.994827177723,-663.2067011967314,-663.2067011967314,-663.2067011967314,128.19211995592082,128.19211995592082,128.19211995592082,-791.3988211526522,-791.3988211526522,-791.3988211526522,0.0,0.0,0.0,14382.788125980991
2021-03-23,15054.860788357299,13697.780132069556,15119.201167510906,15054.860788357299,15054.860788357299,-655.0367166156595,-655.0367166156595,-655.0367166156595,131.19089596869662,131.19089596869662,131.19089596869662,-786.2276125843562,-786.2276125843562,-786.2276125843562,0.0,0.0,0.0,14399.82407174164
2021-03-24,15063.726749536874,13654.610696056237,15119.891143450626,15063.726749536874,15063.726749536874,-649.161027547577,-649.161027547577,-649.161027547577,130.4085106657998,130.4085106657998,130.4085106657998,-779.5695382133769,-779.5695382133769,-779.5695382133769,0.0,0.0,0.0,14414.565721989296
2021-03-25,15072.59271071645,13679.845146536796,15182.586118220606,15072.59271071645,15072.59271071645,-639.3651188186566,-639.3651188186566,-639.3651188186566,132.16746761326996,132.16746761326996,132.16746761326996,-771.5325864319266,-771.5325864319266,-771.5325864319266,0.0,0.0,0.0,14433.227591897794
2021-03-26,15081.458671896025,13687.483339878561,15149.680290065284,15081.458671896025,15081.458671896025,-642.7253333084652,-642.7253333084652,-642.7253333084652,119.5019211941304,119.5019211941304,119.5019211941304,-762.2272545025957,-762.2272545025957,-762.2272545025957,0.0,0.0,0.0,14438.73333858756
2021-03-30,15116.922516614322,13797.003434423756,15218.512355316218,15116.922516614322,15116.922516614322,-583.3737393393469,-583.3737393393469,-583.3737393393469,131.19089596843187,131.19089596843187,131.19089596843187,-714.5646353077788,-714.5646353077788,-714.5646353077788,0.0,0.0,0.0,14533.548777274975
2021-03-31,15125.788477793902,13845.215755774427,15307.279053256761,15125.788477793902,15125.788477793902,-570.1904983469758,-570.1904983469758,-570.1904983469758,130.40851066544317,130.40851066544317,130.40851066544317,-700.599009012419,-700.599009012419,-700.599009012419,0.0,0.0,0.0,14555.597979446926
2021-04-01,15134.654438973474,13881.317479970907,15355.30592777754,15134.654438973474,15134.654438973474,-553.8685333862104,-553.8685333862104,-553.8685333862104,132.1674676132479,132.1674676132479,132.1674676132479,-686.0360009994583,-686.0360009994583,-686.0360009994583,0.0,0.0,0.0,14580.785905587263
2021-04-05,15170.118283691774,13899.356785555108,15346.690202917851,15170.118283691774,15170.118283691774,-495.83113656047817,-495.83113656047817,-495.83113656047817,128.192119956558,128.192119956558,128.192119956558,-624.0232565170362,-624.0232565170362,-624.0232565170362,0.0,0.0,0.0,14674.287147131296
2021-04-06,15178.984244871346,13989.38713002998,15398.974009161091,15178.984244871346,15178.984244871346,-476.9447454476838,-476.9447454476838,-476.9447454476838,131.19089596882313,131.19089596882313,131.19089596882313,-608.1356414165069,-608.1356414165069,-608.1356414165069,0.0,0.0,0.0,14702.039499423663
2021-04-07,15187.850206050922,14040.332186930145,15411.349764570328,15187.850206050922,15187.850206050922,-461.91026169998685,-461.91026169998685,-461.91026169998685,130.40851066562396,130.40851066562396,130.40851066562396,-592.3187723656108,-592.3187723656108,-592.3187723656108,0.0,0.0,0.0,14725.939944350936
2021-04-08,15196.716167230497,14043.712820866236,15453.897304107892,15196.716167230497,15196.716167230497,-444.5187092400124,-444.5187092400124,-444.5187092400124,132.16746761295528,132.16746761295528,132.16746761295528,-576.6861768529677,-576.6861768529677,-576.6861768529677,0.0,0.0,0.0,14752.197457990485
2021-04-09,15205.582128410073,14021.887866698964,15521.221517021542,15205.582128410073,15205.582128410073,-441.8498662480703,-441.8498662480703,-441.8498662480703,119.50192119520186,119.50192119520186,119.50192119520186,-561.3517874432722,-561.3517874432722,-561.3517874432722,0.0,0.0,0.0,14763.732262162002
2021-04-12,15232.180011948798,14123.985607567423,15538.831247395912,15232.180011948798,15232.180011948798,-390.0782487089199,-390.0782487089199,-390.0782487089199,128.1921199562322,128.1921199562322,128.1921199562322,-518.2703686651521,-518.2703686651521,-518.2703686651521,0.0,0.0,0.0,14842.101763239878
2021-04-13,15241.045973128374,14175.974739298968,15581.37534206585,15241.045973128374,15241.045973128374,-374.06149615466285,-374.06149615466285,-374.06149615466285,131.1908959691939,131.1908959691939,131.1908959691939,-505.25239212385674,-505.25239212385674,-505.25239212385674,0.0,0.0,0.0,14866.98447697371
2021-04-15,15258.777895487523,14152.925621601113,15613.401636074253,15258.777895487523,15258.777895487523,-349.6852440881531,-349.6852440881531,-349.6852440881531,132.16746761262064,132.16746761262064,132.16746761262064,-481.8527117007738,-481.8527117007738,-481.8527117007738,0.0,0.0,0.0,14909.092651399369
2021-04-16,15267.643856667099,14238.34535550438,15627.816049231988,15267.643856667099,15267.643856667099,-352.15374628829227,-352.15374628829227,-352.15374628829227,119.50192119492407,119.50192119492407,119.50192119492407,-471.6556674832163,-471.6556674832163,-471.6556674832163,0.0,0.0,0.0,14915.490110378807
2021-04-19,15294.241740205825,14243.455351963956,15677.802458258844,15294.241740205825,15294.241740205825,-319.77382985104305,-319.77382985104305,-319.77382985104305,128.1921199559064,128.1921199559064,128.1921199559064,-447.9659498069494,-447.9659498069494,-447.9659498069494,0.0,0.0,0.0,14974.467910354782
2021-04-20,15303.1077013854,14269.215777747724,15700.204077281644,15303.1077013854,15303.1077013854,-311.3468682703844,-311.3468682703844,-311.3468682703844,131.1908959695851,131.1908959695851,131.1908959695851,-442.5377642399695,-442.5377642399695,-442.5377642399695,0.0,0.0,0.0,14991.760833115015
2021-04-22,15320.839623744547,14307.73885975024,15759.673335050138,15320.839623744547,15320.839623744547,-303.3396979810182,-303.3396979810182,-303.3396979810182,132.16746761291125,132.16746761291125,132.16746761291125,-435.50716559392947,-435.50716559392947,-435.50716559392947,0.0,0.0,0.0,15017.499925763528
2021-04-23,15329.705584924122,14310.735751157536,15698.739497387369,15329.705584924122,15329.705584924122,-314.37515015630026,-314.37515015630026,-314.37515015630026,119.50192119459462,119.50192119459462,119.50192119459462,-433.8770713508949,-433.8770713508949,-433.8770713508949,0.0,0.0,0.0,15015.330434767822
2021-04-26,15356.303468462847,14355.654788963933,15788.795311872074,15356.303468462847,15356.303468462847,-307.7126018846642,-307.7126018846642,-307.7126018846642,128.19211995686942,128.19211995686942,128.19211995686942,-435.9047218415336,-435.9047218415336,-435.9047218415336,0.0,0.0,0.0,15048.590866578183
2021-04-27,15365.169429642423,14306.417721258485,15724.63829348403,15365.169429642423,15365.169429642423,-307.3929277504866,-307.3929277504866,-307.3929277504866,131.1908959686645,131.1908959686645,131.1908959686645,-438.5838237191511,-438.5838237191511,-438.5838237191511,0.0,0.0,0.0,15057.776501891936
2021-04-28,15374.035390821995,14381.920686795023,15792.076473040928,15374.035390821995,15374.035390821995,-311.65074234676933,-311.65074234676933,-311.65074234676933,130.40851066562888,130.40851066562888,130.40851066562888,-442.0592530123982,-442.0592530123982,-442.0592530123982,0.0,0.0,0.0,15062.384648475225
2021-04-29,15382.90135200157,14351.184797290702,15791.11269908964,15382.90135200157,15382.90135200157,-314.01056924980526,-314.01056924980526,-314.01056924980526,132.16746761261857,132.16746761261857,132.16746761261857,-446.17803686242377,-446.17803686242377,-446.17803686242377,0.0,0.0,0.0,15068.890782751765
2021-04-30,15391.767313181146,14368.954739637189,15811.342154786267,15391.767313181146,15391.767313181146,-331.2680934271552,-331.2680934271552,-331.2680934271552,119.50192119426518,119.50192119426518,119.50192119426518,-450.7700146214204,-450.7700146214204,-450.7700146214204,0.0,0.0,0.0,15060.49921975399
2021-05-03,15418.365196719871,14346.980772827224,15794.139439072655,15418.365196719871,15418.365196719871,-337.2912637547664,-337.2912637547664,-337.2912637547664,128.19211995654356,128.19211995654356,128.19211995654356,-465.48338371131,-465.48338371131,-465.48338371131,0.0,0.0,0.0,15081.073932965104
2021-05-04,15427.231157899447,14369.659301717063,15810.017503878013,15427.231157899447,15427.231157899447,-338.8320677494635,-338.8320677494635,-338.8320677494635,131.19089596905573,131.19089596905573,131.19089596905573,-470.02296371851924,-470.02296371851924,-470.02296371851924,0.0,0.0,0.0,15088.399090149984
2021-05-05,15436.097119079022,14376.098506388882,15862.353388296715,15436.097119079022,15436.097119079022,-343.62445128785555,-343.62445128785555,-343.62445128785555,130.40851066602525,130.40851066602525,130.40851066602525,-474.0329619538808,-474.0329619538808,-474.0329619538808,0.0,0.0,0.0,15092.472667791168
2021-05-06,15444.963080258598,14394.79302197191,15820.34004793932,15444.963080258598,15444.963080258598,-345.1411849443498,-345.1411849443498,-345.1411849443498,132.16746761290915,132.16746761290915,132.16746761290915,-477.308652557259,-477.308652557259,-477.308652557259,0.0,0.0,0.0,15099.821895314248
2021-05-07,15453.829041438174,14380.642263233189,15781.83510587805,15453.829041438174,15453.829041438174,-360.1517554619759,-360.1517554619759,-360.1517554619759,119.5019211939874,119.5019211939874,119.5019211939874,-479.65367665596324,-479.65367665596324,-479.65367665596324,0.0,0.0,0.0,15093.677285976199
2021-05-10,15480.426924976899,14389.278068687014,15847.840327865933,15480.426924976899,15480.426924976899,-351.1631435345106,-351.1631435345106,-351.1631435345106,128.19211995591544,128.19211995591544,128.19211995591544,-479.35526349042607,-479.35526349042607,-479.35526349042607,0.0,0.0,0.0,15129.263781442389
2021-05-11,15489.292886156474,14369.280537277527,15872.54812661899,15489.292886156474,15489.292886156474,-345.13621661365454,-345.13621661365454,-345.13621661365454,131.19089596944693,131.19089596944693,131.19089596944693,-476.3271125831014,-476.3271125831014,-476.3271125831014,0.0,0.0,0.0,15144.15666954282
2021-05-12,15498.15884733605,14465.138152529844,15869.118487740725,15498.15884733605,15498.15884733605,-341.2457214764545,-341.2457214764545,-341.2457214764545,130.40851066566856,130.40851066566856,130.40851066566856,-471.6542321421231,-471.6542321421231,-471.6542321421231,0.0,0.0,0.0,15156.913125859595
2021-05-14,15515.890769695197,14480.290775562968,15917.254479545469,15515.890769695197,15515.890769695197,-337.643239790366,-337.643239790366,-337.643239790366,119.50192119365799,119.50192119365799,119.50192119365799,-457.145160984024,-457.145160984024,-457.145160984024,0.0,0.0,0.0,15178.247529904831
2021-05-17,15542.488653233922,14479.791340918535,15938.37254949185,15542.488653233922,15542.488653233922,-294.2726819955608,-294.2726819955608,-294.2726819955608,128.19211995558965,128.19211995558965,128.19211995558965,-422.4648019511505,-422.4648019511505,-422.4648019511505,0.0,0.0,0.0,15248.215971238362
2021-05-18,15551.354614413498,14550.886709765959,16004.135775068495,15551.354614413498,15551.354614413498,-276.49779164041865,-276.49779164041865,-276.49779164041865,131.1908959685263,131.1908959685263,131.1908959685263,-407.688687608945,-407.688687608945,-407.688687608945,0.0,0.0,0.0,15274.85682277308
2021-05-19,15560.220575593074,14579.99902409734,16007.204377066153,15560.220575593074,15560.220575593074,-261.08371719646146,-261.08371719646146,-261.08371719646146,130.4085106663868,130.4085106663868,130.4085106663868,-391.49222786284827,-391.49222786284827,-391.49222786284827,0.0,0.0,0.0,15299.136858396612
2021-05-20,15569.086536772647,14630.49314979939,16059.21825557673,15569.086536772647,15569.086536772647,-241.86349347724186,-241.86349347724186,-241.86349347724186,132.1674676128651,132.1674676128651,132.1674676128651,-374.030961090107,-374.030961090107,-374.030961090107,0.0,0.0,0.0,15327.223043295406
2021-05-21,15577.952497952223,14615.124128018828,16110.8735098181,15577.952497952223,15577.952497952223,-235.9829647533435,-235.9829647533435,-235.9829647533435,119.50192119505886,119.50192119505886,119.50192119505886,-355.4848859484024,-355.4848859484024,-355.4848859484024,0.0,0.0,0.0,15341.969533198879
2021-05-24,15604.550381490946,14718.66758541971,16146.433922101516,15604.550381490946,15604.550381490946,-167.2288993523797,-167.2288993523797,-167.2288993523797,128.19211995590825,128.19211995590825,128.19211995590825,-295.42101930828795,-295.42101930828795,-295.42101930828795,0.0,0.0,0.0,15437.321482138566
2021-05-25,15613.416342670522,14767.66024254369,16234.738058433872,15613.416342670522,15613.416342670522,-143.4902058796432,-143.4902058796432,-143.4902058796432,131.19089596891754,131.19089596891754,131.19089596891754,-274.68110184856073,-274.68110184856073,-274.68110184856073,0.0,0.0,0.0,15469.926136790878
2021-05-26,15622.282303850097,14777.444229987832,16232.415158426316,15622.282303850097,15622.282303850097,-123.56511865727512,-123.56511865727512,-123.56511865727512,130.40851066570826,130.40851066570826,130.40851066570826,-253.97362932298338,-253.97362932298338,-253.97362932298338,0.0,0.0,0.0,15498.717185192821
2021-05-27,15631.148265029671,14860.504646017276,16257.436255594941,15631.148265029671,15631.148265029671,-101.36322407069609,-101.36322407069609,-101.36322407069609,132.16746761284313,132.16746761284313,132.16746761284313,-233.5306916835392,-233.5306916835392,-233.5306916835392,0.0,0.0,0.0,15529.785040958976
2021-05-28,15640.014226209247,14785.974502008463,16243.834382955074,15640.014226209247,15640.014226209247,-94.0731115043523,-94.0731115043523,-94.0731115043523,119.50192119472943,119.50192119472943,119.50192119472943,-213.57503269908173,-213.57503269908173,-213.57503269908173,0.0,0.0,0.0,15545.941114704894
2021-05-31,15666.612109747974,14916.295378412944,16367.278970243708,15666.612109747974,15666.612109747974,-30.423369854858855,-30.423369854858855,-30.423369854858855,128.19211995622683,128.19211995622683,128.19211995622683,-158.6154898110857,-158.6154898110857,-158.6154898110857,0.0,0.0,0.0,15636.188739893114
2021-06-01,15675.478070927547,14909.815774953375,16413.337366618754,15675.478070927547,15675.478070927547,-11.28979434303484,-11.28979434303484,-11.28979434303484,131.19089596863242,131.19089596863242,131.19089596863242,-142.48069031166725,-142.48069031166725,-142.48069031166725,0.0,0.0,0.0,15664.188276584513
2021-06-02,15684.344032107123,15027.815524530526,16361.669849789241,15684.344032107123,15684.344032107123,2.764365181966375,2.764365181966375,2.764365181966375,130.40851066588905,130.40851066588905,130.40851066588905,-127.64414548392269,-127.64414548392269,-127.64414548392269,0.0,0.0,0.0,15687.10839728909
2021-06-03,15693.209993286699,14976.22148216347,16451.041168926185,15693.209993286699,15693.209993286699,17.985383950837697,17.985383950837697,17.985383950837697,132.16746761313365,132.16746761313365,132.16746761313365,-114.18208366229595,-114.18208366229595,-114.18208366229595,0.0,0.0,0.0,15711.195377237536
2021-06-04,15702.075954466274,14982.233888068035,16441.15308060935,15702.075954466274,15702.075954466274,17.365168758542886,17.365168758542886,17.365168758542886,119.50192119442583,119.50192119442583,119.50192119442583,-102.13675243588294,-102.13675243588294,-102.13675243588294,0.0,0.0,0.0,15719.441123224817
2021-06-07,15728.673838005,15111.241691331343,16492.87625804378,15728.673838005,15728.673838005,53.7868953344537,53.7868953344537,53.7868953344537,128.19211995654547,128.19211995654547,128.19211995654547,-74.40522462209174,-74.40522462209174,-74.40522462209174,0.0,0.0,0.0,15782.460733339452
2021-06-08,15737.539799184575,15100.955912298594,16545.641822471072,15737.539799184575,15737.539799184575,63.42778020359783,63.42778020359783,63.42778020359783,131.19089596902364,131.19089596902364,131.19089596902364,-67.76311576542582,-67.76311576542582,-67.76311576542582,0.0,0.0,0.0,15800.967579388172
2021-06-09,15746.40576036415,15105.053353003052,16539.321027704467,15746.40576036415,15746.40576036415,68.16405908460958,68.16405908460958,68.16405908460958,130.4085106655324,130.4085106655324,130.4085106655324,-62.244451580922814,-62.244451580922814,-62.244451580922814,0.0,0.0,0.0,15814.56981944876
2021-06-10,15755.271721543722,15058.561181338659,16568.43343232503,15755.271721543722,15755.271721543722,74.46527026952131,74.46527026952131,74.46527026952131,132.16746761279907,132.16746761279907,132.16746761279907,-57.702197343277774,-57.702197343277774,-57.702197343277774,0.0,0.0,0.0,15829.736991813244
2021-06-11,15764.137682723298,15171.492325176921,16567.381851430353,15764.137682723298,15764.137682723298,65.53443836271475,65.53443836271475,65.53443836271475,119.5019211941222,119.5019211941222,119.5019211941222,-53.967482831407445,-53.967482831407445,-53.967482831407445,0.0,0.0,0.0,15829.672121086012
2021-06-14,15790.735566262032,15147.54650412868,16645.414514081873,15790.735566262032,15790.735566262032,82.50326610743168,82.50326610743168,82.50326610743168,128.1921199562196,128.1921199562196,128.1921199562196,-45.688853848787936,-45.688853848787936,-45.688853848787936,0.0,0.0,0.0,15873.238832369463
2021-06-15,15799.601533698204,15181.127539299767,16615.72157230126,15799.601533698204,15799.601533698204,87.96800641345506,87.96800641345506,87.96800641345506,131.1908959687589,131.1908959687589,131.1908959687589,-43.222889555303844,-43.222889555303844,-43.222889555303844,0.0,0.0,0.0,15887.569540111659
2021-06-16,15808.467501134377,15213.473388954579,16608.080514875033,15808.467501134377,15808.467501134377,89.8479774105465,89.8479774105465,89.8479774105465,130.40851066517573,130.40851066517573,130.40851066517573,-40.560533254629235,-40.560533254629235,-40.560533254629235,0.0,0.0,0.0,15898.315478544924
2021-06-17,15817.333468570545,15201.735420170766,16613.404721115327,15817.333468570545,15817.333468570545,94.66195593966218,94.66195593966218,94.66195593966218,132.16746761281897,132.16746761281897,132.16746761281897,-37.50551167315681,-37.50551167315681,-37.50551167315681,0.0,0.0,0.0,15911.995424510207
2021-06-18,15826.19943600672,15207.280484371919,16688.356601806525,15826.19943600672,15826.19943600672,85.62689626494648,85.62689626494648,85.62689626494648,119.50192119554887,119.50192119554887,119.50192119554887,-33.875024930602386,-33.875024930602386,-33.875024930602386,0.0,0.0,0.0,15911.826332271667
2021-06-21,15852.797338315235,15272.982743017345,16674.132654100038,15852.797338315235,15852.797338315235,110.1945855493354,110.1945855493354,110.1945855493354,128.1921199571826,128.1921199571826,128.1921199571826,-17.9975344078472,-17.9975344078472,-17.9975344078472,0.0,0.0,0.0,15962.99192386457
2021-06-22,15861.66330575141,15318.798830113632,16719.75431166955,15861.66330575141,15861.66330575141,120.53492136227023,120.53492136227023,120.53492136227023,131.1908959691297,131.1908959691297,131.1908959691297,-10.65597460685948,-10.65597460685948,-10.65597460685948,0.0,0.0,0.0,15982.19822711368
2021-06-23,15870.529273187582,15294.20107025865,16695.879579301705,15870.529273187582,15870.529273187582,128.24034250424188,128.24034250424188,128.24034250424188,130.40851066589397,130.40851066589397,130.40851066589397,-2.168168161652117,-2.168168161652117,-2.168168161652117,0.0,0.0,0.0,15998.769615691823
2021-06-24,15879.395240623755,15333.903096374614,16727.270170949458,15879.395240623755,15879.395240623755,139.65950855595182,139.65950855595182,139.65950855595182,132.167467612797,132.167467612797,132.167467612797,7.492040943154834,7.492040943154834,7.492040943154834,0.0,0.0,0.0,16019.054749179706
2021-06-25,15888.261208059923,15314.532744947097,16757.318033937278,15888.261208059923,15888.261208059923,137.82045118079185,137.82045118079185,137.82045118079185,119.50192119521947,119.50192119521947,119.50192119521947,18.318529985572386,18.318529985572386,18.318529985572386,0.0,0.0,0.0,16026.081659240715
2021-06-28,15914.859110368443,15370.559615549106,16831.57557342634,15914.859110368443,15914.859110368443,185.45547409952434,185.45547409952434,185.45547409952434,128.19211995591007,128.19211995591007,128.19211995591007,57.263354143614265,57.263354143614265,57.263354143614265,0.0,0.0,0.0,16100.314584467968
2021-06-29,15923.725077804613,15382.662048044596,16823.931234562824,15923.725077804613,15923.725077804613,203.26814418971313,203.26814418971313,203.26814418971313,131.19089596886502,131.19089596886502,131.19089596886502,72.07724822084808,72.07724822084808,72.07724822084808,0.0,0.0,0.0,16126.993221994326
2021-06-30,15932.591045240788,15451.82598048135,16905.718905736972,15932.591045240788,15932.591045240788,217.99082374639508,217.99082374639508,217.99082374639508,130.4085106655373,130.4085106655373,130.4085106655373,87.58231308085777,87.58231308085777,87.58231308085777,0.0,0.0,0.0,16150.581868987183
2021-07-01,15941.457012676958,15485.007829404376,16871.59214166998,15941.457012676958,15941.457012676958,235.7801035924433,235.7801035924433,235.7801035924433,132.16746761308752,132.16746761308752,132.16746761308752,103.6126359793558,103.6126359793558,103.6126359793558,0.0,0.0,0.0,16177.237116269402
2021-07-02,15950.322980113133,15451.660871636235,16924.320437235478,15950.322980113133,15950.322980113133,239.48932723220696,239.48932723220696,239.48932723220696,119.50192119491585,119.50192119491585,119.50192119491585,119.98740603729111,119.98740603729111,119.98740603729111,0.0,0.0,0.0,16189.812307345339
2021-07-05,15976.920882421646,15588.640888625412,17000.871043486626,15976.920882421646,15976.920882421646,297.4358282393972,297.4358282393972,297.4358282393972,128.19211995687309,128.19211995687309,128.19211995687309,169.2437082825241,169.2437082825241,169.2437082825241,0.0,0.0,0.0,16274.356710661043
2021-07-06,15985.786849857821,15607.69910213502,16997.319372847553,15985.786849857821,15985.786849857821,316.24373369327367,316.24373369327367,316.24373369327367,131.19089596925622,131.19089596925622,131.19089596925622,185.0528377240174,185.0528377240174,185.0528377240174,0.0,0.0,0.0,16302.030583551095
2021-07-07,15994.65281729399,15650.772296799907,17023.734618108705,15994.65281729399,15994.65281729399,330.65102874721083,330.65102874721083,330.65102874721083,130.4085106657181,130.4085106657181,130.4085106657181,200.2425180814927,200.2425180814927,200.2425180814927,0.0,0.0,0.0,16325.3038460412
2021-07-08,16003.518784730166,15673.373328514659,17104.987771504944,16003.518784730166,16003.518784730166,346.80814608610336,346.80814608610336,346.80814608610336,132.1674676133781,132.1674676133781,132.1674676133781,214.6406784727252,214.6406784727252,214.6406784727252,0.0,0.0,0.0,16350.326930816269
2021-07-09,16012.384752166336,15621.202725960393,17027.618893537256,16012.384752166336,16012.384752166336,347.59394069668963,347.59394069668963,347.59394069668963,119.50192119458643,119.50192119458643,119.50192119458643,228.0920195021032,228.0920195021032,228.0920195021032,0.0,0.0,0.0,16359.978692863026
2021-07-12,16038.982654474856,15696.048924947218,17163.711256942763,16038.982654474856,16038.982654474856,389.72325673336155,389.72325673336155,389.72325673336155,128.19211995654726,128.19211995654726,128.19211995654726,261.5311367768144,261.5311367768144,261.5311367768144,0.0,0.0,0.0,16428.705911208217
2021-07-13,16047.848621911024,15684.721535381519,17188.51247790621,16047.848621911024,16047.848621911024,401.27528917407744,401.27528917407744,401.27528917407744,131.19089596899155,131.19089596899155,131.19089596899155,270.0843932050859,270.0843932050859,270.0843932050859,0.0,0.0,0.0,16449.123911085102
2021-07-14,16056.714589347199,15742.609822275761,17206.582023244093,16056.714589347199,16056.714589347199,407.6724443885343,407.6724443885343,407.6724443885343,130.40851066557704,130.40851066557704,130.40851066557704,277.2639337229573,277.2639337229573,277.2639337229573,0.0,0.0,0.0,16464.387033735733
2021-07-15,16065.580556783369,15693.386856421845,17169.20217358121,16065.580556783369,16065.580556783369,415.2323304643819,415.2323304643819,415.2323304643819,132.16746761246029,132.16746761246029,132.16746761246029,283.06486285192165,283.06486285192165,283.06486285192165,0.0,0.0,0.0,16480.81288724775
2021-07-16,16074.446524219544,15762.353981402048,17234.435370250223,16074.446524219544,16074.446524219544,407.01134363427457,407.01134363427457,407.01134363427457,119.50192119430864,119.50192119430864,119.50192119430864,287.509422439966,287.509422439966,287.509422439966,0.0,0.0,0.0,16481.45786785382
2021-07-19,16101.044426528058,15821.859564733542,17231.826467030023,16101.044426528058,16101.044426528058,421.49683437924904,421.49683437924904,421.49683437924904,128.1921199559191,128.1921199559191,128.1921199559191,293.30471442332987,293.30471442332987,293.30471442332987,0.0,0.0,0.0,16522.541260907306
2021-07-20,16109.910393964234,15764.606691367739,17250.41589570937,16109.910393964234,16109.910393964234,424.22518026507504,424.22518026507504,424.22518026507504,131.19089596938275,131.19089596938275,131.19089596938275,293.0342842956923,293.0342842956923,293.0342842956923,0.0,0.0,0.0,16534.13557422931
2021-07-22,16127.642328836575,15805.471491766604,17249.565739385147,16127.642328836575,16127.642328836575,422.10127664239474,422.10127664239474,422.10127664239474,132.1674676124383,132.1674676124383,132.1674676124383,289.9338090299565,289.9338090299565,289.9338090299565,0.0,0.0,0.0,16549.74360547897
2021-07-23,16136.508296272747,15849.951918318744,17303.785658317414,16136.508296272747,16136.508296272747,406.89646042301933,406.89646042301933,406.89646042301933,119.50192119397921,119.50192119397921,119.50192119397921,287.3945392290401,287.3945392290401,287.3945392290401,0.0,0.0,0.0,16543.404756695767
2021-07-26,16163.106198581263,15866.04025786911,17290.356722455548,16163.106198581263,16163.106198581263,405.8631752562827,405.8631752562827,405.8631752562827,128.1921199562377,128.1921199562377,128.1921199562377,277.67105530004505,277.67105530004505,277.67105530004505,0.0,0.0,0.0,16568.969373837546
2021-07-27,16171.972166017436,15888.038301296916,17299.535549771415,16171.972166017436,16171.972166017436,405.42905309975094,405.42905309975094,405.42905309975094,131.19089596846212,131.19089596846212,131.19089596846212,274.23815713128886,274.23815713128886,274.23815713128886,0.0,0.0,0.0,16577.401219117186
2021-07-28,16180.838133453612,15878.443932603946,17314.277414916567,16180.838133453612,16180.838133453612,401.35821264752434,401.35821264752434,401.35821264752434,130.40851066540117,130.40851066540117,130.40851066540117,270.9497019821232,270.9497019821232,270.9497019821232,0.0,0.0,0.0,16582.196346101136
2021-07-29,16189.70410088978,15884.995707164675,17310.352899000474,16189.70410088978,16189.70410088978,400.10257527947357,400.10257527947357,400.10257527947357,132.16746761272884,132.16746761272884,132.16746761272884,267.9351076667447,267.9351076667447,267.9351076667447,0.0,0.0,0.0,16589.806676169253
2021-07-30,16198.570068325955,15872.549417065577,17336.679704199112,16198.570068325955,16198.570068325955,384.81268497028356,384.81268497028356,384.81268497028356,119.50192119538009,119.50192119538009,119.50192119538009,265.31076377490353,265.31076377490353,265.31076377490353,0.0,0.0,0.0,16583.38275329624
2021-08-02,16225.16797063447,15909.006004935693,17344.56995039629,16225.16797063447,16225.16797063447,388.9087379971594,388.9087379971594,388.9087379971594,128.1921199565563,128.1921199565563,128.1921199565563,260.71661804060307,260.71661804060307,260.71661804060307,0.0,0.0,0.0,16614.07670863163
2021-08-03,16234.033938070645,15893.505907183551,17312.46102315674,16234.033938070645,16234.033938070645,391.70042703484927,391.70042703484927,391.70042703484927,131.1908959688533,131.1908959688533,131.1908959688533,260.509531065996,260.509531065996,260.509531065996,0.0,0.0,0.0,16625.734365105494
2021-08-04,16242.899905506814,15924.530427996513,17356.829469494092,16242.899905506814,16242.899905506814,391.4477382670878,391.4477382670878,391.4477382670878,130.40851066558193,130.40851066558193,130.40851066558193,261.0392276015059,261.0392276015059,261.0392276015059,0.0,0.0,0.0,16634.3476437739
2021-08-05,16251.765872942986,15934.696902938704,17398.287087274446,16251.765872942986,16251.765872942986,394.4943812454544,394.4943812454544,394.4943812454544,132.16746761301943,132.16746761301943,132.16746761301943,262.3269136324349,262.3269136324349,262.3269136324349,0.0,0.0,0.0,16646.26025418844
2021-08-06,16260.63184037916,15931.422702056123,17327.603118976633,16260.63184037916,16260.63184037916,383.8814762689738,383.8814762689738,383.8814762689738,119.50192119507646,119.50192119507646,119.50192119507646,264.37955507389745,264.37955507389745,264.37955507389745,0.0,0.0,0.0,16644.513316648132
2021-08-09,16287.229742687676,15935.932984131414,17410.266596051955,16287.229742687676,16287.229742687676,403.208941693006,403.208941693006,403.208941693006,128.19211995623047,128.19211995623047,128.19211995623047,275.0168217367755,275.0168217367755,275.0168217367755,0.0,0.0,0.0,16690.438684380682
2021-08-10,16296.095710123847,15974.232276803543,17431.665888953074,16296.095710123847,16296.095710123847,411.1629345013061,411.1629345013061,411.1629345013061,131.19089596922413,131.19089596922413,131.19089596922413,279.9720385320819,279.9720385320819,279.9720385320819,0.0,0.0,0.0,16707.25864462515
2021-08-11,16304.961677560023,16014.941342001432,17459.355136770955,16304.961677560023,16304.961677560023,415.98233001444544,415.98233001444544,415.98233001444544,130.4085106652253,130.4085106652253,130.4085106652253,285.5738193492202,285.5738193492202,285.5738193492202,0.0,0.0,0.0,16720.944007574468
2021-08-12,16313.827644996192,16006.559416919876,17410.175932571754,16313.827644996192,16313.827644996192,423.94919183839926,423.94919183839926,423.94919183839926,132.16746761299743,132.16746761299743,132.16746761299743,291.7817242254019,291.7817242254019,291.7817242254019,0.0,0.0,0.0,16737.776836834593
2021-08-13,16322.693612432364,16005.117161844126,17442.14560040682,16322.693612432364,16322.693612432364,418.05620248905916,418.05620248905916,418.05620248905916,119.50192119477285,119.50192119477285,119.50192119477285,298.5542812942863,298.5542812942863,298.5542812942863,0.0,0.0,0.0,16740.749814921423
2021-08-16,16349.29151474088,16139.802102298278,17493.139757006695,16349.29151474088,16349.29151474088,450.0544756675906,450.0544756675906,450.0544756675906,128.19211995590467,128.19211995590467,128.19211995590467,321.862355711686,321.862355711686,321.862355711686,0.0,0.0,0.0,16799.34599040847
2021-08-17,16358.157482177055,16051.667891324123,17480.8184692893,16358.157482177055,16358.157482177055,461.7007917623926,461.7007917623926,461.7007917623926,131.19089596895944,131.19089596895944,131.19089596895944,330.5098957934332,330.5098957934332,330.5098957934332,0.0,0.0,0.0,16819.858273939448
2021-08-18,16367.023449613225,16203.254615416237,17562.825664134165,16367.023449613225,16367.023449613225,469.9551424188163,469.9551424188163,469.9551424188163,130.4085106661591,130.4085106661591,130.4085106661591,339.5466317526572,339.5466317526572,339.5466317526572,0.0,0.0,0.0,16836.978592032043
2021-08-20,16384.75538448557,16198.927605092356,17625.858646983048,16384.75538448557,16384.75538448557,478.1979159494111,478.1979159494111,478.1979159494111,119.50192119444343,119.50192119444343,119.50192119444343,358.69599475496767,358.69599475496767,358.69599475496767,0.0,0.0,0.0,16862.95330043498
2021-08-23,16411.353286794085,16181.609042019223,17627.699802968873,16411.353286794085,16411.353286794085,518.036271547367,518.036271547367,518.036271547367,128.19211995622328,128.19211995622328,128.19211995622328,389.8441515911439,389.8441515911439,389.8441515911439,0.0,0.0,0.0,16929.389558341452
2021-08-24,16420.21925423026,16225.7004120291,17660.24818456583,16420.21925423026,16420.21925423026,532.0020103297342,532.0020103297342,532.0020103297342,131.19089596869475,131.19089596869475,131.19089596869475,400.81111436103936,400.81111436103936,400.81111436103936,0.0,0.0,0.0,16952.221264559994
2021-08-25,16429.08522166643,16332.735619936211,17729.842888681393,16429.08522166643,16429.08522166643,542.449676356254,542.449676356254,542.449676356254,130.40851066580242,130.40851066580242,130.40851066580242,412.04116569045163,412.04116569045163,412.04116569045163,0.0,0.0,0.0,16971.534898022685
2021-08-26,16437.951189102605,16256.433308443955,17735.975578269263,16437.951189102605,16437.951189102605,555.6787795186856,555.6787795186856,555.6787795186856,132.16746761268274,132.16746761268274,132.16746761268274,423.51131190600285,423.51131190600285,423.51131190600285,0.0,0.0,0.0,16993.62996862129
2021-08-27,16446.817156538775,16269.591555999481,17713.684543481668,16446.817156538775,16446.817156538775,554.6943730246077,554.6943730246077,554.6943730246077,119.50192119411402,119.50192119411402,119.50192119411402,435.19245183049367,435.19245183049367,435.19245183049367,0.0,0.0,0.0,17001.511529563384
2021-08-30,16473.41505884729,16304.396630337415,17788.220262167524,16473.41505884729,16473.41505884729,599.2788376813885,599.2788376813885,599.2788376813885,128.1921199565419,128.1921199565419,128.1921199565419,471.0867177248466,471.0867177248466,471.0867177248466,0.0,0.0,0.0,17072.69389652868
2021-08-31,16482.281026283465,16377.821109657558,17800.73545095507,16482.281026283465,16482.281026283465,614.3374233747437,614.3374233747437,614.3374233747437,131.19089596908594,131.19089596908594,131.19089596908594,483.1465274056577,483.1465274056577,483.1465274056577,0.0,0.0,0.0,17096.61844965821
2021-09-01,16491.146993719638,16424.512075935287,17846.484219105023,16491.146993719638,16491.146993719638,625.5399971780936,625.5399971780936,625.5399971780936,130.40851066598321,130.40851066598321,130.40851066598321,495.1314865121103,495.1314865121103,495.1314865121103,0.0,0.0,0.0,17116.68699089773
2021-09-02,16500.012961155808,16357.692114382175,17900.012636449228,16500.012961155808,16500.012961155808,639.1180211014236,639.1180211014236,639.1180211014236,132.16746761297327,132.16746761297327,132.16746761297327,506.9505534884502,506.9505534884502,506.9505534884502,0.0,0.0,0.0,17139.130982257233
2021-09-03,16508.87892859198,16430.446232305378,17933.50011847723,16508.87892859198,16508.87892859198,638.0031558126694,638.0031558126694,638.0031558126694,119.50192119381036,119.50192119381036,119.50192119381036,518.5012346188591,518.5012346188591,518.5012346188591,0.0,0.0,0.0,17146.88208440465
2021-09-06,16535.476830900498,16478.26601236465,17958.000825099007,16535.476830900498,16535.476830900498,678.5587564517497,678.5587564517497,678.5587564517497,128.19211995591374,128.19211995591374,128.19211995591374,550.3666364958359,550.3666364958359,550.3666364958359,0.0,0.0,0.0,17214.035587352246
2021-09-07,16544.34279833667,16492.36567908766,18009.74737849939,16544.34279833667,16544.34279833667,690.8189114286712,690.8189114286712,690.8189114286712,131.19089596947717,131.19089596947717,131.19089596947717,559.628015459194,559.628015459194,559.628015459194,0.0,0.0,0.0,17235.161709765343
2021-09-08,16553.208765772837,16530.493979782765,17994.361806056764,16553.208765772837,16553.208765772837,698.3896811820985,698.3896811820985,698.3896811820985,130.4085106656266,130.4085106656266,130.4085106656266,567.9811705164719,567.9811705164719,567.9811705164719,0.0,0.0,0.0,17251.598446954937
2021-09-09,16562.074729749773,16582.627282585276,17998.676528171978,16562.074729749773,16562.074729749773,707.4549121690986,707.4549121690986,707.4549121690986,132.1674676126387,132.1674676126387,132.1674676126387,575.28744455646,575.28744455646,575.28744455646,0.0,0.0,0.0,17269.52964191887
2021-09-13,16597.5385856575,16630.69558724802,18042.119515026552,16597.5385856575,16597.5385856575,719.6344845291093,719.6344845291093,719.6344845291093,128.1921199555879,128.1921199555879,128.1921199555879,591.4423645735213,591.4423645735213,591.4423645735213,0.0,0.0,0.0,17317.17307018661
2021-09-14,16606.404549634433,16650.15261006291,18039.478671837547,16606.404549634433,16606.404549634433,722.8427140186622,722.8427140186622,722.8427140186622,131.19089596919204,131.19089596919204,131.19089596919204,591.6518180494702,591.6518180494702,591.6518180494702,0.0,0.0,0.0,17329.247263653095
2021-09-15,16615.27051361137,16626.559266339656,18060.57635905987,16615.27051361137,16615.27051361137,720.566615151887,720.566615151887,720.566615151887,130.4085106658073,130.4085106658073,130.4085106658073,590.1581044860797,590.1581044860797,590.1581044860797,0.0,0.0,0.0,17335.837128763254
2021-09-16,16624.1364775883,16559.337200463986,18037.880840964684,16624.1364775883,16624.1364775883,719.0776584531052,719.0776584531052,719.0776584531052,132.16746761292924,132.16746761292924,132.16746761292924,586.9101908401759,586.9101908401759,586.9101908401759,0.0,0.0,0.0,17343.214136041406
2021-09-17,16633.002441565233,16644.582344853123,18094.23122417843,16633.002441565233,16633.002441565233,701.3826167692011,701.3826167692011,701.3826167692011,119.50192119490764,119.50192119490764,119.50192119490764,581.8806955742934,581.8806955742934,581.8806955742934,0.0,0.0,0.0,17334.385058334436
2021-09-20,16659.600333496033,16562.064611549024,18044.373332855834,16659.600333496033,16659.600333496033,684.4079161935305,684.4079161935305,684.4079161935305,128.19211995655093,128.19211995655093,128.19211995655093,556.2157962369795,556.2157962369795,556.2157962369795,0.0,0.0,0.0,17344.008249689563
2021-09-21,16668.466297472965,16596.04050560234,18034.313237124377,16668.466297472965,16668.466297472965,675.4982078431025,675.4982078431025,675.4982078431025,131.19089596827146,131.19089596827146,131.19089596827146,544.3073118748309,544.3073118748309,544.3073118748309,0.0,0.0,0.0,17343.964505316068
2021-09-22,16677.332261449897,16609.69566986015,18138.79289113027,16677.332261449897,16677.332261449897,661.2833907914327,661.2833907914327,661.2833907914327,130.40851066566626,130.40851066566626,130.40851066566626,530.8748801257665,530.8748801257665,530.8748801257665,0.0,0.0,0.0,17338.61565224133
2021-09-23,16686.198225426833,16634.412969931458,18030.08074550945,16686.198225426833,16686.198225426833,648.2157463785798,648.2157463785798,648.2157463785798,132.16746761290725,132.16746761290725,132.16746761290725,516.0482787656725,516.0482787656725,516.0482787656725,0.0,0.0,0.0,17334.413971805414
2021-09-24,16695.064189403765,16597.61594279355,18003.240708829304,16695.064189403765,16695.064189403765,619.482049865553,619.482049865553,619.482049865553,119.50192119457824,119.50192119457824,119.50192119457824,499.98012867097475,499.98012867097475,499.98012867097475,0.0,0.0,0.0,17314.54623926932
2021-09-27,16721.66208133456,16615.595035080547,18036.244708751063,16721.66208133456,16721.66208133456,574.3281907665803,574.3281907665803,574.3281907665803,128.1921199562251,128.1921199562251,128.1921199562251,446.1360708103552,446.1360708103552,446.1360708103552,0.0,0.0,0.0,17295.990272101142
2021-09-28,16730.528045311497,16624.328722911905,17965.816145349232,16730.528045311497,16730.528045311497,558.1723676870598,558.1723676870598,558.1723676870598,131.19089596866263,131.19089596866263,131.19089596866263,426.98147171839724,426.98147171839724,426.98147171839724,0.0,0.0,0.0,17288.700412998558
2021-09-29,16739.39400928843,16539.28398939926,18020.35996649433,16739.39400928843,16739.39400928843,537.98969652916,537.98969652916,537.98969652916,130.40851066584702,130.40851066584702,130.40851066584702,407.581185863313,407.581185863313,407.581185863313,0.0,0.0,0.0,17277.38370581759
2021-09-30,16748.259973265365,16607.113963515236,17987.79315287192,16748.259973265365,16748.259973265365,520.3206163670296,520.3206163670296,520.3206163670296,132.1674676131978,132.1674676131978,132.1674676131978,388.15314875383183,388.15314875383183,388.15314875383183,0.0,0.0,0.0,17268.580589632395
2021-10-01,16757.125937242297,16531.617337581174,17971.021184821308,16757.125937242297,16757.125937242297,488.4130923365093,488.4130923365093,488.4130923365093,119.50192119430041,119.50192119430041,119.50192119430041,368.9111711422089,368.9111711422089,368.9111711422089,0.0,0.0,0.0,17245.539029578806
2021-10-04,16783.723829173097,16473.038944785305,17941.253555487332,16783.723829173097,16783.723829173097,442.4763694027772,442.4763694027772,442.4763694027772,128.19211995654368,128.19211995654368,128.19211995654368,314.2842494462336,314.2842494462336,314.2842494462336,0.0,0.0,0.0,17226.200198575876
2021-10-05,16792.58979315003,16500.850274095745,17929.151842021805,16792.58979315003,16792.58979315003,428.8793332625968,428.8793332625968,428.8793332625968,131.19089596905383,131.19089596905383,131.19089596905383,297.68843729354285,297.68843729354285,297.68843729354285,0.0,0.0,0.0,17221.469126412627
2021-10-06,16801.455757126965,16512.14685363048,17903.056462797584,16801.455757126965,16801.455757126965,412.54479292650143,412.54479292650143,412.54479292650143,130.40851066549038,130.40851066549038,130.40851066549038,282.13628226101105,282.13628226101105,282.13628226101105,0.0,0.0,0.0,17214.000550053468
2021-10-07,16810.321721103897,16520.213667732623,17946.765667533025,16810.321721103897,16810.321721103897,399.8995627890679,399.8995627890679,399.8995627890679,132.1674676131758,132.1674676131758,132.1674676131758,267.73209517589214,267.73209517589214,267.73209517589214,0.0,0.0,0.0,17210.221283892966
2021-10-08,16819.18768508083,16467.539603233778,17912.20339715344,16819.18768508083,16819.18768508083,374.0538980929476,374.0538980929476,374.0538980929476,119.5019211956755,119.5019211956755,119.5019211956755,254.5519768972721,254.5519768972721,254.5519768972721,0.0,0.0,0.0,17193.241583173778
2021-10-11,16845.785577011626,16450.254634155837,17867.052657556975,16845.785577011626,16845.785577011626,350.8673843734711,350.8673843734711,350.8673843734711,128.19211995591556,128.19211995591556,128.19211995591556,222.67526441755555,222.67526441755555,222.67526441755555,0.0,0.0,0.0,17196.652961385098
2021-10-12,16854.65154098856,16477.514671602694,17924.500767839974,16854.65154098856,16854.65154098856,345.75523284274334,345.75523284274334,345.75523284274334,131.19089596878916,131.19089596878916,131.19089596878916,214.56433687395418,214.56433687395418,214.56433687395418,0.0,0.0,0.0,17200.406773831306
2021-10-13,16863.517504965494,16474.376644274456,17936.20273573926,16863.517504965494,16863.517504965494,338.03017630643075,338.03017630643075,338.03017630643075,130.40851066620866,130.40851066620866,130.40851066620866,207.62166564022212,207.62166564022212,207.62166564022212,0.0,0.0,0.0,17201.547681271924
2021-10-14,16872.383468942426,16456.90754281231,17938.424109254003,16872.383468942426,16872.383468942426,333.9242798924313,333.9242798924313,333.9242798924313,132.16746761288314,132.16746761288314,132.16746761288314,201.75681227954814,201.75681227954814,201.75681227954814,0.0,0.0,0.0,17206.307748834857
2021-10-18,16907.847324850154,16495.8891288631,17987.39986201105,16907.847324850154,16907.847324850154,314.8248534228183,314.8248534228183,314.8248534228183,128.19211995623417,128.19211995623417,128.19211995623417,186.6327334665841,186.6327334665841,186.6327334665841,0.0,0.0,0.0,17222.672178272973
2021-10-19,16916.71328882709,16541.55932997,17949.161596505783,16916.71328882709,16916.71328882709,315.41518902332035,315.41518902332035,315.41518902332035,131.1908959698158,131.1908959698158,131.1908959698158,184.22429305350457,184.22429305350457,184.22429305350457,0.0,0.0,0.0,17232.12847785041
2021-10-20,16925.579252804026,16526.3175641633,17954.114945427635,16925.579252804026,16925.579252804026,312.47422264730545,312.47422264730545,312.47422264730545,130.40851066585196,130.40851066585196,130.40851066585196,182.06571198145346,182.06571198145346,182.06571198145346,0.0,0.0,0.0,17238.053475451332
2021-10-21,16934.445216780958,16515.894336530993,17974.09489986534,16934.445216780958,16934.445216780958,312.1807258450081,312.1807258450081,312.1807258450081,132.16746761286112,132.16746761286112,132.16746761286112,180.013258232147,180.013258232147,180.013258232147,0.0,0.0,0.0,17246.625942625968
2021-10-22,16943.31118075789,16549.690331637015,18001.06749317783,16943.31118075789,16943.31118075789,297.435787187851,297.435787187851,297.435787187851,119.50192119506825,119.50192119506825,119.50192119506825,177.93386599278278,177.93386599278278,177.93386599278278,0.0,0.0,0.0,17240.746967945743
2021-10-25,16969.90907268869,16538.654034053983,18006.55482316006,16969.90907268869,16969.90907268869,298.6396112573296,298.6396112573296,298.6396112573296,128.19211995655274,128.19211995655274,128.19211995655274,170.44749130077682,170.44749130077682,170.44749130077682,0.0,0.0,0.0,17268.54868394602
2021-10-26,16978.775036665622,16516.640905329798,17978.70603482181,16978.775036665622,16978.775036665622,298.46929535967826,298.46929535967826,298.46929535967826,131.19089596889526,131.19089596889526,131.19089596889526,167.27839939078297,167.27839939078297,167.27839939078297,0.0,0.0,0.0,17277.2443320253
2021-10-27,16987.641000642558,16471.791787384118,18004.66619553021,16987.641000642558,16987.641000642558,294.1131947347921,294.1131947347921,294.1131947347921,130.4085106654953,130.4085106654953,130.4085106654953,163.7046840692968,163.7046840692968,163.7046840692968,0.0,0.0,0.0,17281.75419537735
2021-10-28,16996.50696461949,16585.964273546535,18050.543077736955,16996.50696461949,16996.50696461949,291.8928717006542,291.8928717006542,291.8928717006542,132.16746761283906,132.16746761283906,132.16746761283906,159.72540408781512,159.72540408781512,159.72540408781512,0.0,0.0,0.0,17288.399836320143
2021-10-29,17005.372928596422,16528.803990584947,18069.951792542175,17005.372928596422,17005.372928596422,274.8686592622643,274.8686592622643,274.8686592622643,119.50192119476462,119.50192119476462,119.50192119476462,155.3667380674997,155.3667380674997,155.3667380674997,0.0,0.0,0.0,17280.241587858687
2021-11-01,17031.970820527218,16624.64832197467,18002.84722485867,17031.970820527218,17031.970820527218,268.8559103727203,268.8559103727203,268.8559103727203,128.19211995687132,128.19211995687132,128.19211995687132,140.66379041584898,140.66379041584898,140.66379041584898,0.0,0.0,0.0,17300.82673089994
2021-11-02,17040.836784504154,16561.803872695335,18115.680235300315,17040.836784504154,17040.836784504154,266.74328743546585,266.74328743546585,266.74328743546585,131.1908959692864,131.1908959692864,131.1908959692864,135.55239146617944,135.55239146617944,135.55239146617944,0.0,0.0,0.0,17307.58007193962
2021-11-03,17049.702748481086,16581.447927535148,17983.522393622636,17049.702748481086,17049.702748481086,260.9577389896346,260.9577389896346,260.9577389896346,130.4085106656761,130.4085106656761,130.4085106656761,130.54922832395852,130.54922832395852,130.54922832395852,0.0,0.0,0.0,17310.66048747072
2021-11-04,17058.568712458018,16599.81834470759,18016.07701717236,17058.568712458018,17058.568712458018,257.97046584953983,257.97046584953983,257.97046584953983,132.16746761254646,132.16746761254646,132.16746761254646,125.80299823699336,125.80299823699336,125.80299823699336,0.0,0.0,0.0,17316.539178307557
2021-11-08,17094.03256836575,16625.803312017688,18060.682084903154,17094.03256836575,17094.03256836575,240.71695594726907,240.71695594726907,240.71695594726907,128.1921199565455,128.1921199565455,128.1921199565455,112.52483599072355,112.52483599072355,112.52483599072355,0.0,0.0,0.0,17334.749524313018
2021-11-09,17102.898532342682,16627.13206157892,18068.405387883377,17102.898532342682,17102.898532342682,242.5789846233851,242.5789846233851,242.5789846233851,131.1908959690217,131.1908959690217,131.1908959690217,111.3880886543634,111.3880886543634,111.3880886543634,0.0,0.0,0.0,17345.477516966068
2021-11-10,17111.764496319618,16610.620077538417,18124.036589669573,17111.764496319618,17111.764496319618,241.79664492807865,241.79664492807865,241.79664492807865,130.40851066499752,130.40851066499752,130.40851066499752,111.38813426308113,111.38813426308113,111.38813426308113,0.0,0.0,0.0,17353.561141247697
2021-11-11,17120.63046029655,16665.20471810494,18074.682808962807,17120.63046029655,17120.63046029655,244.7920991008346,244.7920991008346,244.7920991008346,132.16746761283704,132.16746761283704,132.16746761283704,112.62463148799753,112.62463148799753,112.62463148799753,0.0,0.0,0.0,17365.422559397386
2021-11-12,17129.496424273482,16658.470428591838,18081.506471150275,17129.496424273482,17129.496424273482,234.6744529276826,234.6744529276826,234.6744529276826,119.5019211941574,119.5019211941574,119.5019211941574,115.17253173352519,115.17253173352519,115.17253173352519,0.0,0.0,0.0,17364.170877201166
2021-11-15,17156.094316204286,16710.9340143832,18039.43917281509,17156.094316204286,17156.094316204286,259.1963112574088,259.1963112574088,259.1963112574088,128.19211995591738,128.19211995591738,128.19211995591738,131.00419130149143,131.00419130149143,131.00419130149143,0.0,0.0,0.0,17415.290627461694
2021-11-16,17164.960280181218,16719.68832520813,18127.18496704156,17164.960280181218,17164.960280181218,270.1521780115551,270.1521780115551,270.1521780115551,131.19089596875705,131.19089596875705,131.19089596875705,138.9612820427981,138.9612820427981,138.9612820427981,0.0,0.0,0.0,17435.112458192772
2021-11-17,17173.82624415815,16740.577652983095,18113.37726232408,17173.82624415815,17173.82624415815,278.5617103134747,278.5617103134747,278.5617103134747,130.40851066571577,130.40851066571577,130.40851066571577,148.15319964775892,148.15319964775892,148.15319964775892,0.0,0.0,0.0,17452.387954471626
2021-11-18,17182.692208135082,16763.54953327906,18228.259096394835,17182.692208135082,17182.692208135082,290.6371240612757,290.6371240612757,290.6371240612757,132.1674676125024,132.1674676125024,132.1674676125024,158.46965644877332,158.46965644877332,158.46965644877332,0.0,0.0,0.0,17473.329332196357
2021-11-22,17218.15606404281,16767.9572469165,18255.132417341058,17218.15606404281,17218.15606404281,336.0087396134356,336.0087396134356,336.0087396134356,128.19211995559158,128.19211995559158,128.19211995559158,207.81661965784397,207.81661965784397,207.81661965784397,0.0,0.0,0.0,17554.164803656247
2021-11-23,17227.022028019746,16881.175867940332,18307.477990223528,17227.022028019746,17227.022028019746,352.3822703417699,352.3822703417699,352.3822703417699,131.19089596849236,131.19089596849236,131.19089596849236,221.19137437327754,221.19137437327754,221.19137437327754,0.0,0.0,0.0,17579.404298361515
2021-11-24,17235.88799199668,16881.522628487095,18293.77279101256,17235.88799199668,17235.88799199668,364.9450572506741,364.9450572506741,364.9450572506741,130.40851066535916,130.40851066535916,130.40851066535916,234.53654658531494,234.53654658531494,234.53654658531494,0.0,0.0,0.0,17600.833049247354
2021-11-25,17244.753955973614,16947.026216429484,18394.781697630093,17244.753955973614,17244.753955973614,379.7854989169425,379.7854989169425,379.7854989169425,132.16746761279302,132.16746761279302,132.16746761279302,247.6180313041495,247.6180313041495,247.6180313041495,0.0,0.0,0.0,17624.539454890557
2021-11-26,17253.619919950546,16929.98397594248,18369.378421735288,17253.619919950546,17253.619919950546,379.70572767142426,379.70572767142426,379.70572767142426,119.50192119522885,119.50192119522885,119.50192119522885,260.2038064761954,260.2038064761954,260.2038064761954,0.0,0.0,0.0,17633.325647621972
2021-11-29,17280.217811881343,16930.214109680957,18389.035064612217,17280.217811881343,17280.217811881343,421.0058785128484,421.0058785128484,421.0058785128484,128.19211995655456,128.19211995655456,128.19211995655456,292.81375855629386,292.81375855629386,292.81375855629386,0.0,0.0,0.0,17701.223690394192
2021-11-30,17289.083775858275,16983.17427095963,18428.986619833304,17289.083775858275,17289.083775858275,432.5199211462658,432.5199211462658,432.5199211462658,131.19089596888355,131.19089596888355,131.19089596888355,301.3290251773822,301.3290251773822,301.3290251773822,0.0,0.0,0.0,17721.60369700454
2021-12-01,17297.94973983521,17005.493858573067,18446.992531637163,17297.94973983521,17297.94973983521,438.81496115639504,438.81496115639504,438.81496115639504,130.40851066575547,130.40851066575547,130.40851066575547,308.4064504906396,308.4064504906396,308.4064504906396,0.0,0.0,0.0,17736.764700991607
2021-12-02,17306.815703812143,17007.06632059052,18435.68018505036,17306.815703812143,17306.815703812143,446.1007304617315,446.1007304617315,446.1007304617315,132.16746761308357,132.16746761308357,132.16746761308357,313.93326284864787,313.93326284864787,313.93326284864787,0.0,0.0,0.0,17752.916434273873
2021-12-03,17315.681667789075,17056.37538520184,18493.24504127903,17315.681667789075,17315.681667789075,437.3317021414478,437.3317021414478,437.3317021414478,119.50192119489945,119.50192119489945,119.50192119489945,317.82978094654834,317.82978094654834,317.82978094654834,0.0,0.0,0.0,17753.013369930522
2021-12-06,17342.279559719875,17082.094473420533,18518.1921333295,17342.279559719875,17342.279559719875,447.66096384153246,447.66096384153246,447.66096384153246,128.19211995622877,128.19211995622877,128.19211995622877,319.46884388530367,319.46884388530367,319.46884388530367,0.0,0.0,0.0,17789.940523561407
2021-12-07,17351.14552369681,17075.7589760243,18531.894057296162,17351.14552369681,17351.14552369681,447.94446552292857,447.94446552292857,447.94446552292857,131.19089596925437,131.19089596925437,131.19089596925437,316.75356955367425,316.75356955367425,316.75356955367425,0.0,0.0,0.0,17799.089989219738
2021-12-08,17360.01148767375,17107.171503461523,18478.285495329856,17360.01148767375,17360.01148767375,442.94606491499485,442.94606491499485,442.94606491499485,130.4085106653988,130.4085106653988,130.4085106653988,312.53755424959604,312.53755424959604,312.53755424959604,0.0,0.0,0.0,17802.957552588745
2021-12-09,17357.556624886147,17117.63808960605,18508.830446142892,17357.556624886147,17357.556624886147,439.1133570497694,439.1133570497694,439.1133570497694,132.167467612749,132.167467612749,132.167467612749,306.94588943702036,306.94588943702036,306.94588943702036,0.0,0.0,0.0,17796.669981935916
2021-12-10,17355.101762098544,17030.9324007886,18441.49646881728,17355.101762098544,17355.101762098544,419.6324692031688,419.6324692031688,419.6324692031688,119.50192119462163,119.50192119462163,119.50192119462163,300.13054800854724,300.13054800854724,300.13054800854724,0.0,0.0,0.0,17774.734231301714
2021-12-13,17347.73717373574,17031.758825224995,18458.52350413572,17347.73717373574,17347.73717373574,402.36649179569116,402.36649179569116,402.36649179569116,128.19211995590297,128.19211995590297,128.19211995590297,274.1743718397882,274.1743718397882,274.1743718397882,0.0,0.0,0.0,17750.10366553143
2021-12-14,17345.282310948136,16985.80316964633,18454.168600358822,17345.282310948136,17345.282310948136,395.5561899528296,395.5561899528296,395.5561899528296,131.19089596964557,131.19089596964557,131.19089596964557,264.365293983184,264.365293983184,264.365293983184,0.0,0.0,0.0,17740.838500900965
2021-12-15,17342.827448160537,16982.20035765768,18478.63584465114,17342.827448160537,17342.827448160537,384.7415920869253,384.7415920869253,384.7415920869253,130.40851066557963,130.40851066557963,130.40851066557963,254.3330814213457,254.3330814213457,254.3330814213457,0.0,0.0,0.0,17727.56904024746
2021-12-16,17340.372585372934,17007.778407889527,18428.269298846528,17340.372585372934,17340.372585372934,376.4559644967548,376.4559644967548,376.4559644967548,132.16746761303952,132.16746761303952,132.16746761303952,244.28849688371534,244.28849688371534,244.28849688371534,0.0,0.0,0.0,17716.82854986969
2021-12-17,17337.91772258533,16954.24778726444,18405.68552921628,17337.91772258533,17337.91772258533,353.934845196412,353.934845196412,353.934845196412,119.5019211942922,119.5019211942922,119.5019211942922,234.43292400211985,234.43292400211985,234.43292400211985,0.0,0.0,0.0,17691.85256778174
2021-12-20,17330.553134222526,16910.479162124528,18348.129157797855,17330.553134222526,17330.553134222526,335.9597542843566,335.9597542843566,335.9597542843566,128.19211995686595,128.19211995686595,128.19211995686595,207.76763432749064,207.76763432749064,207.76763432749064,0.0,0.0,0.0,17666.51288850688
2021-12-21,17328.098271434923,16922.890657267817,18409.486011028177,17328.098271434923,17328.098271434923,331.5136656913778,331.5136656913778,331.5136656913778,131.19089596872493,131.19089596872493,131.19089596872493,200.32276972265288,200.32276972265288,200.32276972265288,0.0,0.0,0.0,17659.6119371263
2021-12-22,17325.643408647324,16904.538076701785,18345.503536488784,17325.643408647324,17325.643408647324,324.1778430612683,324.1778430612683,324.1778430612683,130.40851066576042,130.40851066576042,130.40851066576042,193.76933239550786,193.76933239550786,193.76933239550786,0.0,0.0,0.0,17649.821251708592
2021-12-23,17323.18854585972,17003.029790946173,18383.882411136598,17323.18854585972,17323.18854585972,320.330267422716,320.330267422716,320.330267422716,132.1674676127469,132.1674676127469,132.1674676127469,188.1627998099691,188.1627998099691,188.1627998099691,0.0,0.0,0.0,17643.518813282437
2021-12-24,17320.733683072118,16899.544679293347,18383.9197730432,17320.733683072118,17320.733683072118,303.02784832497207,303.02784832497207,303.02784832497207,119.5019211939628,119.5019211939628,119.5019211939628,183.5259271310092,183.5259271310092,183.5259271310092,0.0,0.0,0.0,17623.76153139709
2021-12-27,17313.369094709313,16921.78063536389,18335.82594057642,17313.369094709313,17313.369094709313,303.3659134611269,303.3659134611269,303.3659134611269,128.19211995654013,128.19211995654013,128.19211995654013,175.1737935045868,175.1737935045868,175.1737935045868,0.0,0.0,0.0,17616.73500817044
2021-12-28,17310.914231921714,16910.086976104067,18349.846406086606,17310.914231921714,17310.914231921714,305.194203020855,305.194203020855,305.194203020855,131.19089596909575,131.19089596909575,131.19089596909575,174.00330705175926,174.00330705175926,174.00330705175926,0.0,0.0,0.0,17616.10843494257
2021-12-29,17308.459369134107,16915.661996384995,18355.31876355604,17308.459369134107,17308.459369134107,303.86074616621096,303.86074616621096,303.86074616621096,130.4085106659412,130.4085106659412,130.4085106659412,173.45223550026975,173.45223550026975,173.45223550026975,0.0,0.0,0.0,17612.320115300317
2021-12-30,17306.004506346508,16880.015713859433,18312.979900025544,17306.004506346508,17306.004506346508,305.5422494433994,305.5422494433994,305.5422494433994,132.16746761303742,132.16746761303742,132.16746761303742,173.37478183036194,173.37478183036194,173.37478183036194,0.0,0.0,0.0,17611.546755789906
2021-12-31,17303.549643558905,16892.81423906403,18343.193548397656,17303.549643558905,17303.549643558905,293.11079579861024,293.11079579861024,293.11079579861024,119.50192119368495,119.50192119368495,119.50192119368495,173.6088746049253,173.6088746049253,173.6088746049253,0.0,0.0,0.0,17596.660439357514
2022-01-03,17296.1850551961,16866.711959253353,18295.863910560198,17296.1850551961,17296.1850551961,302.61199100341463,302.61199100341463,302.61199100341463,128.19211995591203,128.19211995591203,128.19211995591203,174.41987104750257,174.41987104750257,174.41987104750257,0.0,0.0,0.0,17598.797046199514
2022-01-04,17293.7301924085,16889.249556714596,18315.200852694947,17293.7301924085,17293.7301924085,305.3204769038447,305.3204769038447,305.3204769038447,131.19089596883106,131.19089596883106,131.19089596883106,174.12958093501362,174.12958093501362,174.12958093501362,0.0,0.0,0.0,17599.050669312346
2022-01-05,17291.275329620898,16903.51355184335,18311.09380001331,17291.275329620898,17291.275329620898,303.68239958659893,303.68239958659893,303.68239958659893,130.40851066558454,130.40851066558454,130.40851066558454,173.2738889210144,173.2738889210144,173.2738889210144,0.0,0.0,0.0,17594.957729207497
2022-01-06,17288.820466833295,16789.31822540051,18313.864477322648,17288.820466833295,17288.820466833295,303.8677141283548,303.8677141283548,303.8677141283548,132.16746761301545,132.16746761301545,132.16746761301545,171.70024651533933,171.70024651533933,171.70024651533933,0.0,0.0,0.0,17592.68818096165
2022-01-07,17286.36560404569,16891.005500440708,18250.714182165335,17286.36560404569,17286.36560404569,288.7766925373618,288.7766925373618,288.7766925373618,119.50192119335556,119.50192119335556,119.50192119335556,169.2747713440062,169.2747713440062,169.2747713440062,0.0,0.0,0.0,17575.142296583053
2022-01-10,17279.001015682887,16849.595812434112,18319.866757888056,17279.001015682887,17279.001015682887,284.0961631485482,284.0961631485482,284.0961631485482,128.1921199555862,128.1921199555862,128.1921199555862,155.904043192962,155.904043192962,155.904043192962,0.0,0.0,0.0,17563.097178831435
2022-01-11,17276.546152895287,16837.681696417538,18264.830919795164,17276.546152895287,17276.546152895287,280.41586960236407,280.41586960236407,280.41586960236407,131.19089596922225,131.19089596922225,131.19089596922225,149.22497363314184,149.22497363314184,149.22497363314184,0.0,0.0,0.0,17556.96202249765
2022-01-12,17274.091290107684,16818.487863596943,18244.7644986556,17274.091290107684,17274.091290107684,271.8220217738108,271.8220217738108,271.8220217738108,130.40851066630282,130.40851066630282,130.40851066630282,141.41351110750801,141.41351110750801,141.41351110750801,0.0,0.0,0.0,17545.913311881493
2022-01-13,17271.63642732008,16817.901194552524,18248.38527562989,17271.63642732008,17271.63642732008,264.66968864525717,264.66968864525717,264.66968864525717,132.1674676129934,132.1674676129934,132.1674676129934,132.50222103226375,132.50222103226375,132.50222103226375,0.0,0.0,0.0,17536.306115965337
2022-01-14,17269.181564532482,16765.749562211247,18192.51545826304,17269.181564532482,17269.181564532482,242.05481634037156,242.05481634037156,242.05481634037156,119.50192119478221,119.50192119478221,119.50192119478221,122.55289514558935,122.55289514558935,122.55289514558935,0.0,0.0,0.0,17511.236380872855
2022-01-17,17261.816976169674,16701.147928662278,18147.421327263182,17261.816976169674,17261.816976169674,215.68088075022442,215.68088075022442,215.68088075022442,128.19211995590476,128.19211995590476,128.19211995590476,87.48876079431967,87.48876079431967,87.48876079431967,0.0,0.0,0.0,17477.497856919897
2022-01-18,17259.36211338207,16748.613566991313,18189.33127666237,17259.36211338207,17259.36211338207,205.6999736051095,205.6999736051095,205.6999736051095,131.19089596961345,131.19089596961345,131.19089596961345,74.50907763549606,74.50907763549606,74.50907763549606,0.0,0.0,0.0,17465.062086987182
2022-01-19,17256.90725059447,16701.831697948797,18148.211505189443,17256.90725059447,17256.90725059447,191.556751436332,191.556751436332,191.556751436332,130.40851066562422,130.40851066562422,130.40851066562422,61.14824077070776,61.14824077070776,61.14824077070776,0.0,0.0,0.0,17448.464002030803
2022-01-20,17254.45238780687,16667.58836730701,18180.038847719883,17254.45238780687,17254.45238780687,179.74760069758577,179.74760069758577,179.74760069758577,132.1674676129714,132.1674676129714,132.1674676129714,47.58013308461437,47.58013308461437,47.58013308461437,0.0,0.0,0.0,17434.199988504453
2022-01-21,17251.99752501927,16722.470473089983,18139.116031717735,17251.99752501927,17251.99752501927,153.4836265401676,153.4836265401676,153.4836265401676,119.50192119445282,119.50192119445282,119.50192119445282,33.98170534571477,33.98170534571477,33.98170534571477,0.0,0.0,0.0,17405.481151559437
2022-01-24,17244.63293665646,16693.1687993749,18099.34675091806,17244.63293665646,17244.63293665646,122.90385161745651,122.90385161745651,122.90385161745651,128.19211995592104,128.19211995592104,128.19211995592104,-5.288268338464537,-5.288268338464537,-5.288268338464537,0.0,0.0,0.0,17367.536788273916
2022-01-25,17242.178073868858,16657.625747775015,18074.45320393349,17242.178073868858,17242.178073868858,113.83445423666126,113.83445423666126,113.83445423666126,131.19089596869287,131.19089596869287,131.19089596869287,-17.356441732031623,-17.356441732031623,-17.356441732031623,0.0,0.0,0.0,17356.01252810552
2022-01-27,17237.268348293655,16595.13745144505,18010.975299864687,17237.268348293655,17237.268348293655,92.93873254049872,92.93873254049872,92.93873254049872,132.16746761326198,132.16746761326198,132.16746761326198,-39.22873507276325,-39.22873507276325,-39.22873507276325,0.0,0.0,0.0,17330.207080834156
2022-01-28,17234.813485506056,16582.238697931956,18039.91377429637,17234.813485506056,17234.813485506056,70.62748149622912,70.62748149622912,70.62748149622912,119.50192119414922,119.50192119414922,119.50192119414922,-48.874439697920074,-48.874439697920074,-48.874439697920074,0.0,0.0,0.0,17305.440967002287
2022-01-31,17227.44889714325,16556.88159608883,18041.789061954147,17227.44889714325,17227.44889714325,55.87360090789602,55.87360090789602,55.87360090789602,128.19211995623965,128.19211995623965,128.19211995623965,-72.31851904834363,-72.31851904834363,-72.31851904834363,0.0,0.0,0.0,17283.322498051148
2022-02-01,17224.994034355645,16560.26972308035,18017.235903236742,17224.994034355645,17224.994034355645,52.79832578435624,52.79832578435624,52.79832578435624,131.19089596908407,131.19089596908407,131.19089596908407,-78.39257018472784,-78.39257018472784,-78.39257018472784,0.0,0.0,0.0,17277.79236014
2022-02-02,17222.539171568045,16544.5097126505,17990.8636281098,17222.539171568045,17222.539171568045,46.689465554070445,46.689465554070445,46.689465554070445,130.40851066544838,130.40851066544838,130.40851066544838,-83.71904511137792,-83.71904511137792,-83.71904511137792,0.0,0.0,0.0,17269.228637122116
2022-02-03,17220.084308780442,16566.01356983304,17995.612808578077,17220.084308780442,17220.084308780442,43.75230120034611,43.75230120034611,43.75230120034611,132.16746761292734,132.16746761292734,132.16746761292734,-88.41516641258124,-88.41516641258124,-88.41516641258124,0.0,0.0,0.0,17263.83660998079
2022-02-04,17217.62944599284,16551.532492374325,17968.870445459317,17217.62944599284,17217.62944599284,26.878163265757998,26.878163265757998,26.878163265757998,119.50192119555005,119.50192119555005,119.50192119555005,-92.62375792979205,-92.62375792979205,-92.62375792979205,0.0,0.0,0.0,17244.5076092586
2022-02-07,17210.264857630034,16476.25167629248,17919.77967083241,17210.264857630034,17210.264857630034,24.13119975116433,24.13119975116433,24.13119975116433,128.1921199559138,128.1921199559138,128.1921199559138,-104.06092020474948,-104.06092020474948,-104.06092020474948,0.0,0.0,0.0,17234.3960573812
2022-02-08,17207.809994842435,16498.727365655006,17933.654724511456,17207.809994842435,17207.809994842435,23.062397007398577,23.062397007398577,23.062397007398577,131.1908959688194,131.1908959688194,131.1908959688194,-108.12849896142083,-108.12849896142083,-108.12849896142083,0.0,0.0,0.0,17230.872391849833
2022-02-09,17205.355132054832,16507.96381996043,17927.54351662778,17205.355132054832,17205.355132054832,17.739800577538535,17.739800577538535,17.739800577538535,130.40851066509174,130.40851066509174,130.40851066509174,-112.6687100875532,-112.6687100875532,-112.6687100875532,0.0,0.0,0.0,17223.09493263237
2022-02-10,17202.90026926723,16478.25380725448,17983.23229696043,17202.90026926723,17202.90026926723,14.278079414140857,14.278079414140857,14.278079414140857,132.16746761294732,132.16746761294732,132.16746761294732,-117.88938819880646,-117.88938819880646,-117.88938819880646,0.0,0.0,0.0,17217.17834868137
2022-02-11,17200.445406479626,16494.12444230973,17965.32847080041,17200.445406479626,17200.445406479626,-4.489691624919197,-4.489691624919197,-4.489691624919197,119.50192119524642,119.50192119524642,119.50192119524642,-123.99161282016563,-123.99161282016563,-123.99161282016563,0.0,0.0,0.0,17195.955714854706
2022-02-14,17193.08081811682,16457.545709813632,17905.061899339413,17193.08081811682,17193.08081811682,-21.20080590015881,-21.20080590015881,-21.20080590015881,128.19211995623243,128.19211995623243,128.19211995623243,-149.39292585639123,-149.39292585639123,-149.39292585639123,0.0,0.0,0.0,17171.88001221666
2022-02-15,17190.625955329222,16443.550826177012,17936.96381989764,17190.625955329222,17190.625955329222,-29.53586443774587,-29.53586443774587,-29.53586443774587,131.19089596919017,131.19089596919017,131.19089596919017,-160.72676040693602,-160.72676040693602,-160.72676040693602,0.0,0.0,0.0,17161.090090891477
2022-02-16,17188.17109254162,16419.74904301901,17855.508362692886,17188.17109254162,17188.17109254162,-43.272953280668204,-43.272953280668204,-43.272953280668204,130.40851066580996,130.40851066580996,130.40851066580996,-173.68146394647817,-173.68146394647817,-173.68146394647817,0.0,0.0,0.0,17144.89813926095
2022-02-17,17185.71622975402,16371.263125206115,17831.846579876743,17185.71622975402,17185.71622975402,-56.15763961223574,-56.15763961223574,-56.15763961223574,132.16746761261268,132.16746761261268,132.16746761261268,-188.32510722484844,-188.32510722484844,-188.32510722484844,0.0,0.0,0.0,17129.558590141783
2022-02-18,17183.261366966413,16394.53147972211,17838.185207244293,17183.261366966413,17183.261366966413,-85.19126258306372,-85.19126258306372,-85.19126258306372,119.50192119491703,119.50192119491703,119.50192119491703,-204.69318377798075,-204.69318377798075,-204.69318377798075,0.0,0.0,0.0,17098.07010438335
2022-02-21,17175.89677860361,16352.169556893297,17786.02285483038,17175.89677860361,17175.89677860361,-135.8003923935273,-135.8003923935273,-135.8003923935273,128.1921199559066,128.1921199559066,128.1921199559066,-263.9925123494339,-263.9925123494339,-263.9925123494339,0.0,0.0,0.0,17040.09638621008
2022-02-22,17173.44191581601,16313.11908919792,17736.607319252165,17173.44191581601,17173.44191581601,-155.74842777201093,-155.74842777201093,-155.74842777201093,131.19089596892545,131.19089596892545,131.19089596892545,-286.93932374093635,-286.93932374093635,-286.93932374093635,0.0,0.0,0.0,17017.693488044
2022-02-23,17170.987053028406,16220.595687413179,17718.967623131794,17170.987053028406,17170.987053028406,-180.87922119134404,-180.87922119134404,-180.87922119134404,130.4085106654533,130.4085106654533,130.4085106654533,-311.28773185679734,-311.28773185679734,-311.28773185679734,0.0,0.0,0.0,16990.107831837064
2022-02-24,17168.532190240803,16190.709345309688,17652.64448860703,17168.532190240803,17168.532190240803,-204.7138054844605,-204.7138054844605,-204.7138054844605,132.1674676129033,132.1674676129033,132.1674676129033,-336.88127309736376,-336.88127309736376,-336.88127309736376,0.0,0.0,0.0,16963.81838475634
2022-02-25,17166.077327453204,16229.03352484024,17651.758864648098,17166.077327453204,17166.077327453204,-244.03679258187728,-244.03679258187728,-244.03679258187728,119.5019211946134,119.5019211946134,119.5019211946134,-363.5387137764907,-363.5387137764907,-363.5387137764907,0.0,0.0,0.0,16922.04053487133
2022-02-28,17158.712739090395,16158.326516636038,17565.184102557658,17158.712739090395,17158.712739090395,-319.59671436048916,-319.59671436048916,-319.59671436048916,128.19211995686962,128.19211995686962,128.19211995686962,-447.7888343173588,-447.7888343173588,-447.7888343173588,0.0,0.0,0.0,16839.116024729905
2022-03-02,17153.803013515193,16036.499437365592,17504.416297696105,17153.803013515193,17153.803013515193,-374.78135216139174,-374.78135216139174,-374.78135216139174,130.4085106656341,130.4085106656341,130.4085106656341,-505.1898628270258,-505.1898628270258,-505.1898628270258,0.0,0.0,0.0,16779.0216613538
2022-03-03,17151.34815072759,16046.09359740577,17438.384521439806,17151.34815072759,17151.34815072759,-401.3635713045417,-401.3635713045417,-401.3635713045417,132.16746761261058,132.16746761261058,132.16746761261058,-533.5310389171523,-533.5310389171523,-533.5310389171523,0.0,0.0,0.0,16749.98457942305
2022-03-04,17148.89328793999,15994.953428828734,17382.344062084,17148.89328793999,17148.89328793999,-441.8093344558306,-441.8093344558306,-441.8093344558306,119.50192119428398,119.50192119428398,119.50192119428398,-561.3112556501146,-561.3112556501146,-561.3112556501146,0.0,0.0,0.0,16707.08395348416
2022-03-07,17131.765614985463,15918.539878753152,17333.62498506942,17131.765614985463,17131.765614985463,-510.84720152132746,-510.84720152132746,-510.84720152132746,128.1921199565438,128.1921199565438,128.1921199565438,-639.0393214778713,-639.0393214778713,-639.0393214778713,0.0,0.0,0.0,16620.918413464136
2022-03-08,17126.056390667287,15955.484000904102,17328.867862635758,17126.056390667287,17126.056390667287,-531.2123119776788,-531.2123119776788,-531.2123119776788,131.19089596905195,131.19089596905195,131.19089596905195,-662.4032079467307,-662.4032079467307,-662.4032079467307,0.0,0.0,0.0,16594.84407868961
2022-03-09,17120.34716634911,15812.829481838713,17251.08113196736,17120.34716634911,17120.34716634911,-553.7953987216282,-553.7953987216282,-553.7953987216282,130.408510665493,130.408510665493,130.408510665493,-684.2039093871211,-684.2039093871211,-684.2039093871211,0.0,0.0,0.0,16566.551767627483
2022-03-10,17114.637942030935,15758.753572203681,17261.523955965033,17114.637942030935,17114.637942030935,-572.1321623384833,-572.1321623384833,-572.1321623384833,132.16746761258858,132.16746761258858,132.16746761258858,-704.2996299510719,-704.2996299510719,-704.2996299510719,0.0,0.0,0.0,16542.505779692452
2022-03-11,17108.92871771276,15743.303538968727,17201.65331773114,17108.92871771276,17108.92871771276,-603.0701890714188,-603.0701890714188,-603.0701890714188,119.50192119400619,119.50192119400619,119.50192119400619,-722.572110265425,-722.572110265425,-722.572110265425,0.0,0.0,0.0,16505.85852864134
2022-03-14,17091.801044758235,15757.08570079612,17160.44077516639,17091.801044758235,17091.801044758235,-637.437626678583,-637.437626678583,-637.437626678583,128.19211995591564,128.19211995591564,128.19211995591564,-765.6297466344986,-765.6297466344986,-765.6297466344986,0.0,0.0,0.0,16454.36341807965
2022-03-15,17086.09182044006,15797.803834400896,17180.966179424384,17086.09182044006,17086.09182044006,-644.7170550761119,-644.7170550761119,-644.7170550761119,131.19089596944318,131.19089596944318,131.19089596944318,-775.9079510455551,-775.9079510455551,-775.9079510455551,0.0,0.0,0.0,16441.374765363948
2022-03-16,17080.382596121883,15694.020204563378,17163.00637619443,17080.382596121883,17080.382596121883,-653.7198281681086,-653.7198281681086,-653.7198281681086,130.40851066567376,130.40851066567376,130.40851066567376,-784.1283388337823,-784.1283388337823,-784.1283388337823,0.0,0.0,0.0,16426.662767953774
2022-03-17,17074.673371803707,15670.860814036909,17129.389617659992,17074.673371803707,17074.673371803707,-658.1421402510372,-658.1421402510372,-658.1421402510372,132.16746761256658,132.16746761256658,132.16746761256658,-790.3096078636037,-790.3096078636037,-790.3096078636037,0.0,0.0,0.0,16416.531231552668
2022-03-21,17051.836474531006,15655.296426241333,17048.32322408953,17051.836474531006,17051.836474531006,-667.4217111902879,-667.4217111902879,-667.4217111902879,128.19211995623428,128.19211995623428,128.19211995623428,-795.6138311465221,-795.6138311465221,-795.6138311465221,0.0,0.0,0.0,16384.41476334072
2022-03-22,17046.12725021283,15652.59092314359,17090.552471475436,17046.12725021283,17046.12725021283,-661.2560974596216,-661.2560974596216,-661.2560974596216,131.19089596852257,131.19089596852257,131.19089596852257,-792.4469934281442,-792.4469934281442,-792.4469934281442,0.0,0.0,0.0,16384.87115275321
2022-03-23,17040.41802589465,15703.665320835673,17185.57954190695,17040.41802589465,17040.41802589465,-657.2554422777303,-657.2554422777303,-657.2554422777303,130.40851066585458,130.40851066585458,130.40851066585458,-787.663952943585,-787.663952943585,-787.663952943585,0.0,0.0,0.0,16383.16258361692
2022-03-24,17034.70880157648,15716.83428557295,17149.72001780201,17034.70880157648,17034.70880157648,-649.2001298206029,-649.2001298206029,-649.2001298206029,132.16746761285714,132.16746761285714,132.16746761285714,-781.3675974334601,-781.3675974334601,-781.3675974334601,0.0,0.0,0.0,16385.508671755877
2022-03-25,17028.999577258302,15603.745958510503,17127.173240028045,17028.999577258302,17028.999577258302,-654.16316155365,-654.16316155365,-654.16316155365,119.50192119507764,119.50192119507764,119.50192119507764,-773.6650827487275,-773.6650827487275,-773.6650827487275,0.0,0.0,0.0,16374.836415704653
2022-03-28,17011.871904303774,15711.462842929728,17112.282960527366,17011.871904303774,17011.871904303774,-615.0356235509267,-615.0356235509267,-615.0356235509267,128.19211995655286,128.19211995655286,128.19211995655286,-743.2277435074795,-743.2277435074795,-743.2277435074795,0.0,0.0,0.0,16396.836280752847
2022-03-29,17006.1626799856,15663.172841832904,17147.072227003046,17006.1626799856,17006.1626799856,-599.8216686727658,-599.8216686727658,-599.8216686727658,131.1908959689138,131.1908959689138,131.1908959689138,-731.0125646416797,-731.0125646416797,-731.0125646416797,0.0,0.0,0.0,16406.341011312834
2022-03-30,17000.453455667426,15748.965376167524,17181.73414205194,17000.453455667426,17000.453455667426,-587.5412011652661,-587.5412011652661,-587.5412011652661,130.40851066571346,130.40851066571346,130.40851066571346,-717.9497118309796,-717.9497118309796,-717.9497118309796,0.0,0.0,0.0,16412.91225450216
2022-03-31,16994.74423134925,15698.751425325736,17156.146716331397,16994.74423134925,16994.74423134925,-571.9832783718628,-571.9832783718628,-571.9832783718628,132.1674676131477,132.1674676131477,132.1674676131477,-704.1507459850104,-704.1507459850104,-704.1507459850104,0.0,0.0,0.0,16422.760952977387
2022-04-01,16989.035007031074,15701.562530910014,17131.388672641708,16989.035007031074,16989.035007031074,-570.224784304809,-570.224784304809,-570.224784304809,119.50192119477401,119.50192119477401,119.50192119477401,-689.726705499583,-689.726705499583,-689.726705499583,0.0,0.0,0.0,16418.810222726264
2022-04-04,16971.907334076546,15721.260853330508,17161.08720745454,16971.907334076546,16971.907334076546,-515.6183358619046,-515.6183358619046,-515.6183358619046,128.19211995622703,128.19211995622703,128.19211995622703,-643.8104558181316,-643.8104558181316,-643.8104558181316,0.0,0.0,0.0,16456.28899821464
2022-04-05,16966.19810975837,15736.518197417638,17157.723510008134,16966.19810975837,16966.19810975837,-496.8020791659009,-496.8020791659009,-496.8020791659009,131.19089596928453,131.19089596928453,131.19089596928453,-627.9929751351855,-627.9929751351855,-627.9929751351855,0.0,0.0,0.0,16469.39603059247
2022-04-06,16960.488885440194,15746.5823805767,17176.575282087808,16960.488885440194,16960.488885440194,-481.6968226994413,-481.6968226994413,-481.6968226994413,130.4085106653568,130.4085106653568,130.4085106653568,-612.1053333647982,-612.1053333647982,-612.1053333647982,0.0,0.0,0.0,16478.79206274075
2022-04-07,16954.779661122022,15728.411186115656,17162.21419988306,16954.779661122022,16954.779661122022,-464.0926910290675,-464.0926910290675,-464.0926910290675,132.1674676131257,132.1674676131257,132.1674676131257,-596.2601586421932,-596.2601586421932,-596.2601586421932,0.0,0.0,0.0,16490.686970092953
2022-04-08,16949.070436803846,15772.149711571179,17222.494674315883,16949.070436803846,16949.070436803846,-461.0689010084473,-461.0689010084473,-461.0689010084473,119.50192119447043,119.50192119447043,119.50192119447043,-580.5708222029176,-580.5708222029176,-580.5708222029176,0.0,0.0,0.0,16488.0015357954
2022-04-11,16931.94276384932,15795.00069747635,17226.38493010367,16931.94276384932,16931.94276384932,-407.3838736146623,-407.3838736146623,-407.3838736146623,128.19211995590123,128.19211995590123,128.19211995590123,-535.5759935705636,-535.5759935705636,-535.5759935705636,0.0,0.0,0.0,16524.55889023466
2022-04-12,16926.233539531142,15809.422064745799,17246.34032351035,16926.233539531142,16926.233539531142,-390.45429493197895,-390.45429493197895,-390.45429493197895,131.19089596901986,131.19089596901986,131.19089596901986,-521.6451909009988,-521.6451909009988,-521.6451909009988,0.0,0.0,0.0,16535.77924459916
2022-04-13,16920.524315212966,15811.96296284195,17266.088902892097,16920.524315212966,16920.524315212966,-378.0229339487488,-378.0229339487488,-378.0229339487488,130.40851066607505,130.40851066607505,130.40851066607505,-508.4314446148238,-508.4314446148238,-508.4314446148238,0.0,0.0,0.0,16542.501381264217
2022-04-18,16891.97819362209,15806.436314923743,17263.783705902046,16891.97819362209,16891.97819362209,-328.3272229057523,-328.3272229057523,-328.3272229057523,128.19211995621984,128.19211995621984,128.19211995621984,-456.5193428619721,-456.5193428619721,-456.5193428619721,0.0,0.0,0.0,16563.65097071634
2022-04-19,16886.268969303917,15851.019703984668,17217.470534684628,16886.268969303917,16886.268969303917,-318.33002413723585,-318.33002413723585,-318.33002413723585,131.19089596875517,131.19089596875517,131.19089596875517,-449.52092010599097,-449.52092010599097,-449.52092010599097,0.0,0.0,0.0,16567.938945166683
2022-04-20,16880.55974498574,15861.196863617346,17282.93515521437,16880.55974498574,16880.55974498574,-313.3669544299636,-313.3669544299636,-313.3669544299636,130.40851066571838,130.40851066571838,130.40851066571838,-443.77546509568197,-443.77546509568197,-443.77546509568197,0.0,0.0,0.0,16567.19279055578
2022-04-21,16874.850520667565,15866.77198556795,17254.428684394967,16874.850520667565,16874.850520667565,-307.13660835160346,-307.13660835160346,-307.13660835160346,132.167467612811,132.167467612811,132.167467612811,-439.3040759644145,-439.3040759644145,-439.3040759644145,0.0,0.0,0.0,16567.71391231596
2022-04-22,16869.141296349386,15795.122257724113,17245.66270757941,16869.141296349386,16869.141296349386,-316.6065562763728,-316.6065562763728,-316.6065562763728,119.50192119556763,119.50192119556763,119.50192119556763,-436.10847747194043,-436.10847747194043,-436.10847747194043,0.0,0.0,0.0,16552.534740073013
2022-04-25,16852.01362339486,15818.929988599753,17251.41363927495,16852.01362339486,16852.01362339486,-305.6852661369248,-305.6852661369248,-305.6852661369248,128.19211995653842,128.19211995653842,128.19211995653842,-433.8773860934632,-433.8773860934632,-433.8773860934632,0.0,0.0,0.0,16546.32835725794
2022-04-26,16846.304399076686,15811.91726004134,17275.64423180322,16846.304399076686,16846.304399076686,-304.1845919658118,-304.1845919658118,-304.1845919658118,131.190895969126,131.190895969126,131.190895969126,-435.3754879349378,-435.3754879349378,-435.3754879349378,0.0,0.0,0.0,16542.119807110874
2022-04-27,16840.59517475851,15841.668624792264,17286.625442027136,16840.59517475851,16840.59517475851,-307.42531609063246,-307.42531609063246,-307.42531609063246,130.4085106658992,130.4085106658992,130.4085106658992,-437.8338267565317,-437.8338267565317,-437.8338267565317,0.0,0.0,0.0,16533.169858667876
2022-04-28,16834.885950440337,15826.255870503299,17250.846167260574,16834.885950440337,16834.885950440337,-308.95632643655273,-308.95632643655273,-308.95632643655273,132.16746761310162,132.16746761310162,132.16746761310162,-441.12379404965435,-441.12379404965435,-441.12379404965435,0.0,0.0,0.0,16525.929624003784
2022-04-29,16829.17672612216,15809.405406438811,17272.78361092125,16829.17672612216,16829.17672612216,-325.5951398191613,-325.5951398191613,-325.5951398191613,119.50192119523824,119.50192119523824,119.50192119523824,-445.09706101439957,-445.09706101439957,-445.09706101439957,0.0,0.0,0.0,16503.581586303
2022-05-02,16812.04905316763,15755.447866521547,17227.176688199652,16812.04905316763,16812.04905316763,-331.1901756678098,-331.1901756678098,-331.1901756678098,128.19211995591024,128.19211995591024,128.19211995591024,-459.38229562372004,-459.38229562372004,-459.38229562372004,0.0,0.0,0.0,16480.85887749982
2022-05-04,16800.63060453128,15760.143484771255,17148.420811359545,16800.63060453128,16800.63060453128,-338.52108705074573,-338.52108705074573,-338.52108705074573,130.40851066554254,130.40851066554254,130.40851066554254,-468.92959771628824,-468.92959771628824,-468.92959771628824,0.0,0.0,0.0,16462.109517480534
2022-05-05,16794.921380213105,15731.304225045042,17164.113115044034,16794.921380213105,16794.921380213105,-340.9239488259626,-340.9239488259626,-340.9239488259626,132.16746761276698,132.16746761276698,132.16746761276698,-473.0914164387296,-473.0914164387296,-473.0914164387296,0.0,0.0,0.0,16453.997431387143
2022-05-06,16789.21215589493,15753.474192325251,17120.870228437878,16789.21215589493,16789.21215589493,-357.06757190722476,-357.06757190722476,-357.06757190722476,119.50192119496045,119.50192119496045,119.50192119496045,-476.5694931021853,-476.5694931021853,-476.5694931021853,0.0,0.0,0.0,16432.144583987705
2022-05-09,16772.084482940405,15750.14000923559,17145.954261557417,16772.084482940405,16772.084482940405,-352.7826832566228,-352.7826832566228,-352.7826832566228,128.19211995622888,128.19211995622888,128.19211995622888,-480.97480321285167,-480.97480321285167,-480.97480321285167,0.0,0.0,0.0,16419.30179968378
2022-05-10,16766.37525862223,15735.105629791267,17165.698224562977,16766.37525862223,16766.37525862223,-348.6749208404171,-348.6749208404171,-348.6749208404171,131.19089596925244,131.19089596925244,131.19089596925244,-479.8658168096696,-479.8658168096696,-479.8658168096696,0.0,0.0,0.0,16417.70033778181
2022-05-11,16760.66603430405,15696.617021754744,17118.674459837217,16760.66603430405,16760.66603430405,-346.8266158345799,-346.8266158345799,-346.8266158345799,130.40851066572333,130.40851066572333,130.40851066572333,-477.2351265003033,-477.2351265003033,-477.2351265003033,0.0,0.0,0.0,16413.83941846947
2022-05-12,16754.956809985877,15694.480666675312,17179.268269715354,16754.956809985877,16754.956809985877,-340.81327146231416,-340.81327146231416,-340.81327146231416,132.16746761305757,132.16746761305757,132.16746761305757,-472.9807390753717,-472.9807390753717,-472.9807390753717,0.0,0.0,0.0,16414.143538523564
2022-05-13,16749.2475856677,15653.470715345193,17104.83957194004,16749.2475856677,16749.2475856677,-347.52790589022527,-347.52790589022527,-347.52790589022527,119.50192119463101,119.50192119463101,119.50192119463101,-467.02982708485627,-467.02982708485627,-467.02982708485627,0.0,0.0,0.0,16401.719679777474
2022-05-16,16732.119912713177,15686.250280998354,17106.11235202821,16732.119912713177,16732.119912713177,-310.5535075446093,-310.5535075446093,-310.5535075446093,128.19211995654746,128.19211995654746,128.19211995654746,-438.7456275011568,-438.7456275011568,-438.7456275011568,0.0,0.0,0.0,16421.566405168567
2022-05-17,16726.410688395,15661.54600800493,17204.85329417718,16726.410688395,16726.410688395,-294.7303737073187,-294.7303737073187,-294.7303737073187,131.19089596833186,131.19089596833186,131.19089596833186,-425.9212696756505,-425.9212696756505,-425.9212696756505,0.0,0.0,0.0,16431.68031468768
2022-05-18,16720.701464076825,15725.69140256799,17133.195039083956,16720.701464076825,16720.701464076825,-281.1128526412126,-281.1128526412126,-281.1128526412126,130.4085106655822,130.4085106655822,130.4085106655822,-411.52136330679485,-411.52136330679485,-411.52136330679485,0.0,0.0,0.0,16439.58861143561
2022-05-19,16714.99223975865,15708.936580674288,17198.621360899706,16714.99223975865,16714.99223975865,-263.49897152012323,-263.49897152012323,-263.49897152012323,132.16746761303554,132.16746761303554,132.16746761303554,-395.6664391331588,-395.6664391331588,-395.6664391331588,0.0,0.0,0.0,16451.493268238526
2022-05-20,16709.283015440473,15697.502663895779,17192.2447771007,16709.283015440473,16709.283015440473,-259.0034727251929,-259.0034727251929,-259.0034727251929,119.5019211943016,119.5019211943016,119.5019211943016,-378.5053939194945,-378.5053939194945,-378.5053939194945,0.0,0.0,0.0,16450.27954271528
2022-05-23,16692.155342485945,15754.927608993306,17189.501273102742,16692.155342485945,16692.155342485945,-192.83964117206904,-192.83964117206904,-192.83964117206904,128.19211995527493,128.19211995527493,128.19211995527493,-321.03176112734394,-321.03176112734394,-321.03176112734394,0.0,0.0,0.0,16499.315701313877
2022-05-24,16686.446118167773,15803.200832877075,17271.17326797997,16686.446118167773,16686.446118167773,-169.3925077988701,-169.3925077988701,-169.3925077988701,131.19089596872308,131.19089596872308,131.19089596872308,-300.58340376759315,-300.58340376759315,-300.58340376759315,0.0,0.0,0.0,16517.0536103689
2022-05-25,16680.736893849597,15796.667619015325,17226.089019144416,16680.736893849597,16680.736893849597,-149.4637258002748,-149.4637258002748,-149.4637258002748,130.40851066576303,130.40851066576303,130.40851066576303,-279.87223646603786,-279.87223646603786,-279.87223646603786,0.0,0.0,0.0,16531.273168049323
2022-05-26,16675.027669531417,15774.630094935865,17216.21046918835,16675.027669531417,16675.027669531417,-126.96717582672362,-126.96717582672362,-126.96717582672362,132.16746761274288,132.16746761274288,132.16746761274288,-259.1346434394665,-259.1346434394665,-259.1346434394665,0.0,0.0,0.0,16548.060493704692
2022-05-27,16669.318445213245,15845.088651580594,17306.07001421668,16669.318445213245,16669.318445213245,-119.10231536675117,-119.10231536675117,-119.10231536675117,119.501921193998,119.501921193998,119.501921193998,-238.60423656074917,-238.60423656074917,-238.60423656074917,0.0,0.0,0.0,16550.216129846493
2022-05-30,16652.190772258717,15833.239252250374,17306.093034234273,16652.190772258717,16652.190772258717,-52.249064242430144,-52.249064242430144,-52.249064242430144,128.1921199562379,128.1921199562379,128.1921199562379,-180.44118419866805,-180.44118419866805,-180.44118419866805,0.0,0.0,0.0,16599.941708016286
2022-05-31,16646.48154794054,15903.988721275959,17284.472721110436,16646.48154794054,16646.48154794054,-31.64909318583263,-31.64909318583263,-31.64909318583263,131.19089596911428,131.19089596911428,131.19089596911428,-162.8399891549469,-162.8399891549469,-162.8399891549469,0.0,0.0,0.0,16614.83245475471
2022-06-01,16640.772323622365,15939.315170828617,17367.561374207227,16640.772323622365,16640.772323622365,-15.98787399830149,-15.98787399830149,-15.98787399830149,130.40851066540634,130.40851066540634,130.40851066540634,-146.39638466370783,-146.39638466370783,-146.39638466370783,0.0,0.0,0.0,16624.78444962406
2022-06-02,16635.063099304185,15913.121230717927,17376.639731926734,16635.063099304185,16635.063099304185,0.9406378803934389,0.9406378803934389,0.9406378803934389,132.16746761272086,132.16746761272086,132.16746761272086,-131.22682973232742,-131.22682973232742,-131.22682973232742,0.0,0.0,0.0,16636.00373718458
2022-06-03,16638.481528544275,15860.681981085458,17309.66902107051,16638.481528544275,16638.481528544275,2.0860805402034006,2.0860805402034006,2.0860805402034006,119.50192119537304,119.50192119537304,119.50192119537304,-117.41584065516963,-117.41584065516963,-117.41584065516963,0.0,0.0,0.0,16640.56760908448
2022-06-06,16648.736816264558,16024.581772934167,17420.958348131782,16648.736816264558,16648.736816264558,43.722414373583696,43.722414373583696,43.722414373583696,128.1921199559121,128.1921199559121,128.1921199559121,-84.4697055823284,-84.4697055823284,-84.4697055823284,0.0,0.0,0.0,16692.459230638142
2022-06-07,16652.15524550465,15941.26227885147,17417.425756125744,16652.15524550465,16652.15524550465,54.9347793382752,54.9347793382752,54.9347793382752,131.1908959688496,131.1908959688496,131.1908959688496,-76.25611663057438,-76.25611663057438,-76.25611663057438,0.0,0.0,0.0,16707.090024842928
2022-06-08,16655.573674744744,15983.687490066095,17429.700540151905,16655.573674744744,16655.573674744744,61.09539565300179,61.09539565300179,61.09539565300179,130.4085106661246,130.4085106661246,130.4085106661246,-69.31311501312284,-69.31311501312284,-69.31311501312284,0.0,0.0,0.0,16716.669070397747
2022-06-09,16658.992103984838,16014.63795453973,17499.161309707557,16658.992103984838,16658.992103984838,68.64103745672445,68.64103745672445,68.64103745672445,132.16746761269886,132.16746761269886,132.16746761269886,-63.526430155974424,-63.526430155974424,-63.526430155974424,0.0,0.0,0.0,16727.63314144156
2022-06-10,16662.41053322493,15992.06940070029,17452.209393883782,16662.41053322493,16662.41053322493,60.74679647317852,60.74679647317852,60.74679647317852,119.50192119509522,119.50192119509522,119.50192119509522,-58.75512472191671,-58.75512472191671,-58.75512472191671,0.0,0.0,0.0,16723.157329698108
2022-06-13,16672.665820945214,16041.948255396217,17506.18353220847,16672.665820945214,16672.665820945214,79.38461338851522,79.38461338851522,79.38461338851522,128.1921199562307,128.1921199562307,128.1921199562307,-48.80750656771549,-48.80750656771549,-48.80750656771549,0.0,0.0,0.0,16752.05043433373
2022-06-14,16676.084250185308,15982.452881253332,17496.380254381787,16676.084250185308,16676.084250185308,84.89235203679144,84.89235203679144,84.89235203679144,131.19089596987627,131.19089596987627,131.19089596987627,-46.298543933084844,-46.298543933084844,-46.298543933084844,0.0,0.0,0.0,16760.976602222097
2022-06-15,16679.5026794254,16035.66717978899,17571.741100008054,16679.5026794254,16679.5026794254,86.558611708402,86.558611708402,86.558611708402,130.40851066576798,130.40851066576798,130.40851066576798,-43.84989895736598,-43.84989895736598,-43.84989895736598,0.0,0.0,0.0,16766.061291133803
2022-06-16,16682.921108665494,16087.245972661702,17523.680831092224,16682.921108665494,16682.921108665494,90.91200657731044,90.91200657731044,90.91200657731044,132.1674676126768,132.1674676126768,132.1674676126768,-41.25546103536639,-41.25546103536639,-41.25546103536639,0.0,0.0,0.0,16773.833115242804
2022-06-17,16686.339537905587,16068.690088552525,17516.9205267121,16686.339537905587,16686.339537905587,81.18557001633,81.18557001633,81.18557001633,119.5019211947658,119.5019211947658,119.5019211947658,-38.31635117843581,-38.31635117843581,-38.31635117843581,0.0,0.0,0.0,16767.525107921916
2022-06-20,16696.594825625867,16084.87901700053,17536.858078583475,16696.594825625867,16696.594825625867,102.53829749409908,102.53829749409908,102.53829749409908,128.1921199565493,128.1921199565493,128.1921199565493,-25.653822462450208,-25.653822462450208,-25.653822462450208,0.0,0.0,0.0,16799.133123119966
2022-06-21,16700.01325486596,16091.66418015468,17533.6591713619,16700.01325486596,16700.01325486596,111.53096335132415,111.53096335132415,111.53096335132415,131.1908959689557,131.1908959689557,131.1908959689557,-19.659932617631558,-19.659932617631558,-19.659932617631558,0.0,0.0,0.0,16811.544218217285
2022-06-22,16703.431684106054,16076.878755210088,17592.295039443317,16703.431684106054,16703.431684106054,117.81141325199081,117.81141325199081,117.81141325199081,130.40851066616432,130.40851066616432,130.40851066616432,-12.597097414173497,-12.597097414173497,-12.597097414173497,0.0,0.0,0.0,16821.243097358045
2022-06-23,16706.850113346147,16111.96775268591,17606.150188258845,16706.850113346147,16706.850113346147,127.76790583787984,127.76790583787984,127.76790583787984,132.1674676129674,132.1674676129674,132.1674676129674,-4.399561775087575,-4.399561775087575,-4.399561775087575,0.0,0.0,0.0,16834.618019184025
2022-06-24,16710.26854258624,16131.605043503221,17518.48145039568,16710.26854258624,16710.26854258624,124.46878078665128,124.46878078665128,124.46878078665128,119.50192119446218,119.50192119446218,119.50192119446218,4.966859592189091,4.966859592189091,4.966859592189091,0.0,0.0,0.0,16834.73732337289
2022-06-27,16720.52383030652,16176.916606600884,17605.236763268793,16720.52383030652,16720.52383030652,168.13153818689864,168.13153818689864,168.13153818689864,128.19211995686788,128.19211995686788,128.19211995686788,39.93941823003075,39.93941823003075,39.93941823003075,0.0,0.0,0.0,16888.65536849342
2022-06-28,16723.942259546613,16180.256296244712,17663.50889541705,16723.942259546613,16723.942259546613,184.8764494427947,184.8764494427947,184.8764494427947,131.19089596934688,131.19089596934688,131.19089596934688,53.6855534734478,53.6855534734478,53.6855534734478,0.0,0.0,0.0,16908.81870898941
2022-06-29,16727.360688786706,16125.504561370748,17666.470499795952,16727.360688786706,16727.360688786706,198.7113966196303,198.7113966196303,198.7113966196303,130.40851066580763,130.40851066580763,130.40851066580763,68.30288595382271,68.30288595382271,68.30288595382271,0.0,0.0,0.0,16926.072085406337
2022-06-30,16730.7791180268,16273.342102689523,17713.8443273464,16730.7791180268,16730.7791180268,215.81750206855685,215.81750206855685,215.81750206855685,132.16746761267473,132.16746761267473,132.16746761267473,83.65003445588214,83.65003445588214,83.65003445588214,0.0,0.0,0.0,16946.596620095355
2022-07-01,16734.197547266896,16218.230947027805,17706.21603454591,16734.197547266896,16734.197547266896,219.06740891045706,219.06740891045706,219.06740891045706,119.50192119415858,119.50192119415858,119.50192119415858,99.56548771629848,99.56548771629848,99.56548771629848,0.0,0.0,0.0,16953.264956177354
2022-07-04,16744.452834987176,16345.189198981047,17777.815766633375,16744.452834987176,16744.452834987176,277.08595210642477,277.08595210642477,277.08595210642477,128.19211995654211,128.19211995654211,128.19211995654211,148.8938321498827,148.8938321498827,148.8938321498827,0.0,0.0,0.0,17021.5387870936
2022-07-05,16747.87126422727,16341.66960076851,17712.97266480934,16747.87126422727,16747.87126422727,296.40698340701033,296.40698340701033,296.40698340701033,131.19089596908216,131.19089596908216,131.19089596908216,165.21608743792817,165.21608743792817,165.21608743792817,0.0,0.0,0.0,17044.27824763428
2022-07-06,16751.289693467363,16327.230727428621,17778.851204668965,16751.289693467363,16751.289693467363,311.56010316484236,311.56010316484236,311.56010316484236,130.40851066545096,130.40851066545096,130.40851066545096,181.15159249939134,181.15159249939134,181.15159249939134,0.0,0.0,0.0,17062.849796632207
2022-07-07,16754.708122707456,16388.803334927645,17831.008153499155,16754.708122707456,16754.708122707456,328.6803073359981,328.6803073359981,328.6803073359981,132.1674676129653,132.1674676129653,132.1674676129653,196.51283972303276,196.51283972303276,196.51283972303276,0.0,0.0,0.0,17083.388430043455
2022-07-08,16758.12655194755,16303.688201539684,17729.2273017666,16758.12655194755,16758.12655194755,330.6260780129205,330.6260780129205,330.6260780129205,119.501921193855,119.501921193855,119.501921193855,211.12415681906552,211.12415681906552,211.12415681906552,0.0,0.0,0.0,17088.75262996047
2022-07-11,16768.381839667833,16381.307635467738,17837.094693462037,16768.381839667833,16768.381839667833,377.15218527372576,377.15218527372576,377.15218527372576,128.19211995591397,128.19211995591397,128.19211995591397,248.9600653178118,248.9600653178118,248.9600653178118,0.0,0.0,0.0,17145.534024941557
2022-07-12,16771.800268907926,16445.13494895775,17885.981432014305,16771.800268907926,16771.800268907926,390.3722853146158,390.3722853146158,390.3722853146158,131.19089596881747,131.19089596881747,131.19089596881747,259.1813893457983,259.1813893457983,259.1813893457983,0.0,0.0,0.0,17162.172554222543
2022-07-13,16775.21869814802,16447.96840999676,17906.076141444588,16775.21869814802,16775.21869814802,398.4825772995492,398.4825772995492,398.4825772995492,130.40851066616924,130.40851066616924,130.40851066616924,268.07406663337997,268.07406663337997,268.07406663337997,0.0,0.0,0.0,17173.70127544757
2022-07-14,16778.637127388112,16456.400809888713,17912.356092779282,16778.637127388112,16778.637127388112,407.7660402469672,407.7660402469672,407.7660402469672,132.16746761263073,132.16746761263073,132.16746761263073,275.59857263433645,275.59857263433645,275.59857263433645,0.0,0.0,0.0,17186.40316763508
2022-07-15,16782.055556628206,16456.41008258085,17901.892912651714,16782.055556628206,16782.055556628206,401.24503481416474,401.24503481416474,401.24503481416474,119.50192119352558,119.50192119352558,119.50192119352558,281.7431136206391,281.7431136206391,281.7431136206391,0.0,0.0,0.0,17183.30059144237
2022-07-18,16792.31084434848,16440.509166710104,17903.836649272023,16792.31084434848,16792.31084434848,420.3742882440792,420.3742882440792,420.3742882440792,128.19211995558814,128.19211995558814,128.19211995558814,292.18216828849114,292.18216828849114,292.18216828849114,0.0,0.0,0.0,17212.68513259256
2022-07-19,16795.72927358858,16524.099558935737,17954.74019475048,16795.72927358858,16795.72927358858,424.4071530131766,424.4071530131766,424.4071530131766,131.1908959691883,131.1908959691883,131.1908959691883,293.21625704398826,293.21625704398826,293.21625704398826,0.0,0.0,0.0,17220.136426601755
2022-07-20,16799.14770282867,16524.482932110746,17921.741975144887,16799.14770282867,16799.14770282867,423.6000639987796,423.6000639987796,423.6000639987796,130.40851066581254,130.40851066581254,130.40851066581254,293.1915533329671,293.1915533329671,293.1915533329671,0.0,0.0,0.0,17222.74776682745
2022-07-21,16802.566132068765,16451.02600520452,17974.984451341446,16802.566132068765,16802.566132068765,424.4006250209842,424.4006250209842,424.4006250209842,132.16746761292129,132.16746761292129,132.16746761292129,292.2331574080629,292.2331574080629,292.2331574080629,0.0,0.0,0.0,17226.96675708975
2022-07-22,16805.98456130886,16475.49113238216,17916.47167460736,16805.98456130886,16805.98456130886,409.981285430096,409.981285430096,409.981285430096,119.50192119492642,119.50192119492642,119.50192119492642,290.4793642351696,290.4793642351696,290.4793642351696,0.0,0.0,0.0,17215.965846738953
2022-07-25,16816.239849029138,16511.72809129273,17934.072111842615,16816.239849029138,16816.239849029138,410.1428231547081,410.1428231547081,410.1428231547081,128.19211995655112,128.19211995655112,128.19211995655112,281.950703198157,281.950703198157,281.950703198157,0.0,0.0,0.0,17226.382672183845
2022-07-26,16819.65827826923,16466.96691912949,17948.23790103237,16819.65827826923,16819.65827826923,409.7265061528121,409.7265061528121,409.7265061528121,131.19089596892357,131.19089596892357,131.19089596892357,278.5356101838885,278.5356101838885,278.5356101838885,0.0,0.0,0.0,17229.384784422044
2022-07-27,16823.076707509324,16504.46979427712,17972.522859080866,16823.076707509324,16823.076707509324,405.4966639545421,405.4966639545421,405.4966639545421,130.40851066567149,130.40851066567149,130.40851066567149,275.0881532888706,275.0881532888706,275.0881532888706,0.0,0.0,0.0,17228.573371463866
2022-07-28,16826.49513674942,16448.41996827912,17981.400435270403,16826.49513674942,16826.49513674942,403.9184563994877,403.9184563994877,403.9184563994877,132.16746761321187,132.16746761321187,132.16746761321187,271.7509887862758,271.7509887862758,271.7509887862758,0.0,0.0,0.0,17230.413593148907
2022-07-29,16829.913565989515,16478.087645736505,17943.64220670988,16829.913565989515,16829.913565989515,388.1583980288698,388.1583980288698,388.1583980288698,119.501921194597,119.501921194597,119.501921194597,268.6564768342727,268.6564768342727,268.6564768342727,0.0,0.0,0.0,17218.071964018385
2022-08-01,16840.168853709794,16472.12477472807,17967.27984133896,16840.168853709794,16840.168853709794,390.14635139920875,390.14635139920875,390.14635139920875,128.19211995622535,128.19211995622535,128.19211995622535,261.95423144298337,261.95423144298337,261.95423144298337,0.0,0.0,0.0,17230.315205109004
2022-08-02,16843.587282949888,16520.892020912557,17985.239888308606,16843.587282949888,16843.587282949888,392.07046729398166,392.07046729398166,392.07046729398166,131.1908959686589,131.1908959686589,131.1908959686589,260.8795713253228,260.8795713253228,260.8795713253228,0.0,0.0,0.0,17235.65775024387
2022-08-03,16847.00571218998,16505.288003483056,17952.17704042183,16847.00571218998,16847.00571218998,390.9018997698286,390.9018997698286,390.9018997698286,130.4085106653148,130.4085106653148,130.4085106653148,260.4933891045138,260.4933891045138,260.4933891045138,0.0,0.0,0.0,17237.90761195981
2022-08-04,16850.424141430074,16519.104524109658,18023.394795627577,16850.424141430074,16850.424141430074,393.00378416243905,393.00378416243905,393.00378416243905,132.16746761287726,132.16746761287726,132.16746761287726,260.8363165495618,260.8363165495618,260.8363165495618,0.0,0.0,0.0,17243.427925592514
2022-08-05,16853.842570670167,16527.18562684548,17962.19262193996,16853.842570670167,16853.842570670167,381.43524071578645,381.43524071578645,381.43524071578645,119.50192119434499,119.50192119434499,119.50192119434499,261.9333195214415,261.9333195214415,261.9333195214415,0.0,0.0,0.0,17235.277811385953
2022-08-08,16864.09785839045,16513.467692063074,17995.44682021468,16864.09785839045,16864.09785839045,397.9809210018968,397.9809210018968,397.9809210018968,128.19211995589956,128.19211995589956,128.19211995589956,269.78880104599716,269.78880104599716,269.78880104599716,0.0,0.0,0.0,17262.07877939235
2022-08-10,16870.934716870634,16554.515927228986,18033.10563103166,16870.934716870634,16870.934716870634,409.0795984350962,409.0795984350962,409.0795984350962,130.40851066549558,130.40851066549558,130.40851066549558,278.67108776960066,278.67108776960066,278.67108776960066,0.0,0.0,0.0,17280.01431530573
2022-08-11,16874.353146110727,16570.114713155876,18009.738470457054,16874.353146110727,16874.353146110727,416.2824066524079,416.2824066524079,416.2824066524079,132.16746761316784,132.16746761316784,132.16746761316784,284.11493903924,284.11493903924,284.11493903924,0.0,0.0,0.0,17290.635552763135
2022-08-12,16877.77157535082,16587.643833985094,17990.099880990932,16877.77157535082,16877.77157535082,409.6771117799101,409.6771117799101,409.6771117799101,119.50192119572003,119.50192119572003,119.50192119572003,290.1751905841901,290.1751905841901,290.1751905841901,0.0,0.0,0.0,17287.44868713073
2022-08-16,16891.445292311193,16627.568221378475,18130.420984752665,16891.445292311193,16891.445292311193,450.95535814705283,450.95535814705283,450.95535814705283,131.19089596812955,131.19089596812955,131.19089596812955,319.76446217892334,319.76446217892334,319.76446217892334,0.0,0.0,0.0,17342.400650458247
2022-08-17,16894.86372155129,16591.6934096231,18113.648872085236,16894.86372155129,16894.86372155129,458.7190151512024,458.7190151512024,458.7190151512024,130.4085106656764,130.4085106656764,130.4085106656764,328.31050448552605,328.31050448552605,328.31050448552605,0.0,0.0,0.0,17353.582736702494
2022-08-18,16898.282150791383,16679.799398022504,18133.596136343593,16898.282150791383,16898.282150791383,469.4197991105979,469.4197991105979,469.4197991105979,132.16746761287516,132.16746761287516,132.16746761287516,337.2523314977229,337.2523314977229,337.2523314977229,0.0,0.0,0.0,17367.70194990198
2022-08-19,16901.700580031476,16648.796154381776,18110.206036931722,16901.700580031476,16901.700580031476,466.06702930323377,466.06702930323377,466.06702930323377,119.50192119541644,119.50192119541644,119.50192119541644,346.56510810781725,346.56510810781725,346.56510810781725,0.0,0.0,0.0,17367.76760933471
2022-08-22,16911.955867751756,16693.513646553984,18151.35658046489,16911.955867751756,16911.955867751756,504.725581321984,504.725581321984,504.725581321984,128.19211995558996,128.19211995558996,128.19211995558996,376.533461366394,376.533461366394,376.533461366394,0.0,0.0,0.0,17416.68144907374
2022-08-23,16915.37429699185,16755.317431249972,18178.36246117173,16915.37429699185,16915.37429699185,518.3366651928645,518.3366651928645,518.3366651928645,131.1908959691562,131.1908959691562,131.1908959691562,387.1457692237084,387.1457692237084,387.1457692237084,0.0,0.0,0.0,17433.710962184712
2022-08-24,16918.792726231946,16715.972015592004,18138.989089272953,16918.792726231946,16918.792726231946,528.4524316285996,528.4524316285996,528.4524316285996,130.40851066585722,130.40851066585722,130.40851066585722,398.04392096274233,398.04392096274233,398.04392096274233,0.0,0.0,0.0,17447.245157860547
2022-08-25,16922.211155472036,16701.32403886208,18133.096482341312,16922.211155472036,16922.211155472036,541.3776219157095,541.3776219157095,541.3776219157095,132.16746761316574,132.16746761316574,132.16746761316574,409.2101543025437,409.2101543025437,409.2101543025437,0.0,0.0,0.0,17463.588777387744
2022-08-26,16925.629584712133,16742.314940105756,18198.761076855233,16925.629584712133,16925.629584712133,540.1246591326901,540.1246591326901,540.1246591326901,119.50192119508701,119.50192119508701,119.50192119508701,420.62273793760306,420.62273793760306,420.62273793760306,0.0,0.0,0.0,17465.75424384482
2022-08-29,16935.884872432413,16758.627107707915,18225.717276326563,16935.884872432413,16935.884872432413,584.218404523142,584.218404523142,584.218404523142,128.19211995655297,128.19211995655297,128.19211995655297,456.026284566589,456.026284566589,456.026284566589,0.0,0.0,0.0,17520.103276955553
2022-08-30,16939.303301672506,16765.342255992975,18271.29549660677,16939.303301672506,16939.303301672506,599.2605110868518,599.2605110868518,599.2605110868518,131.1908959688915,131.1908959688915,131.1908959688915,468.06961511796027,468.06961511796027,468.06961511796027,0.0,0.0,0.0,17538.56381275936
2022-09-01,16950.82240064201,16840.492065107337,18242.13299770667,16950.82240064201,16950.82240064201,624.3145103656985,624.3145103656985,624.3145103656985,132.1674676128311,132.1674676128311,132.1674676128311,492.1470427528673,492.1470427528673,492.1470427528673,0.0,0.0,0.0,17575.136911007707
2022-09-02,16956.581950126765,16821.53668389919,18320.31702041438,16956.581950126765,16956.581950126765,623.5186757734564,623.5186757734564,623.5186757734564,119.50192119475764,119.50192119475764,119.50192119475764,504.01675457869885,504.01675457869885,504.01675457869885,0.0,0.0,0.0,17580.10062590022
2022-09-05,16973.860598581028,16890.17863956101,18334.209938211465,16973.860598581028,16973.860598581028,665.9156518758105,665.9156518758105,665.9156518758105,128.19211995622715,128.19211995622715,128.19211995622715,537.7235319195834,537.7235319195834,537.7235319195834,0.0,0.0,0.0,17639.776250456838
2022-09-06,16979.62014806578,16881.622071428978,18372.01982201072,16979.62014806578,16979.62014806578,679.1165568890589,679.1165568890589,679.1165568890589,131.19089596928268,131.19089596928268,131.19089596928268,547.9256609197762,547.9256609197762,547.9256609197762,0.0,0.0,0.0,17658.736704954837
2022-09-07,16985.379697550536,16927.375692110243,18438.28838777829,16985.379697550536,16985.379697550536,687.8008909390951,687.8008909390951,687.8008909390951,130.40851066621877,130.40851066621877,130.40851066621877,557.3923802728762,557.3923802728762,557.3923802728762,0.0,0.0,0.0,17673.18058848963
2022-09-08,16991.139247035288,16996.12896781034,18415.7320370965,16991.139247035288,16991.139247035288,698.1531043285798,698.1531043285798,698.1531043285798,132.1674676125385,132.1674676125385,132.1674676125385,565.9856367160414,565.9856367160414,565.9856367160414,0.0,0.0,0.0,17689.292351363867
2022-09-09,16996.89879652004,16986.086725514648,18367.61145214039,16996.89879652004,16996.89879652004,693.0684440156746,693.0684440156746,693.0684440156746,119.5019211944798,119.5019211944798,119.5019211944798,573.5665228211948,573.5665228211948,573.5665228211948,0.0,0.0,0.0,17689.967240535712
2022-09-12,17014.177444974302,17022.148072219694,18462.850118249953,17014.177444974302,17014.177444974302,717.0898487607742,717.0898487607742,717.0898487607742,128.19211995654575,128.19211995654575,128.19211995654575,588.8977288042284,588.8977288042284,588.8977288042284,0.0,0.0,0.0,17731.267293735076
2022-09-13,17019.936994459058,17034.494295497097,18531.134813234534,17019.936994459058,17019.936994459058,722.3228359611209,722.3228359611209,722.3228359611209,131.19089596967387,131.19089596967387,131.19089596967387,591.131939991447,591.131939991447,591.131939991447,0.0,0.0,0.0,17742.25983042018
2022-09-14,17025.69654394381,17028.00452510412,18455.65036493169,17025.69654394381,17025.69654394381,722.1651536902443,722.1651536902443,722.1651536902443,130.40851066554018,130.40851066554018,130.40851066554018,591.7566430247041,591.7566430247041,591.7566430247041,0.0,0.0,0.0,17747.861697634053
2022-09-15,17031.456093428562,17041.770432606936,18511.130233949232,17031.456093428562,17031.456093428562,722.861852134774,722.861852134774,722.861852134774,132.16746761251645,132.16746761251645,132.16746761251645,590.6943845222576,590.6943845222576,590.6943845222576,0.0,0.0,0.0,17754.317945563336
2022-09-16,17037.21564291332,17027.697124713362,18417.187520304153,17037.21564291332,17037.21564291332,707.3904663037109,707.3904663037109,707.3904663037109,119.5019211941504,119.5019211941504,119.5019211941504,587.8885451095605,587.8885451095605,587.8885451095605,0.0,0.0,0.0,17744.60610921703
2022-09-19,17054.494291367584,17032.618185168692,18478.91998497479,17054.494291367584,17054.494291367584,696.9931528721165,696.9931528721165,696.9931528721165,128.1921199559176,128.1921199559176,128.1921199559176,568.801032916199,568.801032916199,568.801032916199,0.0,0.0,0.0,17751.4874442397
2022-09-20,17060.253840852336,17031.815526441238,18459.908526000156,17060.253840852336,17060.253840852336,690.1328343902103,690.1328343902103,690.1328343902103,131.19089596875332,131.19089596875332,131.19089596875332,558.9419384214569,558.9419384214569,558.9419384214569,0.0,0.0,0.0,17750.386675242546
2022-09-21,17066.013390337088,17059.834981468048,18516.040175285954,17066.013390337088,17066.013390337088,677.8403495175266,677.8403495175266,677.8403495175266,130.40851066572105,130.40851066572105,130.40851066572105,547.4318388518057,547.4318388518057,547.4318388518057,0.0,0.0,0.0,17743.853739854614
2022-09-22,17071.772939821843,16974.708583862623,18414.038552033853,17071.772939821843,17071.772939821843,666.5366367644842,666.5366367644842,666.5366367644842,132.16746761280706,132.16746761280706,132.16746761280706,534.3691691516773,534.3691691516773,534.3691691516773,0.0,0.0,0.0,17738.30957658633
2022-09-23,17077.532489306595,16987.833519806692,18456.94527413201,17077.532489306595,17077.532489306595,639.3795748617367,639.3795748617367,639.3795748617367,119.50192119384678,119.50192119384678,119.50192119384678,519.87765366789,519.87765366789,519.87765366789,0.0,0.0,0.0,17716.912064168333
2022-09-26,17094.81113776086,17018.325714370545,18440.830210406177,17094.81113776086,17094.81113776086,597.5950340220535,597.5950340220535,597.5950340220535,128.1921199562362,128.1921199562362,128.1921199562362,469.40291406581736,469.40291406581736,469.40291406581736,0.0,0.0,0.0,17692.406171782914
2022-09-27,17100.57068724561,16984.428838823595,18451.645677891673,17100.57068724561,17100.57068724561,582.0516668731002,582.0516668731002,582.0516668731002,131.19089596914452,131.19089596914452,131.19089596914452,450.8607709039556,450.8607709039556,450.8607709039556,0.0,0.0,0.0,17682.62235411871
2022-09-28,17106.330236730366,16931.90914090085,18351.624132572615,17106.330236730366,17106.330236730366,562.2102035628475,562.2102035628475,562.2102035628475,130.40851066536436,130.40851066536436,130.40851066536436,431.80169289748306,431.80169289748306,431.80169289748306,0.0,0.0,0.0,17668.540440293214
2022-09-29,17112.089786215118,16970.200800832852,18395.15155792804,17112.089786215118,17112.089786215118,544.6098044444303,544.6098044444303,544.6098044444303,132.16746761278503,132.16746761278503,132.16746761278503,412.4423368316453,412.4423368316453,412.4423368316453,0.0,0.0,0.0,17656.699590659548
2022-09-30,17117.849335699873,16850.113496290567,18364.625086030916,17117.849335699873,17117.849335699873,512.5028747091054,512.5028747091054,512.5028747091054,119.50192119524763,119.50192119524763,119.50192119524763,393.0009535138577,393.0009535138577,393.0009535138577,0.0,0.0,0.0,17630.35221040898
2022-10-03,17135.127984154136,16919.168115384095,18356.50778538342,17135.127984154136,17135.127984154136,464.48742368553314,464.48742368553314,464.48742368553314,128.19211995591039,128.19211995591039,128.19211995591039,336.2953037296228,336.2953037296228,336.2953037296228,0.0,0.0,0.0,17599.61540783967
2022-10-04,17140.88753363889,16894.860270945297,18316.70829847517,17140.88753363889,17140.88753363889,449.77240402538257,449.77240402538257,449.77240402538257,131.19089596887983,131.19089596887983,131.19089596887983,318.58150805650274,318.58150805650274,318.58150805650274,0.0,0.0,0.0,17590.65993766427
2022-10-06,17152.4066326084,16844.302786213095,18317.642252204816,17152.4066326084,17152.4066326084,418.0877710469791,418.0877710469791,418.0877710469791,132.16746761307562,132.16746761307562,132.16746761307562,285.92030343390354,285.92030343390354,285.92030343390354,0.0,0.0,0.0,17570.49440365538
2022-10-07,17158.16618209315,16836.354674612423,18287.5311720851,17158.16618209315,17158.16618209315,390.7227839122632,390.7227839122632,390.7227839122632,119.501921194944,119.501921194944,119.501921194944,271.2208627173192,271.2208627173192,271.2208627173192,0.0,0.0,0.0,17548.888966005416
2022-10-10,17175.44483054741,16818.079114179596,18295.421998058002,17175.44483054741,17175.44483054741,362.74814494927216,362.74814494927216,362.74814494927216,128.192119956229,128.192119956229,128.192119956229,234.55602499304317,234.55602499304317,234.55602499304317,0.0,0.0,0.0,17538.192975496684
2022-10-11,17181.204380032163,16802.49890193681,18234.104149613966,17181.204380032163,17181.204380032163,356.0848163488173,356.0848163488173,356.0848163488173,131.1908959692506,131.1908959692506,131.1908959692506,224.89392037956668,224.89392037956668,224.89392037956668,0.0,0.0,0.0,17537.28919638098
2022-10-12,17186.96392951692,16848.594073118744,18258.840745030055,17186.96392951692,17186.96392951692,346.8880205300714,346.8880205300714,346.8880205300714,130.40851066594146,130.40851066594146,130.40851066594146,216.47950986413,216.47950986413,216.47950986413,0.0,0.0,0.0,17533.851950046992
2022-10-13,17192.723479001674,16740.675951614598,18256.66368803883,17192.723479001674,17192.723479001674,341.4198465199918,341.4198465199918,341.4198465199918,132.16746761274104,132.16746761274104,132.16746761274104,209.25237890725072,209.25237890725072,209.25237890725072,0.0,0.0,0.0,17534.143325521665
2022-10-14,17198.483028486426,16784.86956849815,18271.78474267059,17198.483028486426,17198.483028486426,322.62964986403136,322.62964986403136,322.62964986403136,119.50192119461458,119.50192119461458,119.50192119461458,203.12772866941685,203.12772866941685,203.12772866941685,0.0,0.0,0.0,17521.11267835046
2022-10-17,17215.76167694069,16790.52920876396,18273.573153046236,17215.76167694069,17215.76167694069,318.4153492975251,318.4153492975251,318.4153492975251,128.19211995590317,128.19211995590317,128.19211995590317,190.22322934162193,190.22322934162193,190.22322934162193,0.0,0.0,0.0,17534.177026238212
2022-10-18,17221.521226425444,16753.02130623293,18294.467585208626,17221.521226425444,17221.521226425444,318.48227804101714,318.48227804101714,318.48227804101714,131.1908959689859,131.1908959689859,131.1908959689859,187.29138207203124,187.29138207203124,187.29138207203124,0.0,0.0,0.0,17540.003504466462
2022-10-19,17227.280775910196,16855.545408113656,18330.622840833665,17227.280775910196,17227.280775910196,315.2057037113782,315.2057037113782,315.2057037113782,130.40851066612228,130.40851066612228,130.40851066612228,184.79719304525588,184.79719304525588,184.79719304525588,0.0,0.0,0.0,17542.486479621573
2022-10-20,17233.04032539495,16858.57123309936,18235.8137336738,17233.04032539495,17233.04032539495,314.7574095945274,314.7574095945274,314.7574095945274,132.16746761303156,132.16746761303156,132.16746761303156,182.5899419814958,182.5899419814958,182.5899419814958,0.0,0.0,0.0,17547.79773498948
2022-10-21,17238.799874879707,16830.384489078002,18290.84862946856,17238.799874879707,17238.799874879707,300.0258432574586,300.0258432574586,300.0258432574586,119.50192119431098,119.50192119431098,119.50192119431098,180.52392206314755,180.52392206314755,180.52392206314755,0.0,0.0,0.0,17538.825718137166
2022-10-24,17256.078523333967,16818.081389126928,18294.470823753407,17256.078523333967,17256.078523333967,302.07694807544834,302.07694807544834,302.07694807544834,128.19211995686618,128.19211995686618,128.19211995686618,173.88482811858213,173.88482811858213,173.88482811858213,0.0,0.0,0.0,17558.155471409416
2022-10-25,17261.83807281872,16863.981920027767,18238.06685494689,17261.83807281872,17261.83807281872,302.370124357987,302.370124357987,302.370124357987,131.1908959693771,131.1908959693771,131.1908959693771,171.17922838860989,171.17922838860989,171.17922838860989,0.0,0.0,0.0,17564.208197176704
2022-10-27,17273.35717178823,16886.02557246809,18256.525769881235,17273.35717178823,17273.35717178823,296.80403045220925,296.80403045220925,296.80403045220925,132.16746761273893,132.16746761273893,132.16746761273893,164.63656283947032,164.63656283947032,164.63656283947032,0.0,0.0,0.0,17570.16120224044
2022-10-28,17279.116721272985,16821.377091593087,18329.35248932655,17279.116721272985,17279.116721272985,280.2591956099124,280.2591956099124,280.2591956099124,119.50192119398159,119.50192119398159,119.50192119398159,160.75727441593082,160.75727441593082,160.75727441593082,0.0,0.0,0.0,17559.3759168829
2022-10-31,17296.39536972724,16862.96057292029,18303.667784251185,17296.39536972724,17296.39536972724,275.1908278418758,275.1908278418758,275.1908278418758,128.19211995654035,128.19211995654035,128.19211995654035,146.99870788533536,146.99870788533536,146.99870788533536,0.0,0.0,0.0,17571.586197569115
2022-11-01,17302.154919212,16846.277002006467,18261.486833861065,17302.154919212,17302.154919212,273.1331177938934,273.1331177938934,273.1331177938934,131.190895969092,131.190895969092,131.190895969092,141.9422218248014,141.9422218248014,141.9422218248014,0.0,0.0,0.0,17575.288037005892
2022-11-02,17307.914468696752,16856.928195255485,18279.093582231002,17307.914468696752,17307.914468696752,267.2341797987493,267.2341797987493,267.2341797987493,130.40851066540895,130.40851066540895,130.40851066540895,136.82566913334034,136.82566913334034,136.82566913334034,0.0,0.0,0.0,17575.148648495502
2022-11-03,17313.674018181504,16813.74851816526,18265.79507599987,17313.674018181504,17313.674018181504,263.94937382857086,263.94937382857086,263.94937382857086,132.16746761271688,132.16746761271688,132.16746761271688,131.78190621585398,131.78190621585398,131.78190621585398,0.0,0.0,0.0,17577.623392010075
2022-11-04,17319.43356766626,16885.041913156278,18285.062696350735,17319.43356766626,17319.43356766626,246.4589271187763,246.4589271187763,246.4589271187763,119.50192119370377,119.50192119370377,119.50192119370377,126.95700592507255,126.95700592507255,126.95700592507255,0.0,0.0,0.0,17565.892494785036
2022-11-07,17336.712216120522,16876.706598995435,18328.40347502214,17336.712216120522,17336.712216120522,243.55102528601603,243.55102528601603,243.55102528601603,128.1921199559122,128.1921199559122,128.1921199559122,115.35890533010382,115.35890533010382,115.35890533010382,0.0,0.0,0.0,17580.263241406537
2022-11-09,17348.23131509003,16894.534016232665,18349.227758832618,17348.23131509003,17348.23131509003,241.9785970618944,241.9785970618944,241.9785970618944,130.40851066558977,130.40851066558977,130.40851066558977,111.57008639630463,111.57008639630463,111.57008639630463,0.0,0.0,0.0,17590.209912151924
2022-11-10,17353.990864574786,16897.22833916125,18353.964162304073,17353.990864574786,17353.990864574786,243.44317024354677,243.44317024354677,243.44317024354677,132.16746761269488,132.16746761269488,132.16746761269488,111.27570263085185,111.27570263085185,111.27570263085185,0.0,0.0,0.0,17597.434034818332
2022-11-11,17359.750414059534,16843.507494863214,18274.822791491228,17359.750414059534,17359.750414059534,231.6969585855459,231.6969585855459,231.6969585855459,119.50192119337437,119.50192119337437,119.50192119337437,112.19503739217154,112.19503739217154,112.19503739217154,0.0,0.0,0.0,17591.44737264508
2022-11-14,17377.029062513797,16899.153953462985,18356.15787202575,17377.029062513797,17377.029062513797,251.10398260538537,251.10398260538537,251.10398260538537,128.1921199562308,128.1921199562308,128.1921199562308,122.91186264915451,122.91186264915451,122.91186264915451,0.0,0.0,0.0,17628.133045119182
2022-11-15,17382.788611998556,17010.463755399844,18328.34236832628,17382.788611998556,17382.788611998556,260.4087371045227,260.4087371045227,260.4087371045227,131.1908959685626,131.1908959685626,131.1908959685626,129.21784113596007,129.21784113596007,129.21784113596007,0.0,0.0,0.0,17643.19734910308
2022-11-16,17388.548161483308,16871.385844637043,18360.933401775845,17388.548161483308,17388.548161483308,267.2611192230899,267.2611192230899,267.2611192230899,130.4085106657706,130.4085106657706,130.4085106657706,136.85260855731934,136.85260855731934,136.85260855731934,0.0,0.0,0.0,17655.8092807064
2022-11-17,17394.30771096806,16915.07998886597,18381.599051225574,17394.30771096806,17394.30771096806,277.9124376541032,277.9124376541032,277.9124376541032,132.16746761298543,132.16746761298543,132.16746761298543,145.74497004111777,145.74497004111777,145.74497004111777,0.0,0.0,0.0,17672.220148622164
2022-11-18,17400.067260452815,16928.96336986444,18408.546502867826,17400.067260452815,17400.067260452815,275.2941894994637,275.2941894994637,275.2941894994637,119.50192119480101,119.50192119480101,119.50192119480101,155.79226830466266,155.79226830466266,155.79226830466266,0.0,0.0,0.0,17675.361449952277
2022-11-21,17417.34590890708,17011.912247361182,18482.62436579838,17417.34590890708,17417.34590890708,319.5992400977321,319.5992400977321,319.5992400977321,128.1921199565494,128.1921199565494,128.1921199565494,191.40712014118273,191.40712014118273,191.40712014118273,0.0,0.0,0.0,17736.945149004812
2022-11-22,17423.10545839183,17030.47765679754,18449.042836346576,17423.10545839183,17423.10545839183,335.686384603113,335.686384603113,335.686384603113,131.19089596895378,131.19089596895378,131.19089596895378,204.49548863415924,204.49548863415924,204.49548863415924,0.0,0.0,0.0,17758.791842994942
2022-11-23,17428.865007876582,17004.568685269005,18518.885536888676,17428.865007876582,17428.865007876582,348.24985926653846,348.24985926653846,348.24985926653846,130.40851066562945,130.40851066562945,130.40851066562945,217.84134860090901,217.84134860090901,217.84134860090901,0.0,0.0,0.0,17777.114867143122
2022-11-24,17434.624557361338,17076.92097732554,18504.28261367933,17434.624557361338,17434.624557361338,363.3832895823308,363.3832895823308,363.3832895823308,132.16746761327602,132.16746761327602,132.16746761327602,231.21582196905476,231.21582196905476,231.21582196905476,0.0,0.0,0.0,17798.00784694367
2022-11-25,17440.38410684609,17055.494685932943,18546.516953363167,17440.38410684609,17440.38410684609,363.8870790254898,363.8870790254898,363.8870790254898,119.5019211944716,119.5019211944716,119.5019211944716,244.3851578310182,244.3851578310182,244.3851578310182,0.0,0.0,0.0,17804.27118587158
2022-11-28,17457.662755300345,17117.606853302506,18607.263126266607,17457.662755300345,17457.662755300345,408.5606176579012,408.5606176579012,408.5606176579012,128.19211995592124,128.19211995592124,128.19211995592124,280.36849770198,280.36849770198,280.36849770198,0.0,0.0,0.0,17866.223372958248
2022-11-29,17463.422304622934,17211.159619103244,18613.16301948784,17463.422304622934,17463.422304622934,421.6673341012323,421.6673341012323,421.6673341012323,131.1908959686891,131.1908959686891,131.1908959686891,290.4764381325432,290.4764381325432,290.4764381325432,0.0,0.0,0.0,17885.089638724166
2022-11-30,17469.18185394552,17209.684068120296,18640.85955892628,17469.18185394552,17469.18185394552,429.73841920308536,429.73841920308536,429.73841920308536,130.4085106652728,130.4085106652728,130.4085106652728,299.32990853781257,299.32990853781257,299.32990853781257,0.0,0.0,0.0,17898.920273148604
2022-12-01,17474.941403268105,17228.81174832895,18672.14720382504,17474.941403268105,17474.941403268105,438.94607453908526,438.94607453908526,438.94607453908526,132.16746761325396,132.16746761325396,132.16746761325396,306.7786069258313,306.7786069258313,306.7786069258313,0.0,0.0,0.0,17913.88747780719
2022-12-02,17480.700952590694,17136.115977883932,18601.07855449526,17480.700952590694,17480.700952590694,432.2037941285634,432.2037941285634,432.2037941285634,119.50192119416799,119.50192119416799,119.50192119416799,312.7018729343954,312.7018729343954,312.7018729343954,0.0,0.0,0.0,17912.904746719258
2022-12-05,17497.979600558458,17224.26612394146,18657.57071440016,17497.979600558458,17497.979600558458,448.8034178630639,448.8034178630639,448.8034178630639,128.19211995623985,128.19211995623985,128.19211995623985,320.611297906824,320.611297906824,320.611297906824,0.0,0.0,0.0,17946.78301842152
2022-12-06,17503.739149881047,17227.466419330998,18675.797289014325,17503.739149881047,17503.739149881047,451.09225616670517,451.09225616670517,451.09225616670517,131.1908959690803,131.1908959690803,131.1908959690803,319.9013601976249,319.9013601976249,319.9013601976249,0.0,0.0,0.0,17954.831406047753
2022-12-07,17509.498699203632,17284.31267917529,18724.470375981826,17509.498699203632,17509.498699203632,447.9858363936618,447.9858363936618,447.9858363936618,130.4085106659911,130.4085106659911,130.4085106659911,317.57732572767077,317.57732572767077,317.57732572767077,0.0,0.0,0.0,17957.484535597294
2022-12-08,17515.25824852622,17239.696663201925,18665.850950910746,17515.25824852622,17515.25824852622,445.8933678498345,445.8933678498345,445.8933678498345,132.16746761323196,132.16746761323196,132.16746761323196,313.72590023660246,313.72590023660246,313.72590023660246,0.0,0.0,0.0,17961.151616376057
2022-12-09,17521.017797848806,17200.727351087164,18712.601170827187,17521.017797848806,17521.017797848806,427.96680556154985,427.96680556154985,427.96680556154985,119.50192119556881,119.50192119556881,119.50192119556881,308.464884365981,308.464884365981,308.464884365981,0.0,0.0,0.0,17948.984603410358
2022-12-12,17538.29644581657,17243.65493465752,18666.060140749516,17538.29644581657,17538.29644581657,413.98712405127054,413.98712405127054,413.98712405127054,128.19211995591408,128.19211995591408,128.19211995591408,285.79500409535643,285.79500409535643,285.79500409535643,0.0,0.0,0.0,17952.28356986784
2022-12-13,17544.05599513916,17270.911134761576,18642.390292716333,17544.05599513916,17544.05599513916,407.7575227028791,407.7575227028791,407.7575227028791,131.1908959688156,131.1908959688156,131.1908959688156,276.56662673406356,276.56662673406356,276.56662673406356,0.0,0.0,0.0,17951.813517842038
2022-12-14,17549.815544461744,17231.200301370944,18714.222956183068,17549.815544461744,17549.815544461744,397.2553545239875,397.2553545239875,397.2553545239875,130.4085106656344,130.4085106656344,130.4085106656344,266.8468438583531,266.8468438583531,266.8468438583531,0.0,0.0,0.0,17947.07089898573
2022-12-15,17555.575093784333,17140.800607862286,18642.24515584961,17555.575093784333,17555.575093784333,389.0178760528927,389.0178760528927,389.0178760528927,132.16746761262672,132.16746761262672,132.16746761262672,256.8504084402659,256.8504084402659,256.8504084402659,0.0,0.0,0.0,17944.592969837227
2022-12-16,17561.33464310692,17234.16669905364,18624.80255182601,17561.33464310692,17561.33464310692,366.291500545079,366.291500545079,366.291500545079,119.50192119526524,119.50192119526524,119.50192119526524,246.78957934981366,246.78957934981366,246.78957934981366,0.0,0.0,0.0,17927.626143651996
2022-12-19,17578.613291074686,17199.493650234865,18630.14835847203,17578.613291074686,17578.613291074686,346.383732697292,346.383732697292,346.383732697292,128.19211995687704,128.19211995687704,128.19211995687704,218.1916127404149,218.1916127404149,218.1916127404149,0.0,0.0,0.0,17924.99702377198
2022-12-20,17584.37284039727,17225.574206528676,18661.265764668846,17584.37284039727,17584.37284039727,340.9494892044079,340.9494892044079,340.9494892044079,131.19089596918639,131.19089596918639,131.19089596918639,209.75859323522147,209.75859323522147,209.75859323522147,0.0,0.0,0.0,17925.32232960168
2022-12-21,17590.13238971986,17176.73745829731,18635.785992734094,17590.13238971986,17590.13238971986,332.51180037936206,332.51180037936206,332.51180037936206,130.40851066581516,130.40851066581516,130.40851066581516,202.10328971354684,202.10328971354684,202.10328971354684,0.0,0.0,0.0,17922.64419009922
2022-12-22,17595.891939042445,17232.55191808577,18636.188555013352,17595.891939042445,17595.891939042445,327.4879996137497,327.4879996137497,327.4879996137497,132.1674676129173,132.1674676129173,132.1674676129173,195.3205320008324,195.3205320008324,195.3205320008324,0.0,0.0,0.0,17923.379938656195
2022-12-23,17601.65148836503,17177.363515454792,18568.410328092195,17601.65148836503,17601.65148836503,308.9757738469672,308.9757738469672,308.9757738469672,119.50192119493579,119.50192119493579,119.50192119493579,189.47385265203138,189.47385265203138,189.47385265203138,0.0,0.0,0.0,17910.627262211998
2022-12-26,17618.930136332798,17242.368278450595,18664.753229770537,17618.930136332798,17618.930136332798,305.88830515058953,305.88830515058953,305.88830515058953,128.19211995655124,128.19211995655124,128.19211995655124,177.69618519403832,177.69618519403832,177.69618519403832,0.0,0.0,0.0,17924.81844148339
2022-12-27,17624.689685655387,17159.009528091156,18701.718710659698,17624.689685655387,17624.689685655387,306.7692646602651,306.7692646602651,306.7692646602651,131.19089596892167,131.19089596892167,131.19089596892167,175.5783686913434,175.5783686913434,175.5783686913434,0.0,0.0,0.0,17931.458950315653
2022-12-28,17630.449234977972,17215.50166446359,18693.0723201551,17630.449234977972,17630.449234977972,304.64109733217566,304.64109733217566,304.64109733217566,130.40851066545852,130.40851066545852,130.40851066545852,174.2325866667171,174.2325866667171,174.2325866667171,0.0,0.0,0.0,17935.09033231015
2022-12-29,17636.208784300557,17238.745230535933,18651.023638239083,17636.208784300557,17636.208784300557,305.70706001859827,305.70706001859827,305.70706001859827,132.1674676128953,132.1674676128953,132.1674676128953,173.53959240570296,173.53959240570296,173.53959240570296,0.0,0.0,0.0,17941.915844319155
2022-12-30,17641.968333623146,17209.141809740853,18647.11758944444,17641.968333623146,17641.968333623146,292.8602945456265,292.8602945456265,292.8602945456265,119.50192119465797,119.50192119465797,119.50192119465797,173.35837335096855,173.35837335096855,173.35837335096855,0.0,0.0,0.0,17934.828628168772
2023-01-02,17659.24698159091,17266.90042072308,18647.550331262395,17659.24698159091,17659.24698159091,302.43489133931047,302.43489133931047,302.43489133931047,128.19211995622544,128.19211995622544,128.19211995622544,174.242771383085,174.242771383085,174.242771383085,0.0,0.0,0.0,17961.68187293022
2023-01-03,17665.0065309135,17243.22777221183,18669.76674771157,17665.0065309135,17665.0065309135,305.61429975603613,305.61429975603613,305.61429975603613,131.19089596931286,131.19089596931286,131.19089596931286,174.42340378672324,174.42340378672324,174.42340378672324,0.0,0.0,0.0,17970.620830669533
2023-01-04,17670.766080236084,17217.86832190778,18723.01605666849,17670.766080236084,17670.766080236084,304.6573620238679,304.6573620238679,304.6573620238679,130.40851066563934,130.40851066563934,130.40851066563934,174.24885135822856,174.24885135822856,174.24885135822856,0.0,0.0,0.0,17975.42344225995
2023-01-05,17676.52562955867,17230.164734320108,18718.447614495555,17676.52562955867,17676.52562955867,305.7169155535123,305.7169155535123,305.7169155535123,132.1674676129152,132.1674676129152,132.1674676129152,173.54944794059705,173.54944794059705,173.54944794059705,0.0,0.0,0.0,17982.24254511218
2023-01-06,17682.28517888126,17248.71069932919,18717.652155041185,17682.28517888126,17682.28517888126,291.6705649608106,291.6705649608106,291.6705649608106,119.5019211943286,119.5019211943286,119.5019211943286,172.16864376648203,172.16864376648203,172.16864376648203,0.0,0.0,0.0,17973.95574384207
2023-01-09,17699.563826849022,17243.92083471034,18732.51621984765,17699.563826849022,17699.563826849022,290.8519248975283,290.8519248975283,290.8519248975283,128.19211995654402,128.19211995654402,128.19211995654402,162.65980494098426,162.65980494098426,162.65980494098426,0.0,0.0,0.0,17990.41575174655
2023-01-10,17705.323376171607,17258.340428622676,18732.25259713586,17705.323376171607,17705.323376171607,288.58682723515136,288.58682723515136,288.58682723515136,131.1908959683923,131.1908959683923,131.1908959683923,157.3959312667591,157.3959312667591,157.3959312667591,0.0,0.0,0.0,17993.91020340676
2023-01-11,17711.082925494196,17310.83074175422,18700.74143136228,17711.082925494196,17711.082925494196,281.4100254079954,281.4100254079954,281.4100254079954,130.40851066603568,130.40851066603568,130.40851066603568,151.00151474195974,151.00151474195974,151.00151474195974,0.0,0.0,0.0,17992.492950902193
2023-01-12,17716.842474816785,17247.302557022536,18740.33001476197,17716.842474816785,17716.842474816785,275.6387355419641,275.6387355419641,275.6387355419641,132.16746761258062,132.16746761258062,132.16746761258062,143.47126792938346,143.47126792938346,143.47126792938346,0.0,0.0,0.0,17992.48121035875
2023-01-13,17722.60202413937,17260.738175927072,18710.540534945343,17722.60202413937,17722.60202413937,254.3321793036032,254.3321793036032,254.3321793036032,119.50192119399918,119.50192119399918,119.50192119399918,134.830258109604,134.830258109604,134.830258109604,0.0,0.0,0.0,17976.934203442976
2023-01-16,17739.880672107134,17303.86602949431,18717.28320154883,17739.880672107134,17739.880672107134,231.1181683927826,231.1181683927826,231.1181683927826,128.19211995527147,128.19211995527147,128.19211995527147,102.92604843751108,102.92604843751108,102.92604843751108,0.0,0.0,0.0,17970.998840499917
2023-01-17,17745.64022142972,17203.048513606453,18750.608179093666,17745.64022142972,17745.64022142972,221.84535059047053,221.84535059047053,221.84535059047053,131.1908959687835,131.1908959687835,131.1908959687835,90.65445462168707,90.65445462168707,90.65445462168707,0.0,0.0,0.0,17967.48557202019
2023-01-18,17751.399770752312,17265.52080774594,18660.787480461822,17751.399770752312,17751.399770752312,208.20489383332927,208.20489383332927,208.20489383332927,130.4085106662165,130.4085106662165,130.4085106662165,77.79638316711275,77.79638316711275,77.79638316711275,0.0,0.0,0.0,17959.60466458564
2023-01-19,17757.159320074898,17184.935261818748,18653.691530261283,17757.159320074898,17757.159320074898,196.68223361116455,196.68223361116455,196.68223361116455,132.16746761287118,132.16746761287118,132.16746761287118,64.51476599829336,64.51476599829336,64.51476599829336,0.0,0.0,0.0,17953.841553686063
2023-01-20,17762.918869397483,17232.704250162922,18669.04760811848,17762.918869397483,17762.918869397483,170.4838396812929,170.4838396812929,170.4838396812929,119.50192119369552,119.50192119369552,119.50192119369552,50.98191848759737,50.98191848759737,50.98191848759737,0.0,0.0,0.0,17933.402709078775
2023-01-23,17780.197517365246,17168.73833690281,18641.677617031233,17780.197517365246,17780.197517365246,138.82556123464062,138.82556123464062,138.82556123464062,128.19211995623445,128.19211995623445,128.19211995623445,10.633441278406158,10.633441278406158,10.633441278406158,0.0,0.0,0.0,17919.023078599887
2023-01-24,17785.957066687835,17161.45564251046,18639.12787912445,17785.957066687835,17785.957066687835,129.01945915672692,129.01945915672692,129.01945915672692,131.1908959691747,131.1908959691747,131.1908959691747,-2.171436812447772,-2.171436812447772,-2.171436812447772,0.0,0.0,0.0,17914.976525844562
2023-01-25,17791.716616010424,17172.633525683814,18630.158962719885,17791.716616010424,17791.716616010424,116.0054647605638,116.0054647605638,116.0054647605638,130.40851066585984,130.40851066585984,130.40851066585984,-14.403045905296032,-14.403045905296032,-14.403045905296032,0.0,0.0,0.0,17907.72208077099
2023-01-27,17803.2357146556,17185.39327532353,18589.890269401007,17803.2357146556,17803.2357146556,82.82450279124343,82.82450279124343,82.82450279124343,119.50192119507061,119.50192119507061,119.50192119507061,-36.67741840382717,-36.67741840382717,-36.67741840382717,0.0,0.0,0.0,17886.06021744684
2023-01-30,17820.51436262336,17180.011089288037,18621.411425367227,17820.51436262336,17820.51436262336,64.65001555215647,64.65001555215647,64.65001555215647,128.19211995590865,128.19211995590865,128.19211995590865,-63.54210440375219,-63.54210440375219,-63.54210440375219,0.0,0.0,0.0,17885.164378175516
2023-01-31,17826.273911945944,17164.50330666405,18617.597027622134,17826.273911945944,17826.273911945944,60.51877015409063,60.51877015409063,60.51877015409063,131.19089596891,131.19089596891,131.19089596891,-70.67212581481938,-70.67212581481938,-70.67212581481938,0.0,0.0,0.0,17886.792682100033
2023-02-01,17832.033461268536,17127.779029722784,18521.95253135527,17832.033461268536,17832.033461268536,53.46039344366948,53.46039344366948,53.46039344366948,130.4085106657187,130.4085106657187,130.4085106657187,-76.9481172220492,-76.9481172220492,-76.9481172220492,0.0,0.0,0.0,17885.493854712207
2023-02-02,17837.793010591122,17139.657304810156,18597.239246366807,17837.793010591122,17837.793010591122,49.71590556612076,49.71590556612076,49.71590556612076,132.16746761282715,132.16746761282715,132.16746761282715,-82.4515620467064,-82.4515620467064,-82.4515620467064,0.0,0.0,0.0,17887.508916157243
2023-02-03,17843.55255991371,17143.888809180095,18656.7906830496,17843.55255991371,17843.55255991371,32.20909239261779,32.20909239261779,32.20909239261779,119.50192119479281,119.50192119479281,119.50192119479281,-87.29282880217502,-87.29282880217502,-87.29282880217502,0.0,0.0,0.0,17875.76165230633
2023-02-06,17860.83120788147,17144.21549786429,18588.66691936014,17860.83120788147,17860.83120788147,28.869731640578188,28.869731640578188,28.869731640578188,128.19211995622726,128.19211995622726,128.19211995622726,-99.32238831564906,-99.32238831564906,-99.32238831564906,0.0,0.0,0.0,17889.70093952205
2023-02-07,17866.590757204056,17145.42476430503,18593.994486201154,17866.590757204056,17866.590757204056,28.097599251093367,28.097599251093367,28.097599251093367,131.1908959699367,131.1908959699367,131.1908959699367,-103.09329671884332,-103.09329671884332,-103.09329671884332,0.0,0.0,0.0,17894.68835645515
2023-02-08,17872.350306526645,17199.4602817832,18630.75196107893,17872.350306526645,17872.350306526645,23.333022828699885,23.333022828699885,23.333022828699885,130.408510665362,130.408510665362,130.408510665362,-107.07548783666213,-107.07548783666213,-107.07548783666213,0.0,0.0,0.0,17895.683329355346
2023-02-09,17878.109855849234,17149.215000021064,18597.07814132132,17878.109855849234,17878.109855849234,20.68956124336339,20.68956124336339,20.68956124336339,132.16746761280515,132.16746761280515,132.16746761280515,-111.47790636944175,-111.47790636944175,-111.47790636944175,0.0,0.0,0.0,17898.799417092596
2023-02-10,17883.869405171823,17170.4665335354,18606.42451202867,17883.869405171823,17883.869405171823,2.9926566053902195,2.9926566053902195,2.9926566053902195,119.50192119446339,119.50192119446339,119.50192119446339,-116.50926458907317,-116.50926458907317,-116.50926458907317,0.0,0.0,0.0,17886.862061777214
2023-02-13,17901.148053139583,17218.292160565325,18602.58628978931,17901.148053139583,17901.148053139583,-9.159659543992541,-9.159659543992541,-9.159659543992541,128.19211995654584,128.19211995654584,128.19211995654584,-137.35177950053838,-137.35177950053838,-137.35177950053838,0.0,0.0,0.0,17891.98839359559
2023-02-14,17906.90760246217,17181.076367710677,18685.159560614185,17906.90760246217,17906.90760246217,-15.610897113585278,-15.610897113585278,-15.610897113585278,131.19089596836025,131.19089596836025,131.19089596836025,-146.80179308194553,-146.80179308194553,-146.80179308194553,0.0,0.0,0.0,17891.296705348588
2023-02-15,17912.66715178476,17153.123714892048,18574.571476292946,17912.66715178476,17912.66715178476,-27.336185841623955,-27.336185841623955,-27.336185841623955,130.40851066608028,130.40851066608028,130.40851066608028,-157.74469650770422,-157.74469650770422,-157.74469650770422,0.0,0.0,0.0,17885.330965943136
2023-02-16,17918.426701107346,17173.61817485758,18619.12517763404,17918.426701107346,17918.426701107346,-38.11909636172564,-38.11909636172564,-38.11909636172564,132.1674676130957,132.1674676130957,132.1674676130957,-170.28656397482132,-170.28656397482132,-170.28656397482132,0.0,0.0,0.0,17880.30760474562
2023-02-17,17924.186250429935,17123.70303957022,18618.70496180426,17924.186250429935,17924.186250429935,-65.00142617603485,-65.00142617603485,-65.00142617603485,119.50192119415976,119.50192119415976,119.50192119415976,-184.5033473701946,-184.5033473701946,-184.5033473701946,0.0,0.0,0.0,17859.1848242539
2023-02-20,17941.464898397695,17119.215099508965,18560.229003053944,17941.464898397695,17941.464898397695,-109.2808703485165,-109.2808703485165,-109.2808703485165,128.19211995686447,128.19211995686447,128.19211995686447,-237.47299030538096,-237.47299030538096,-237.47299030538096,0.0,0.0,0.0,17832.184028049178
2023-02-21,17947.224447720288,17048.423214785915,18556.83056991242,17947.224447720288,17947.224447720288,-127.29963163702588,-127.29963163702588,-127.29963163702588,131.19089596875145,131.19089596875145,131.19089596875145,-258.49052760577734,-258.49052760577734,-258.49052760577734,0.0,0.0,0.0,17819.92481608326
2023-02-22,17952.983997042877,17048.592800833536,18463.705170128243,17952.983997042877,17952.983997042877,-150.6571898117777,-150.6571898117777,-150.6571898117777,130.4085106657236,130.4085106657236,130.4085106657236,-281.0657004775013,-281.0657004775013,-281.0657004775013,0.0,0.0,0.0,17802.3268072311
2023-02-23,17958.74354792151,17133.53901276199,18480.403041360532,17958.74354792151,17958.74354792151,-172.90986992529477,-172.90986992529477,-172.90986992529477,132.16746761280305,132.16746761280305,132.16746761280305,-305.0773375380978,-305.0773375380978,-305.0773375380978,0.0,0.0,0.0,17785.833677996216
2023-02-24,17964.50309880015,17026.718668058296,18472.19614539999,17964.50309880015,17964.50309880015,-210.87375564141615,-210.87375564141615,-210.87375564141615,119.50192119556063,119.50192119556063,119.50192119556063,-330.3756768369768,-330.3756768369768,-330.3756768369768,0.0,0.0,0.0,17753.629343158733
2023-02-27,17981.78175143606,16936.758978497684,18412.663000100598,17981.78175143606,17981.78175143606,-283.93854240593,-283.93854240593,-283.93854240593,128.19211995653862,128.19211995653862,128.19211995653862,-412.1306623624686,-412.1306623624686,-412.1306623624686,0.0,0.0,0.0,17697.843209030132
2023-02-28,17987.5413023147,16961.374328325775,18384.65919209215,17987.5413023147,17987.5413023147,-309.43005169954836,-309.43005169954836,-309.43005169954836,131.19089596912218,131.19089596912218,131.19089596912218,-440.6209476686705,-440.6209476686705,-440.6209476686705,0.0,0.0,0.0,17678.11125061515
2023-03-01,17993.300853193337,16905.226811459794,18382.116807353188,17993.300853193337,17993.300853193337,-338.93198061894236,-338.93198061894236,-338.93198061894236,130.40851066536698,130.40851066536698,130.40851066536698,-469.34049128430934,-469.34049128430934,-469.34049128430934,0.0,0.0,0.0,17654.368872574396
2023-03-02,17999.060404071974,16899.058908437324,18365.155895466967,17999.060404071974,17999.060404071974,-365.8774272470684,-365.8774272470684,-365.8774272470684,132.1674676130936,132.1674676130936,132.1674676130936,-498.044894860162,-498.044894860162,-498.044894860162,0.0,0.0,0.0,17633.182976824904
2023-03-03,18004.819954950613,16889.0265901938,18320.99658976571,18004.819954950613,18004.819954950613,-406.9871621246756,-406.9871621246756,-406.9871621246756,119.50192119525705,119.50192119525705,119.50192119525705,-526.4890833199325,-526.4890833199325,-526.4890833199325,0.0,0.0,0.0,17597.83279282594
2023-03-06,18022.098607586526,16829.761500401677,18281.693770871352,18022.098607586526,18022.098607586526,-479.6962128084176,-479.6962128084176,-479.6962128084176,128.19211995591047,128.19211995591047,128.19211995591047,-607.8883327643281,-607.8883327643281,-607.8883327643281,0.0,0.0,0.0,17542.40239477811
2023-03-08,18033.617709343802,16781.34610027483,18194.25253523176,18033.617709343802,18033.617709343802,-526.2942324926487,-526.2942324926487,-526.2942324926487,130.4085106660852,130.4085106660852,130.4085106660852,-656.7027431587339,-656.7027431587339,-656.7027431587339,0.0,0.0,0.0,17507.323476851154
2023-03-09,18039.377260222438,16826.8169528293,18248.83443951838,18039.377260222438,18039.377260222438,-546.7409647218556,-546.7409647218556,-546.7409647218556,132.16746761275903,132.16746761275903,132.16746761275903,-678.9084323346146,-678.9084323346146,-678.9084323346146,0.0,0.0,0.0,17492.636295500582
2023-03-10,18045.136811101078,16776.405879498583,18161.529462570896,18045.136811101078,18045.136811101078,-579.9404977876826,-579.9404977876826,-579.9404977876826,119.5019211949534,119.5019211949534,119.5019211949534,-699.4424189826359,-699.4424189826359,-699.4424189826359,0.0,0.0,0.0,17465.196313313394
2023-03-13,18062.41546373699,16685.722471792193,18141.875738792656,18062.41546373699,18062.41546373699,-621.7002669896365,-621.7002669896365,-621.7002669896365,128.1921199562291,128.1921199562291,128.1921199562291,-749.8923869458656,-749.8923869458656,-749.8923869458656,0.0,0.0,0.0,17440.715196747355
2023-03-14,18068.17501461563,16748.95275826762,18156.040725855,18068.17501461563,18068.17501461563,-631.5474656329463,-631.5474656329463,-631.5474656329463,131.19089596924871,131.19089596924871,131.19089596924871,-762.7383616021949,-762.7383616021949,-762.7383616021949,0.0,0.0,0.0,17436.627548982684
2023-03-15,18073.934565494266,16705.682669737187,18182.248546438776,18073.934565494266,18073.934565494266,-643.1231112645293,-643.1231112645293,-643.1231112645293,130.40851066572856,130.40851066572856,130.40851066572856,-773.5316219302579,-773.5316219302579,-773.5316219302579,0.0,0.0,0.0,17430.811454229737
2023-03-16,18079.694116372906,16710.26788877519,18191.40495818484,18079.694116372906,18079.694116372906,-650.0979992180704,-650.0979992180704,-650.0979992180704,132.1674676130496,132.1674676130496,132.1674676130496,-782.2654668311201,-782.2654668311201,-782.2654668311201,0.0,0.0,0.0,17429.596117154837
2023-03-17,18085.453667251542,16738.62606075549,18144.739827739657,18085.453667251542,18085.453667251542,-669.4518087777527,-669.4518087777527,-669.4518087777527,119.50192119464978,119.50192119464978,119.50192119464978,-788.9537299724025,-788.9537299724025,-788.9537299724025,0.0,0.0,0.0,17416.001858473788
2023-03-20,18102.73231988746,16710.334805499388,18102.254323993966,18102.73231988746,18102.73231988746,-668.9604944419101,-668.9604944419101,-668.9604944419101,128.1921199571921,128.1921199571921,128.1921199571921,-797.1526143991023,-797.1526143991023,-797.1526143991023,0.0,0.0,0.0,17433.771825445547
2023-03-21,18108.491870766098,16684.651885706684,18154.990252736614,18108.491870766098,18108.491870766098,-664.9505953351078,-664.9505953351078,-664.9505953351078,131.19089596898402,131.19089596898402,131.19089596898402,-796.1414913040918,-796.1414913040918,-796.1414913040918,0.0,0.0,0.0,17443.54127543099
2023-03-22,18114.25142164473,16771.79882815894,18202.56983729987,18114.25142164473,18114.25142164473,-662.9856134907329,-662.9856134907329,-662.9856134907329,130.40851066558744,130.40851066558744,130.40851066558744,-793.3941241563203,-793.3941241563203,-793.3941241563203,0.0,0.0,0.0,17451.265808154
2023-03-23,18120.01097252337,16691.420692921612,18188.38363193559,18120.01097252337,18120.01097252337,-656.8382228105178,-656.8382228105178,-656.8382228105178,132.16746761334014,132.16746761334014,132.16746761334014,-789.005690423858,-789.005690423858,-789.005690423858,0.0,0.0,0.0,17463.172749712852
2023-03-24,18125.77052340201,16731.051274186575,18172.231736060363,18125.77052340201,18125.77052340201,-663.575836860349,-663.575836860349,-663.575836860349,119.50192119432039,119.50192119432039,119.50192119432039,-783.0777580546693,-783.0777580546693,-783.0777580546693,0.0,0.0,0.0,17462.19468654166
2023-03-27,18143.049176037923,16744.51313100096,18236.251615024168,18143.049176037923,18143.049176037923,-628.9417618295324,-628.9417618295324,-628.9417618295324,128.19211995591954,128.19211995591954,128.19211995591954,-757.133881785452,-757.133881785452,-757.133881785452,0.0,0.0,0.0,17514.10741420839
2023-03-28,18148.808726916563,16833.786829053708,18214.838699157015,18148.808726916563,18148.808726916563,-614.9450678498401,-614.9450678498401,-614.9450678498401,131.19089596871933,131.19089596871933,131.19089596871933,-746.1359638185594,-746.1359638185594,-746.1359638185594,0.0,0.0,0.0,17533.863659066723
2023-03-29,18154.5682777952,16826.535185106997,18306.53120919913,18154.5682777952,18154.5682777952,-603.7416882202468,-603.7416882202468,-603.7416882202468,130.40851066523078,130.40851066523078,130.40851066523078,-734.1501988854777,-734.1501988854777,-734.1501988854777,0.0,0.0,0.0,17550.826589574954
2023-03-31,18166.087379552475,16844.36910038738,18324.008168024706,18166.087379552475,18166.087379552475,-588.1614964834932,-588.1614964834932,-588.1614964834932,119.50192119404257,119.50192119404257,119.50192119404257,-707.6634176775359,-707.6634176775359,-707.6634176775359,0.0,0.0,0.0,17577.925883068983
2023-04-03,18183.366032188387,16922.25884757855,18341.493973391112,18183.366032188387,18183.366032188387,-535.1212104476948,-535.1212104476948,-535.1212104476948,128.19211995623814,128.19211995623814,128.19211995623814,-663.3133304039329,-663.3133304039329,-663.3133304039329,0.0,0.0,0.0,17648.244821740693
2023-04-05,18194.885133945663,17003.16381161555,18430.840484027107,18194.885133945663,18194.885133945663,-501.5497940645008,-501.5497940645008,-501.5497940645008,130.40851066541157,130.40851066541157,130.40851066541157,-631.9583047299124,-631.9583047299124,-631.9583047299124,0.0,0.0,0.0,17693.335339881163
2023-04-06,18200.6446848243,16994.229861771844,18503.117447451787,18200.6446848243,18200.6446848243,-483.9102081352338,-483.9102081352338,-483.9102081352338,132.16746761302548,132.16746761302548,132.16746761302548,-616.0776757482594,-616.0776757482594,-616.0776757482594,0.0,0.0,0.0,17716.734476689067
2023-04-10,18223.68288833885,17078.15891249673,18525.32791529054,18223.68288833885,18223.68288833885,-425.6398894173023,-425.6398894173023,-425.6398894173023,128.19211995591232,128.19211995591232,128.19211995591232,-553.8320093732146,-553.8320093732146,-553.8320093732146,0.0,0.0,0.0,17798.042998921548
2023-04-11,18229.44243921749,17051.566559941824,18555.561604783674,18229.44243921749,18229.44243921749,-407.96717703398957,-407.96717703398957,-407.96717703398957,131.19089596818995,131.19089596818995,131.19089596818995,-539.1580730021795,-539.1580730021795,-539.1580730021795,0.0,0.0,0.0,17821.475262183503
2023-04-12,18235.201990096128,17121.554744330053,18591.85739696322,18235.201990096128,18235.201990096128,-394.6563395946767,-394.6563395946767,-394.6563395946767,130.4085106655924,130.4085106655924,130.4085106655924,-525.064850260269,-525.064850260269,-525.064850260269,0.0,0.0,0.0,17840.54565050145
2023-04-13,18240.961540974764,17136.276226386763,18623.905787197702,18240.961540974764,18240.961540974764,-379.49439499348455,-379.49439499348455,-379.49439499348455,132.1674676126909,132.1674676126909,132.1674676126909,-511.6618626061754,-511.6618626061754,-511.6618626061754,0.0,0.0,0.0,17861.467145981278
2023-04-17,18263.999744489316,17198.37945921493,18686.23128992458,18263.999744489316,18263.999744489316,-338.7765153200631,-338.7765153200631,-338.7765153200631,128.1921199555865,128.1921199555865,128.1921199555865,-466.9686352756496,-466.9686352756496,-466.9686352756496,0.0,0.0,0.0,17925.223229169253
2023-04-18,18269.759295367956,17247.129754567264,18655.9514698164,18269.759295367956,18269.759295367956,-327.26964095866293,-327.26964095866293,-327.26964095866293,131.1908959692166,131.1908959692166,131.1908959692166,-458.4605369278795,-458.4605369278795,-458.4605369278795,0.0,0.0,0.0,17942.48965440929
2023-04-19,18275.51884624659,17265.161914597018,18653.190659039745,18275.51884624659,18275.51884624659,-320.74577701838433,-320.74577701838433,-320.74577701838433,130.4085106657732,130.4085106657732,130.4085106657732,-451.15428768415757,-451.15428768415757,-451.15428768415757,0.0,0.0,0.0,17954.773069228206
2023-04-20,18281.27839712523,17264.967152738453,18685.395313518096,18281.27839712523,18281.27839712523,-312.92542223432804,-312.92542223432804,-312.92542223432804,132.16746761298145,132.16746761298145,132.16746761298145,-445.0928898473095,-445.0928898473095,-445.0928898473095,0.0,0.0,0.0,17968.3529748909
2023-04-21,18287.03794800387,17223.508271804287,18636.31990763724,18287.03794800387,18287.03794800387,-320.8001192190831,-320.8001192190831,-320.8001192190831,119.5019211947846,119.5019211947846,119.5019211947846,-440.3020404138677,-440.3020404138677,-440.3020404138677,0.0,0.0,0.0,17966.237828784786
2023-04-24,18304.31660063978,17310.290486308146,18689.56756208383,18304.31660063978,18304.31660063978,-305.32458572542726,-305.32458572542726,-305.32458572542726,128.19211995654953,128.19211995654953,128.19211995654953,-433.51670568197676,-433.51670568197676,-433.51670568197676,0.0,0.0,0.0,17998.992014914355
2023-04-25,18310.07615151842,17286.970762232213,18670.024210327545,18310.07615151842,18310.07615151842,-302.4750741485579,-302.4750741485579,-302.4750741485579,131.1908959689519,131.1908959689519,131.1908959689519,-433.66597011750974,-433.66597011750974,-433.66597011750974,0.0,0.0,0.0,18007.60107736986
2023-04-26,18315.835702397057,17290.978153931283,18787.36669939007,18315.835702397057,18315.835702397057,-304.4978617929282,-304.4978617929282,-304.4978617929282,130.40851066563206,130.40851066563206,130.40851066563206,-434.90637245856027,-434.90637245856027,-434.90637245856027,0.0,0.0,0.0,18011.33784060413
2023-04-27,18321.595253275696,17304.66082342173,18786.916948921258,18321.595253275696,18321.595253275696,-304.96843559276095,-304.96843559276095,-304.96843559276095,132.16746761295946,132.16746761295946,132.16746761295946,-437.1359032057204,-437.1359032057204,-437.1359032057204,0.0,0.0,0.0,18016.626817682936
2023-04-28,18327.354804154333,17281.19089963242,18711.86532580029,18327.354804154333,18327.354804154333,-320.72920716536703,-320.72920716536703,-320.72920716536703,119.5019211944552,119.5019211944552,119.5019211944552,-440.23112835982226,-440.23112835982226,-440.23112835982226,0.0,0.0,0.0,18006.625596988964
2023-05-02,18350.393007668885,17296.1646089315,18734.757167214568,18350.393007668885,18350.393007668885,-326.94693030581493,-326.94693030581493,-326.94693030581493,131.1908959693431,131.1908959693431,131.1908959693431,-458.13782627515803,-458.13782627515803,-458.13782627515803,0.0,0.0,0.0,18023.44607736307
2023-05-03,18356.152558547525,17303.39745281699,18694.790763292825,18356.152558547525,18356.152558547525,-332.6716932305851,-332.6716932305851,-332.6716932305851,130.40851066581283,130.40851066581283,130.40851066581283,-463.08020389639796,-463.08020389639796,-463.08020389639796,0.0,0.0,0.0,18023.48086531694
2023-05-04,18361.91210942616,17268.85941889131,18786.26954571942,18361.91210942616,18361.91210942616,-335.6388996600422,-335.6388996600422,-335.6388996600422,132.16746761266677,132.16746761266677,132.16746761266677,-467.806367272709,-467.806367272709,-467.806367272709,0.0,0.0,0.0,18026.273209766117
2023-05-05,18367.6716603048,17308.950129451718,18747.994707141566,18367.6716603048,18367.6716603048,-352.60518025389035,-352.60518025389035,-352.60518025389035,119.50192119417737,119.50192119417737,119.50192119417737,-472.10710144806774,-472.10710144806774,-472.10710144806774,0.0,0.0,0.0,18015.06648005091
2023-05-08,18384.950312940713,17335.687201144126,18738.9723710519,18384.950312940713,18384.950312940713,-352.22704838216305,-352.22704838216305,-352.22704838216305,128.1921199565423,128.1921199565423,128.1921199565423,-480.41916833870533,-480.41916833870533,-480.41916833870533,0.0,0.0,0.0,18032.72326455855
2023-05-09,18390.70986381935,17310.81304894763,18780.322811607817,18390.70986381935,18390.70986381935,-349.8379070631858,-349.8379070631858,-349.8379070631858,131.1908959697343,131.1908959697343,131.1908959697343,-481.0288030329201,-481.0288030329201,-481.0288030329201,0.0,0.0,0.0,18040.871956756164
2023-05-10,18396.469414697985,17293.612588100972,18777.691367529198,18396.469414697985,18396.469414697985,-349.87262321762114,-349.87262321762114,-349.87262321762114,130.4085106654562,130.4085106654562,130.4085106654562,-480.2811338830773,-480.2811338830773,-480.2811338830773,0.0,0.0,0.0,18046.596791480366
2023-05-11,18402.228965576625,17348.42387564924,18781.59733442773,18402.228965576625,18402.228965576625,-345.8740489359114,-345.8740489359114,-345.8740489359114,132.16746761264477,132.16746761264477,132.16746761264477,-478.04151654855616,-478.04151654855616,-478.04151654855616,0.0,0.0,0.0,18056.354916640714
2023-05-12,18407.988516455265,17328.855716905236,18778.162924818997,18407.988516455265,18407.988516455265,-354.69913913931094,-354.69913913931094,-354.69913913931094,119.50192119384796,119.50192119384796,119.50192119384796,-474.201060333159,-474.201060333159,-474.201060333159,0.0,0.0,0.0,18053.289377315956
2023-05-15,18425.267169091177,17343.71935965742,18816.52519043854,18425.267169091177,18425.267169091177,-324.23458064648685,-324.23458064648685,-324.23458064648685,128.19211995591417,128.19211995591417,128.19211995591417,-452.426700602401,-452.426700602401,-452.426700602401,0.0,0.0,0.0,18101.03258844469
2023-05-16,18431.026719969814,17345.38460820053,18822.702516639347,18431.026719969814,18431.026719969814,-310.5034155024471,-310.5034155024471,-310.5034155024471,131.19089596881372,131.19089596881372,131.19089596881372,-441.6943114712609,-441.6943114712609,-441.6943114712609,0.0,0.0,0.0,18120.523304467366
2023-05-17,18436.78627084845,17456.937832861568,18893.36381146714,18436.78627084845,18436.78627084845,-298.870604480806,-298.870604480806,-298.870604480806,130.40851066617446,130.40851066617446,130.40851066617446,-429.2791151469805,-429.2791151469805,-429.2791151469805,0.0,0.0,0.0,18137.915666367644
2023-05-18,18442.54582172709,17418.840103014176,18869.441387418658,18442.54582172709,18442.54582172709,-283.09549382829215,-283.09549382829215,-283.09549382829215,132.1674676129353,132.1674676129353,132.1674676129353,-415.26296144122745,-415.26296144122745,-415.26296144122745,0.0,0.0,0.0,18159.450327898798
2023-05-19,18448.30537260573,17432.252777154386,18937.465558894564,18448.30537260573,18448.30537260573,-280.25697259839103,-280.25697259839103,-280.25697259839103,119.50192119354433,119.50192119354433,119.50192119354433,-399.7588937919354,-399.7588937919354,-399.7588937919354,0.0,0.0,0.0,18168.048400007337
2023-05-22,18465.584025241642,17593.460675172588,18942.21102913632,18465.584025241642,18465.584025241642,-217.67493541634403,-217.67493541634403,-217.67493541634403,128.19211995623274,128.19211995623274,128.19211995623274,-345.8670553725768,-345.8670553725768,-345.8670553725768,0.0,0.0,0.0,18247.909089825298
2023-05-23,18471.34357612028,17528.272875596256,19003.079359047093,18471.34357612028,18471.34357612028,-194.88435597724055,-194.88435597724055,-194.88435597724055,131.19089596920495,131.19089596920495,131.19089596920495,-326.0752519464455,-326.0752519464455,-326.0752519464455,0.0,0.0,0.0,18276.459220143042
2023-05-24,18477.103126998914,17524.2732465676,18999.022265808642,18477.103126998914,18477.103126998914,-175.3208394642116,-175.3208394642116,-175.3208394642116,130.40851066581777,130.40851066581777,130.40851066581777,-305.7293501300294,-305.7293501300294,-305.7293501300294,0.0,0.0,0.0,18301.7822875347
2023-05-25,18482.86267787755,17615.51107519623,19042.723528481278,18482.86267787755,18482.86267787755,-152.89426542452682,-152.89426542452682,-152.89426542452682,132.16746761291333,132.16746761291333,132.16746761291333,-285.06173303744015,-285.06173303744015,-285.06173303744015,0.0,0.0,0.0,18329.968412453025
2023-05-26,18488.622228762695,17619.842082436342,19052.154529097512,18488.622228762695,18488.622228762695,-144.80672490447802,-144.80672490447802,-144.80672490447802,119.50192119494518,119.50192119494518,119.50192119494518,-264.30864609942324,-264.30864609942324,-264.30864609942324,0.0,0.0,0.0,18343.815503858215
2023-05-29,18505.900881418132,17704.71341124451,19135.734709950033,18505.900881418132,18505.900881418132,-75.6536172350612,-75.6536172350612,-75.6536172350612,128.19211995590695,128.19211995590695,128.19211995590695,-203.84573719096815,-203.84573719096815,-203.84573719096815,0.0,0.0,0.0,18430.247264183072
2023-05-30,18511.66043230328,17666.62580487238,19236.864272474744,18511.66043230328,18511.66043230328,-53.81496739827375,-53.81496739827375,-53.81496739827375,131.19089596891982,131.19089596891982,131.19089596891982,-185.00586336719357,-185.00586336719357,-185.00586336719357,0.0,0.0,0.0,18457.845464905007
2023-05-31,18517.41998318843,17738.038331635984,19176.55288784113,18517.41998318843,18517.41998318843,-36.728471409146024,-36.728471409146024,-36.728471409146024,130.40851066567666,130.40851066567666,130.40851066567666,-167.1369820748227,-167.1369820748227,-167.1369820748227,0.0,0.0,0.0,18480.69151177928
2023-06-01,18523.179534073577,17768.06061413041,19215.274826065444,18523.179534073577,18523.179534073577,-18.224395971681002,-18.224395971681002,-18.224395971681002,132.1674676132039,132.1674676132039,132.1674676132039,-150.39186358488493,-150.39186358488493,-150.39186358488493,0.0,0.0,0.0,18504.955138101897
2023-06-02,18528.93908495872,17759.08524979261,19227.363312380116,18528.93908495872,18528.93908495872,-15.392668111949016,-15.392668111949016,-15.392668111949016,119.50192119464158,119.50192119464158,119.50192119464158,-134.8945893065906,-134.8945893065906,-134.8945893065906,0.0,0.0,0.0,18513.546416846773
2023-06-05,18546.21773761416,17864.3997212691,19300.09908671875,18546.21773761416,18546.21773761416,31.54303740972551,31.54303740972551,31.54303740972551,128.19211995622555,128.19211995622555,128.19211995622555,-96.64908254650004,-96.64908254650004,-96.64908254650004,0.0,0.0,0.0,18577.760775023886
2023-06-06,18551.977288499307,17897.370611970146,19285.691102355093,18551.977288499307,18551.977288499307,44.45867353077159,44.45867353077159,44.45867353077159,131.19089596931101,131.19089596931101,131.19089596931101,-86.73222243853941,-86.73222243853941,-86.73222243853941,0.0,0.0,0.0,18596.43596203008
2023-06-07,18557.736839384455,17905.295696165012,19309.381435116644,18557.736839384455,18557.736839384455,52.221944288291304,52.221944288291304,52.221944288291304,130.40851066585748,130.40851066585748,130.40851066585748,-78.18656637756618,-78.18656637756618,-78.18656637756618,0.0,0.0,0.0,18609.958783672748
2023-06-08,18563.4963902696,17843.336415775604,19398.521783295088,18563.4963902696,18563.4963902696,61.23195292822595,61.23195292822595,61.23195292822595,132.1674676128693,132.1674676128693,132.1674676128693,-70.93551468464334,-70.93551468464334,-70.93551468464334,0.0,0.0,0.0,18624.728343197825
2023-06-09,18569.25594115475,17853.78583707097,19373.356691070247,18569.25594115475,18569.25594115475,54.629939205207265,54.629939205207265,54.629939205207265,119.501921194338,119.501921194338,119.501921194338,-64.87198198913073,-64.87198198913073,-64.87198198913073,0.0,0.0,0.0,18623.885880359958
2023-06-12,18586.53459381019,17953.264227725187,19376.708051553054,18586.53459381019,18586.53459381019,75.84681969783541,75.84681969783541,75.84681969783541,128.19211995589976,128.19211995589976,128.19211995589976,-52.34530025806432,-52.34530025806432,-52.34530025806432,0.0,0.0,0.0,18662.381413508025
2023-06-13,18592.294144695334,17927.170754100316,19396.39077673543,18592.294144695334,18592.294144695334,81.7223058171822,81.7223058171822,81.7223058171822,131.1908959690463,131.1908959690463,131.1908959690463,-49.468590151864106,-49.468590151864106,-49.468590151864106,0.0,0.0,0.0,18674.016450512518
2023-06-14,18598.053695580482,17985.209737501147,19462.955009626457,18598.053695580482,18598.053695580482,83.49651651593041,83.49651651593041,83.49651651593041,130.40851066603827,130.40851066603827,130.40851066603827,-46.911994150107844,-46.911994150107844,-46.911994150107844,0.0,0.0,0.0,18681.550212096412
2023-06-15,18603.81324646563,17985.320699464337,19384.467882867182,18603.81324646563,18603.81324646563,87.69970676459958,87.69970676459958,87.69970676459958,132.16746761315989,132.16746761315989,132.16746761315989,-44.46776084856029,-44.46776084856029,-44.46776084856029,0.0,0.0,0.0,18691.51295323023
2023-06-16,18609.572797350775,17988.20780275796,19441.03235686592,18609.572797350775,18609.572797350775,77.57313448392372,77.57313448392372,77.57313448392372,119.50192119573886,119.50192119573886,119.50192119573886,-41.928786711815135,-41.928786711815135,-41.928786711815135,0.0,0.0,0.0,18687.145931834697
2023-06-19,18626.851450006216,17958.32061954398,19471.100735497042,18626.851450006216,18626.851450006216,96.40044169039773,96.40044169039773,96.40044169039773,128.19211995686274,128.19211995686274,128.19211995686274,-31.791678266465006,-31.791678266465006,-31.791678266465006,0.0,0.0,0.0,18723.251891696615
2023-06-20,18632.611000891364,18051.618774327282,19502.295455419942,18632.611000891364,18632.611000891364,104.19502417699583,104.19502417699583,104.19502417699583,131.19089596878163,131.19089596878163,131.19089596878163,-26.995871791785788,-26.995871791785788,-26.995871791785788,0.0,0.0,0.0,18736.80602506836
2023-06-21,18638.37055177651,18030.021732860037,19465.12559889939,18638.37055177651,18638.37055177651,109.15313633425681,109.15313633425681,109.15313633425681,130.40851066568158,130.40851066568158,130.40851066568158,-21.255374331424765,-21.255374331424765,-21.255374331424765,0.0,0.0,0.0,18747.523688110767
2023-06-22,18644.130102661657,18085.806398133944,19485.796575630462,18644.130102661657,18644.130102661657,117.70032084127338,117.70032084127338,117.70032084127338,132.1674676128672,132.1674676128672,132.1674676128672,-14.467146771593825,-14.467146771593825,-14.467146771593825,0.0,0.0,0.0,18761.830423502928
2023-06-23,18649.889653546805,18065.30336153754,19569.055802632116,18649.889653546805,18649.889653546805,112.94417911536745,112.94417911536745,112.94417911536745,119.50192119540944,119.50192119540944,119.50192119540944,-6.557742080041997,-6.557742080041997,-6.557742080041997,0.0,0.0,0.0,18762.83383266217
2023-06-26,18667.168306202242,18093.19223217638,19534.852020485658,18667.168306202242,18667.168306202242,152.3505810984365,152.3505810984365,152.3505810984365,128.1921199562346,128.1921199562346,128.1921199562346,24.158461142201908,24.158461142201908,24.158461142201908,0.0,0.0,0.0,18819.518887300677
2023-06-27,18672.92785708739,18129.110513516,19575.13436142609,18672.92785708739,18672.92785708739,167.84425329959626,167.84425329959626,167.84425329959626,131.1908959691524,131.1908959691524,131.1908959691524,36.653357330443896,36.653357330443896,36.653357330443896,0.0,0.0,0.0,18840.772110386988
2023-06-28,18678.68740797254,18119.463792101964,19599.558612148303,18678.68740797254,18678.68740797254,180.57082990596822,180.57082990596822,180.57082990596822,130.40851066532494,130.40851066532494,130.40851066532494,50.162319240643285,50.162319240643285,50.162319240643285,0.0,0.0,0.0,18859.25823787851
2023-06-30,18690.20650974283,18139.25316751633,19609.25580370988,18690.20650974283,18690.20650974283,199.255274381532,199.255274381532,199.255274381532,119.5019211951316,119.5019211951316,119.5019211951316,79.75335318640037,79.75335318640037,79.75335318640037,0.0,0.0,0.0,18889.461784124363
2023-07-03,18707.48516239827,18224.89863746002,19671.227632382488,18707.48516239827,18707.48516239827,256.43661785358614,256.43661785358614,256.43661785358614,128.1921199565532,128.1921199565532,128.1921199565532,128.24449789703294,128.24449789703294,128.24449789703294,0.0,0.0,0.0,18963.921780251854
2023-07-04,18713.244713283417,18258.361221412048,19770.08596322631,18713.244713283417,18713.244713283417,275.96648364127395,275.96648364127395,275.96648364127395,131.19089596954362,131.19089596954362,131.19089596954362,144.77558767173036,144.77558767173036,144.77558767173036,0.0,0.0,0.0,18989.21119692469
2023-07-05,18719.004264168565,18308.411282217414,19726.91385102338,18719.004264168565,18719.004264168565,291.5727687878732,291.5727687878732,291.5727687878732,130.40851066550573,130.40851066550573,130.40851066550573,161.16425812236747,161.16425812236747,161.16425812236747,0.0,0.0,0.0,19010.577032956437
2023-07-06,18724.763815053713,18338.00558596062,19764.17429134956,18724.763815053713,18724.763815053713,309.38186574255514,309.38186574255514,309.38186574255514,132.16746761282315,132.16746761282315,132.16746761282315,177.214398129732,177.214398129732,177.214398129732,0.0,0.0,0.0,19034.145680796268
2023-07-07,18730.523365938858,18356.7716230925,19783.92706532381,18730.523365938858,18730.523365938858,312.2381342789119,312.2381342789119,312.2381342789119,119.50192119480221,119.50192119480221,119.50192119480221,192.73621308410972,192.73621308410972,192.73621308410972,0.0,0.0,0.0,19042.76150021777
2023-07-10,18747.8020185943,18402.01553039816,19799.513933567265,18747.8020185943,18747.8020185943,362.61165670640844,362.61165670640844,362.61165670640844,128.19211995622737,128.19211995622737,128.19211995622737,234.4195367501811,234.4195367501811,234.4195367501811,0.0,0.0,0.0,19110.413675300708
2023-07-11,18753.561569479443,18475.971733183032,19872.465093272884,18753.561569479443,18753.561569479443,377.3952840411739,377.3952840411739,377.3952840411739,131.190895968623,131.190895968623,131.190895968623,246.20438807255087,246.20438807255087,246.20438807255087,0.0,0.0,0.0,19130.956853520616
2023-07-12,18759.32112036459,18418.20497697207,19894.243602469192,18759.32112036459,18759.32112036459,387.1569777786476,387.1569777786476,387.1569777786476,130.40851066568655,130.40851066568655,130.40851066568655,256.74846711296107,256.74846711296107,256.74846711296107,0.0,0.0,0.0,19146.478098143238
2023-07-13,18765.08067124974,18392.801422756187,19923.072900529383,18765.08067124974,18765.08067124974,398.14556111842154,398.14556111842154,398.14556111842154,132.16746761253054,132.16746761253054,132.16746761253054,265.97809350589097,265.97809350589097,265.97809350589097,0.0,0.0,0.0,19163.22623236816
2023-07-14,18770.840222134884,18473.149644193487,19886.434565352803,18770.840222134884,18770.840222134884,393.3487510022172,393.3487510022172,393.3487510022172,119.50192119449858,119.50192119449858,119.50192119449858,273.8468298077186,273.8468298077186,273.8468298077186,0.0,0.0,0.0,19164.1889731371
2023-07-17,18788.11887479032,18493.561856298173,19920.423111743235,18788.11887479032,18788.11887479032,417.42926846016155,417.42926846016155,417.42926846016155,128.19211995654598,128.19211995654598,128.19211995654598,289.23714850361563,289.23714850361563,289.23714850361563,0.0,0.0,0.0,19205.548143250482
2023-07-18,18793.87842567547,18497.92442941964,20022.647138561995,18793.87842567547,18793.87842567547,422.93597904903135,422.93597904903135,422.93597904903135,131.19089596901426,131.19089596901426,131.19089596901426,291.745083080017,291.745083080017,291.745083080017,0.0,0.0,0.0,19216.8144047245
2023-07-19,18799.637976560618,18475.7848781702,19957.142050596245,18799.637976560618,18799.637976560618,423.47005462773114,423.47005462773114,423.47005462773114,130.4085106655454,130.4085106655454,130.4085106655454,293.0615439621857,293.0615439621857,293.0615439621857,0.0,0.0,0.0,19223.10803118835
2023-07-20,18805.397527445766,18548.11340316536,19946.561291444537,18805.397527445766,18805.397527445766,425.4578696683404,425.4578696683404,425.4578696683404,132.1674676125085,132.1674676125085,132.1674676125085,293.29040205583186,293.29040205583186,293.29040205583186,0.0,0.0,0.0,19230.85539711411
2023-07-21,18811.157078330914,18520.056763858513,19922.705016662592,18811.157078330914,18811.157078330914,412.0548405179601,412.0548405179601,412.0548405179601,119.50192119416913,119.50192119416913,119.50192119416913,292.55291932379095,292.55291932379095,292.55291932379095,0.0,0.0,0.0,19223.211918848876
2023-07-24,18828.43573098635,18505.42772118791,19941.08956578992,18828.43573098635,18828.43573098635,414.1367486742774,414.1367486742774,414.1367486742774,128.1921199559178,128.1921199559178,128.1921199559178,285.94462871835964,285.94462871835964,285.94462871835964,0.0,0.0,0.0,19242.57247966063
2023-07-25,18834.195281871496,18517.755070677238,19974.16401252284,18834.195281871496,18834.195281871496,413.9728299057759,413.9728299057759,413.9728299057759,131.19089596874954,131.19089596874954,131.19089596874954,282.7819339370264,282.7819339370264,282.7819339370264,0.0,0.0,0.0,19248.16811177727
2023-07-26,18839.954832756644,18516.91430099827,19970.43065173003,18839.954832756644,18839.954832756644,409.80669046296765,409.80669046296765,409.80669046296765,130.40851066518877,130.40851066518877,130.40851066518877,279.3981797977788,279.3981797977788,279.3981797977788,0.0,0.0,0.0,19249.76152321961
2023-07-27,18845.714383641793,18558.781661511446,19973.61469438545,18845.714383641793,18845.714383641793,408.11256088270784,408.11256088270784,408.11256088270784,132.16746761279907,132.16746761279907,132.16746761279907,275.9450932699087,275.9450932699087,275.9450932699087,0.0,0.0,0.0,19253.826944524502
2023-07-28,18851.47393452694,18495.8137147665,19961.578072672433,18851.47393452694,18851.47393452694,392.069424101031,392.069424101031,392.069424101031,119.50192119386554,119.50192119386554,119.50192119386554,272.5675029071655,272.5675029071655,272.5675029071655,0.0,0.0,0.0,19243.543358627972
2023-07-31,18868.75258718238,18544.40832617228,19947.03854189482,18868.75258718238,18868.75258718238,392.36944890850873,392.36944890850873,392.36944890850873,128.1921199562364,128.1921199562364,128.1921199562364,264.1773289522723,264.1773289522723,264.1773289522723,0.0,0.0,0.0,19261.12203609089
2023-08-01,18874.512138067523,18624.834264661324,19979.207067355626,18874.512138067523,18874.512138067523,393.51505356669065,393.51505356669065,393.51505356669065,131.1908959691407,131.1908959691407,131.1908959691407,262.3241575975499,262.3241575975499,262.3241575975499,0.0,0.0,0.0,19268.027191634214
2023-08-02,18880.27168895267,18532.01857067856,19965.808555321375,18880.27168895267,18880.27168895267,391.49414530257417,391.49414530257417,391.49414530257417,130.40851066590702,130.40851066590702,130.40851066590702,261.0856346366672,261.0856346366672,261.0856346366672,0.0,0.0,0.0,19271.765834255246
2023-08-03,18886.03123983782,18559.78795013166,20030.588515516705,18886.03123983782,18886.03123983782,392.69036086391753,392.69036086391753,392.69036086391753,132.16746761246446,132.16746761246446,132.16746761246446,260.52289325145307,260.52289325145307,260.52289325145307,0.0,0.0,0.0,19278.721600701738
2023-08-04,18891.790790722967,18560.774586045023,20018.389706664104,18891.790790722967,18891.790790722967,380.1825277796629,380.1825277796629,380.1825277796629,119.50192119526642,119.50192119526642,119.50192119526642,260.68060658439646,260.68060658439646,260.68060658439646,0.0,0.0,0.0,19271.97331850263
2023-08-07,18909.06944337841,18587.316744967186,20028.895348037822,18909.06944337841,18909.06944337841,393.8835045578662,393.8835045578662,393.8835045578662,128.1921199559106,128.1921199559106,128.1921199559106,265.6913846019556,265.6913846019556,265.6913846019556,0.0,0.0,0.0,19302.952947936275
2023-08-08,18914.828994263553,18579.06107468506,20015.53320994442,18914.828994263553,18914.828994263553,400.06806126204435,400.06806126204435,400.06806126204435,131.19089596887602,131.19089596887602,131.19089596887602,268.8771652931683,268.8771652931683,268.8771652931683,0.0,0.0,0.0,19314.8970555256
2023-08-09,18920.588545148697,18602.931378389054,20068.33911034767,18920.588545148697,18920.588545148697,403.20208689107585,403.20208689107585,403.20208689107585,130.40851066522845,130.40851066522845,130.40851066522845,272.79357622584746,272.79357622584746,272.79357622584746,0.0,0.0,0.0,19323.790632039774
2023-08-10,18926.348096033846,18598.533556781735,20052.974892593542,18926.348096033846,18926.348096033846,409.57863971004326,409.57863971004326,409.57863971004326,132.16746761275502,132.16746761275502,132.16746761275502,277.41117209728816,277.41117209728816,277.41117209728816,0.0,0.0,0.0,19335.926735743888
2023-08-11,18932.107646918994,18620.873951664,20059.27143044894,18932.107646918994,18932.107646918994,402.1965120396137,402.1965120396137,402.1965120396137,119.5019211949628,119.5019211949628,119.5019211949628,282.6945908446509,282.6945908446509,282.6945908446509,0.0,0.0,0.0,19334.304158958606
2023-08-14,18949.386299574435,18699.073333614197,20083.865698036123,18949.386299574435,18949.386299574435,430.33159315527274,430.33159315527274,430.33159315527274,128.1921199568736,128.1921199568736,128.1921199568736,302.1394731983992,302.1394731983992,302.1394731983992,0.0,0.0,0.0,19379.717892729706
2023-08-16,18960.905401344728,18682.439414880784,20157.4372713598,18960.905401344728,18960.905401344728,448.1016054085417,448.1016054085417,448.1016054085417,130.4085106659467,130.4085106659467,130.4085106659467,317.69309474259506,317.69309474259506,317.69309474259506,0.0,0.0,0.0,19409.00700675327
2023-08-17,18966.664952229872,18703.10492175441,20137.726011848375,18966.664952229872,18966.664952229872,458.30329698145295,458.30329698145295,458.30329698145295,132.16746761304557,132.16746761304557,132.16746761304557,326.1358293684073,326.1358293684073,326.1358293684073,0.0,0.0,0.0,19424.968249211324
2023-08-18,18972.42450311502,18710.91060088348,20161.99527063488,18972.42450311502,18972.42450311502,454.48311799557996,454.48311799557996,454.48311799557996,119.50192119463337,119.50192119463337,119.50192119463337,334.9811968009466,334.9811968009466,334.9811968009466,0.0,0.0,0.0,19426.9076211106
2023-08-21,18989.70315577046,18779.489447627064,20219.073210857845,18989.70315577046,18989.70315577046,491.8857119149503,491.8857119149503,491.8857119149503,128.19211995654777,128.19211995654777,128.19211995654777,363.6935919584025,363.6935919584025,363.6935919584025,0.0,0.0,0.0,19481.588867685412
2023-08-22,19001.05213717374,18778.937098849223,20242.11122993578,19001.05213717374,19001.05213717374,505.11778660916815,505.11778660916815,505.11778660916815,131.19089596898215,131.19089596898215,131.19089596898215,373.92689064018606,373.92689064018606,373.92689064018606,0.0,0.0,0.0,19506.16992378291
2023-08-23,19012.40111857702,18830.971054507732,20245.60290103195,19012.40111857702,19012.40111857702,514.8737737124162,514.8737737124162,514.8737737124162,130.40851066559003,130.40851066559003,130.40851066559003,384.4652630468262,384.4652630468262,384.4652630468262,0.0,0.0,0.0,19527.27489228944
2023-08-24,19023.7500999803,18744.892182353207,20287.867618634544,19023.7500999803,19023.7500999803,527.4609696563523,527.4609696563523,527.4609696563523,132.16746761302358,132.16746761302358,132.16746761302358,395.2935020433288,395.2935020433288,395.2935020433288,0.0,0.0,0.0,19551.211069636654
2023-08-25,19035.09908138358,18834.447320271665,20278.52161613251,19035.09908138358,19035.09908138358,525.8964888208678,525.8964888208678,525.8964888208678,119.50192119435557,119.50192119435557,119.50192119435557,406.3945676265123,406.3945676265123,406.3945676265123,0.0,0.0,0.0,19560.99557020445
2023-08-28,19069.146025593425,18900.412436968934,20374.87792848313,19069.146025593425,19069.146025593425,569.2931010721404,569.2931010721404,569.2931010721404,128.19211995622197,128.19211995622197,128.19211995622197,441.1009811159184,441.1009811159184,441.1009811159184,0.0,0.0,0.0,19638.439126665566
2023-08-29,19080.495006996705,18933.814402396085,20364.185763027373,19080.495006996705,19080.495006996705,584.2176648244289,584.2176648244289,584.2176648244289,131.19089596937332,131.19089596937332,131.19089596937332,453.0267688550555,453.0267688550555,453.0267688550555,0.0,0.0,0.0,19664.712671821133
2023-08-30,19091.843988399985,18938.38954577497,20372.087127392126,19091.843988399985,19091.843988399985,595.4624770156365,595.4624770156365,595.4624770156365,130.40851066577082,130.40851066577082,130.40851066577082,465.0539663498657,465.0539663498657,465.0539663498657,0.0,0.0,0.0,19687.306465415622
2023-08-31,19103.192969803265,18971.733529935445,20448.078308726916,19103.192969803265,19103.192969803265,609.28821656568,609.28821656568,609.28821656568,132.16746761304353,132.16746761304353,132.16746761304353,477.12074895263646,477.12074895263646,477.12074895263646,0.0,0.0,0.0,19712.481186368947
2023-09-01,19114.541951206542,18964.337806887193,20439.477434000764,19114.541951206542,19114.541951206542,608.655699769792,608.655699769792,608.655699769792,119.50192119402615,119.50192119402615,119.50192119402615,489.15377857576584,489.15377857576584,489.15377857576584,0.0,0.0,0.0,19723.197650976334
2023-09-04,19148.588895416382,19049.657521827827,20540.34059960692,19148.588895416382,19148.588895416382,652.3330812865884,652.3330812865884,652.3330812865884,128.19211995654058,128.19211995654058,128.19211995654058,524.1409613300477,524.1409613300477,524.1409613300477,0.0,0.0,0.0,19800.92197670297
2023-09-05,19159.937876819662,19060.494427485843,20542.334288187412,19159.937876819662,19159.937876819662,666.264857902727,666.264857902727,666.264857902727,131.19089596908822,131.19089596908822,131.19089596908822,535.0739619336388,535.0739619336388,535.0739619336388,0.0,0.0,0.0,19826.20273472239
2023-09-06,19171.286858222946,19162.349318514374,20576.68670756002,19171.286858222946,19171.286858222946,675.8472507793616,675.8472507793616,675.8472507793616,130.40851066595164,130.40851066595164,130.40851066595164,545.4387401134101,545.4387401134101,545.4387401134101,0.0,0.0,0.0,19847.13410900231
2023-09-07,19182.635839626226,19195.375184913104,20586.959095360417,19182.635839626226,19182.635839626226,687.2696256060765,687.2696256060765,687.2696256060765,132.16746761270892,132.16746761270892,132.16746761270892,555.1021579933674,555.1021579933674,555.1021579933674,0.0,0.0,0.0,19869.905465232303
2023-09-08,19193.984821029506,19146.515837012674,20570.704526146146,19193.984821029506,19193.984821029506,683.4287404895904,683.4287404895904,683.4287404895904,119.50192119369676,119.50192119369676,119.50192119369676,563.9268192958937,563.9268192958937,563.9268192958937,0.0,0.0,0.0,19877.413561519097
2023-09-11,19228.031765239346,19252.770203997483,20639.11712078199,19228.031765239346,19228.031765239346,712.1808302634556,712.1808302634556,712.1808302634556,128.19211995526803,128.19211995526803,128.19211995526803,583.9887103081876,583.9887103081876,583.9887103081876,0.0,0.0,0.0,19940.212595502802
2023-09-12,19239.380746642626,19253.025144550447,20664.19293868607,19239.380746642626,19239.380746642626,719.2894317125134,719.2894317125134,719.2894317125134,131.1908959694794,131.1908959694794,131.1908959694794,588.098535743034,588.098535743034,588.098535743034,0.0,0.0,0.0,19958.67017835514
2023-09-13,19250.729728045906,19178.34967607119,20670.81052612778,19250.729728045906,19250.729728045906,721.1293430568185,721.1293430568185,721.1293430568185,130.40851066613246,130.40851066613246,130.40851066613246,590.720832390686,590.720832390686,590.720832390686,0.0,0.0,0.0,19971.859071102725
2023-09-14,19262.07870944919,19253.385432325904,20721.592786506288,19262.07870944919,19262.07870944919,723.9233985407648,723.9233985407648,723.9233985407648,132.16746761299953,132.16746761299953,132.16746761299953,591.7559309277652,591.7559309277652,591.7559309277652,0.0,0.0,0.0,19986.002107989956
2023-09-15,19273.427690852466,19277.784920090173,20724.154700380568,19273.427690852466,19273.427690852466,710.6234986375192,710.6234986375192,710.6234986375192,119.50192119339313,119.50192119339313,119.50192119339313,591.1215774441262,591.1215774441262,591.1215774441262,0.0,0.0,0.0,19984.051189489986
2023-09-18,19307.47463506231,19293.63627336903,20706.182401575054,19307.47463506231,19307.47463506231,706.8883185611895,706.8883185611895,706.8883185611895,128.192119956231,128.192119956231,128.192119956231,578.6961986049585,578.6961986049585,578.6961986049585,0.0,0.0,0.0,20014.3629536235
2023-09-20,19330.17259786887,19303.12476441172,20693.790263777955,19330.17259786887,19330.17259786887,691.9732735272464,691.9732735272464,691.9732735272464,130.40851066577582,130.40851066577582,130.40851066577582,561.5647628614706,561.5647628614706,561.5647628614706,0.0,0.0,0.0,20022.14587139612
2023-09-21,19341.52157927215,19305.09409374141,20770.572919578863,19341.52157927215,19341.52157927215,682.6266739090717,682.6266739090717,682.6266739090717,132.16746761297748,132.16746761297748,132.16746761297748,550.4592062960943,550.4592062960943,550.4592062960943,0.0,0.0,0.0,20024.14825318122
2023-09-22,19352.87056067543,19323.062870127273,20654.32870199884,19352.87056067543,19352.87056067543,657.2759618071572,657.2759618071572,657.2759618071572,119.501921194794,119.501921194794,119.501921194794,537.7740406123633,537.7740406123633,537.7740406123633,0.0,0.0,0.0,20010.146522482588
2023-09-25,19386.91750488527,19318.12333796543,20720.600185190186,19386.91750488527,19386.91750488527,619.7258951381586,619.7258951381586,619.7258951381586,128.1921199559052,128.1921199559052,128.1921199559052,491.53377518225346,491.53377518225346,491.53377518225346,0.0,0.0,0.0,20006.64340002343
2023-09-26,19398.266486288554,19259.255588187265,20748.460873452947,19398.266486288554,19398.266486288554,605.1237016668865,605.1237016668865,605.1237016668865,131.19089596895006,131.19089596895006,131.19089596895006,473.93280569793654,473.93280569793654,473.93280569793654,0.0,0.0,0.0,20003.39018795544
2023-09-27,19409.615467691834,19352.547012108334,20680.8498298128,19409.615467691834,19409.615467691834,585.9616434308705,585.9616434308705,585.9616434308705,130.40851066563465,130.40851066563465,130.40851066563465,455.55313276523583,455.55313276523583,455.55313276523583,0.0,0.0,0.0,19995.577111122704
2023-09-28,19420.964449095114,19285.336583204044,20728.54157374724,19420.964449095114,19420.964449095114,568.7706064680549,568.7706064680549,568.7706064680549,132.16746761295548,132.16746761295548,132.16746761295548,436.6031388550994,436.6031388550994,436.6031388550994,0.0,0.0,0.0,19989.735055563167
2023-09-29,19432.313430498394,19250.786252973467,20637.54221924348,19432.313430498394,19432.313430498394,536.8002968627599,536.8002968627599,536.8002968627599,119.50192119451617,119.50192119451617,119.50192119451617,417.29837566824364,417.29837566824364,417.29837566824364,0.0,0.0,0.0,19969.113727361153
2023-10-03,19477.70935611151,19222.790656335084,20673.629219053342,19477.70935611151,19477.70935611151,472.03332141588675,472.03332141588675,472.03332141588675,131.19089596934126,131.19089596934126,131.19089596934126,340.84242544654563,340.84242544654563,340.84242544654563,0.0,0.0,0.0,19949.742677527396
2023-10-04,19489.05833751479,19243.37831646784,20666.8917262474,19489.05833751479,19489.05833751479,453.34217200282023,453.34217200282023,453.34217200282023,130.40851066527802,130.40851066527802,130.40851066527802,322.9336613375423,322.9336613375423,322.9336613375423,0.0,0.0,0.0,19942.40050951761
2023-10-05,19500.407318918074,19198.97100056518,20636.937593339415,19500.407318918074,19500.407318918074,438.03092893392596,438.03092893392596,438.03092893392596,132.16746761293345,132.16746761293345,132.16746761293345,305.86346132099254,305.86346132099254,305.86346132099254,0.0,0.0,0.0,19938.438247852002
2023-10-06,19511.756300321355,19185.0869547171,20665.88421815769,19511.756300321355,19511.756300321355,409.27666167730774,409.27666167730774,409.27666167730774,119.50192119418674,119.50192119418674,119.50192119418674,289.774740483121,289.774740483121,289.774740483121,0.0,0.0,0.0,19921.032961998662
2023-10-09,19545.803244531195,19149.169639311833,20675.20072421224,19545.803244531195,19545.803244531195,376.6288350027253,376.6288350027253,376.6288350027253,128.19211995559567,128.19211995559567,128.19211995559567,248.4367150471296,248.4367150471296,248.4367150471296,0.0,0.0,0.0,19922.43207953392
2023-10-10,19557.152225934475,19214.347783606725,20620.701047448994,19557.152225934475,19557.152225934475,368.3619538005555,368.3619538005555,368.3619538005555,131.19089596842068,131.19089596842068,131.19089596842068,237.1710578321349,237.1710578321349,237.1710578321349,0.0,0.0,0.0,19925.51417973503
2023-10-11,19568.501207337755,19183.153652518922,20564.496188393776,19568.501207337755,19568.501207337755,357.59919926752076,357.59919926752076,357.59919926752076,130.4085106659963,130.4085106659963,130.4085106659963,227.1906886015245,227.1906886015245,227.1906886015245,0.0,0.0,0.0,19926.100406605274
2023-10-12,19579.850188741035,19223.244127687798,20643.027995178083,19579.850188741035,19579.850188741035,350.6364749174542,350.6364749174542,350.6364749174542,132.167467613224,132.167467613224,132.167467613224,218.4690073042302,218.4690073042302,218.4690073042302,0.0,0.0,0.0,19930.48666365849
2023-10-13,19591.199170144315,19159.677458496677,20632.552833290396,19591.199170144315,19591.199170144315,330.45402284264446,330.45402284264446,330.45402284264446,119.50192119558763,119.50192119558763,119.50192119558763,210.9521016470568,210.9521016470568,210.9521016470568,0.0,0.0,0.0,19921.65319298696
2023-10-16,19625.246114354155,19246.562382984506,20670.938388330524,19625.246114354155,19625.246114354155,322.92530561337355,322.92530561337355,322.92530561337355,128.19211995591428,128.19211995591428,128.19211995591428,194.73318565745933,194.73318565745933,194.73318565745933,0.0,0.0,0.0,19948.17141996753
2023-10-17,19636.595095757435,19206.458618571047,20688.78728733538,19636.595095757435,19636.595095757435,322.23322926698796,322.23322926698796,322.23322926698796,131.19089596881187,131.19089596881187,131.19089596881187,191.04233329817606,191.04233329817606,191.04233329817606,0.0,0.0,0.0,19958.828325024424
2023-10-18,19647.944077160715,19289.413745640482,20754.070498498124,19647.944077160715,19647.944077160715,318.38589356056565,318.38589356056565,318.38589356056565,130.40851066563957,130.40851066563957,130.40851066563957,187.97738289492608,187.97738289492608,187.97738289492608,0.0,0.0,0.0,19966.32997072128
2023-10-19,19659.293058563995,19246.487330569602,20731.1237280477,19659.293058563995,19659.293058563995,317.55546968238,317.55546968238,317.55546968238,132.16746761261876,132.16746761261876,132.16746761261876,185.38800206976128,185.38800206976128,185.38800206976128,0.0,0.0,0.0,19976.848528246373
2023-10-20,19670.642039967275,19224.34932364047,20661.646471651045,19670.642039967275,19670.642039967275,302.62487320460974,302.62487320460974,302.62487320460974,119.50192119525823,119.50192119525823,119.50192119525823,183.1229520093515,183.1229520093515,183.1229520093515,0.0,0.0,0.0,19973.266913171887
2023-10-23,19704.68898417712,19281.250773237174,20705.730680097913,19704.68898417712,19704.68898417712,305.0385539848966,305.0385539848966,305.0385539848966,128.19211995623286,128.19211995623286,128.19211995623286,176.8464340286638,176.8464340286638,176.8464340286638,0.0,0.0,0.0,20009.727538162017
2023-10-25,19727.38694698368,19352.17918705798,20784.00060267131,19727.38694698368,19727.38694698368,302.29649721004364,302.29649721004364,302.29649721004364,130.40851066528293,130.40851066528293,130.40851066528293,171.8879865447607,171.8879865447607,171.8879865447607,0.0,0.0,0.0,20029.683444193724
2023-10-26,19738.73592838696,19299.378356713598,20750.693440861425,19738.73592838696,19738.73592838696,301.0798718983593,301.0798718983593,301.0798718983593,132.16746761290935,132.16746761290935,132.16746761290935,168.91240428544995,168.91240428544995,168.91240428544995,0.0,0.0,0.0,20039.81580028532
2023-10-27,19750.08490979024,19294.037778715803,20725.621475420958,19750.08490979024,19750.08490979024,285.044737253447,285.044737253447,285.044737253447,119.50192119495458,119.50192119495458,119.50192119495458,165.54281605849246,165.54281605849246,165.54281605849246,0.0,0.0,0.0,20035.129647043686
2023-10-30,19784.13185400008,19329.664284145536,20783.21475161031,19784.13185400008,19784.13185400008,281.25270921009667,281.25270921009667,281.25270921009667,128.19211995655147,128.19211995655147,128.19211995655147,153.06058925354523,153.06058925354523,153.06058925354523,0.0,0.0,0.0,20065.384563210177
2023-10-31,19795.48083540336,19411.867790719723,20848.1887549148,19795.48083540336,19795.48083540336,279.43035790037806,279.43035790037806,279.43035790037806,131.19089596957383,131.19089596957383,131.19089596957383,148.23946193080423,148.23946193080423,148.23946193080423,0.0,0.0,0.0,20074.91119330374
2023-11-01,19806.82981680664,19374.318035404904,20788.88846319659,19806.82981680664,19806.82981680664,273.62532533973643,273.62532533973643,273.62532533973643,130.4085106660012,130.4085106660012,130.4085106660012,143.21681467373523,143.21681467373523,143.21681467373523,0.0,0.0,0.0,20080.455142146377
2023-11-02,19818.17879820992,19358.805676463497,20813.273634418456,19818.17879820992,19818.17879820992,270.27089894870426,270.27089894870426,270.27089894870426,132.1674676125747,132.1674676125747,132.1674676125747,138.10343133612955,138.10343133612955,138.10343133612955,0.0,0.0,0.0,20088.449697158623
2023-11-03,19829.5277796132,19363.4080202559,20814.221387482175,19829.5277796132,19829.5277796132,252.53014118317077,252.53014118317077,252.53014118317077,119.50192119465096,119.50192119465096,119.50192119465096,133.02821998851982,133.02821998851982,133.02821998851982,0.0,0.0,0.0,20082.05792079637
2023-11-06,19863.574723823043,19340.159452687873,20833.781075357965,19863.574723823043,19863.574723823043,247.70031820629086,247.70031820629086,247.70031820629086,128.19211995622567,128.19211995622567,128.19211995622567,119.50819825006518,119.50819825006518,119.50819825006518,0.0,0.0,0.0,20111.275042029334
2023-11-07,19874.923705226323,19390.322178593342,20887.245936826414,19874.923705226323,19874.923705226323,247.28368509569248,247.28368509569248,247.28368509569248,131.19089596930914,131.19089596930914,131.19089596930914,116.09278912638337,116.09278912638337,116.09278912638337,0.0,0.0,0.0,20122.207390322015
2023-11-08,19886.272686629603,19373.899572704457,20878.644113077422,19886.272686629603,19886.272686629603,243.8910191730102,243.8910191730102,243.8910191730102,130.40851066564454,130.40851066564454,130.40851066564454,113.48250850736567,113.48250850736567,113.48250850736567,0.0,0.0,0.0,20130.163705802614
2023-11-09,19897.621668032883,19381.77881639065,20845.85884858037,19897.621668032883,19897.621668032883,243.9889271463695,243.9889271463695,243.9889271463695,132.16746761259466,132.16746761259466,132.16746761259466,111.8214595337748,111.8214595337748,111.8214595337748,0.0,0.0,0.0,20141.610595179252
2023-11-10,19908.970649436164,19391.969209908104,20809.563222369114,19908.970649436164,19908.970649436164,230.74116637914602,230.74116637914602,230.74116637914602,119.50192119434737,119.50192119434737,119.50192119434737,111.23924518479863,111.23924518479863,111.23924518479863,0.0,0.0,0.0,20139.71181581531
2023-11-13,19943.017593646,19513.671145787288,20924.013550454078,19943.017593646,19943.017593646,245.1462736908752,245.1462736908752,245.1462736908752,128.19211995718865,128.19211995718865,128.19211995718865,116.95415373368657,116.95415373368657,116.95415373368657,0.0,0.0,0.0,20188.163867336876
2023-11-15,19965.715556452564,19521.647469945292,20940.64283829282,19965.715556452564,19965.715556452564,257.9232092822156,257.9232092822156,257.9232092822156,130.40851066550343,130.40851066550343,130.40851066550343,127.51469861671222,127.51469861671222,127.51469861671222,0.0,0.0,0.0,20223.63876573478
2023-11-16,19977.064537855844,19580.238947573976,20959.373408400847,19977.064537855844,19977.064537855844,266.9901564984947,266.9901564984947,266.9901564984947,132.16746761257266,132.16746761257266,132.16746761257266,134.82268888592202,134.82268888592202,134.82268888592202,0.0,0.0,0.0,20244.054694354338
2023-11-17,19988.413519259124,19511.26652514094,20946.917775598296,19988.413519259124,19988.413519259124,262.9109909456751,262.9109909456751,262.9109909456751,119.50192119401794,119.50192119401794,119.50192119401794,143.40906975165717,143.40906975165717,143.40906975165717,0.0,0.0,0.0,20251.3245102048
2023-11-20,20022.460463468964,19571.321373769042,21014.28550342444,20022.460463468964,20022.460463468964,303.93256324090413,303.93256324090413,303.93256324090413,128.19211995591613,128.19211995591613,128.19211995591613,175.74044328498798,175.74044328498798,175.74044328498798,0.0,0.0,0.0,20326.39302670987
2023-11-21,20052.111860994377,19611.129761219832,21115.715552753536,20052.111860994377,20052.111860994377,319.3920770001138,319.3920770001138,319.3920770001138,131.19089596877976,131.19089596877976,131.19089596877976,188.20118103133396,188.20118103133396,188.20118103133396,0.0,0.0,0.0,20371.50393799449
2023-11-22,20081.76325851978,19683.599552542255,21159.24966764523,20081.76325851978,20081.76325851978,331.59901172640076,331.59901172640076,331.59901172640076,130.40851066568422,130.40851066568422,130.40851066568422,201.19050106071657,201.19050106071657,201.19050106071657,0.0,0.0,0.0,20413.36227024618
2023-11-23,20111.414656045185,19688.585908177007,21198.63908363324,20111.414656045185,20111.414656045185,346.6606026904723,346.6606026904723,346.6606026904723,132.16746761286322,132.16746761286322,132.16746761286322,214.49313507760905,214.49313507760905,214.49313507760905,0.0,0.0,0.0,20458.07525873566
2023-11-24,20141.066053570597,19796.36101136121,21224.09465864224,20141.066053570597,20141.066053570597,347.38419414113605,347.38419414113605,347.38419414113605,119.50192119374012,119.50192119374012,119.50192119374012,227.882272947396,227.882272947396,227.882272947396,0.0,0.0,0.0,20488.450247711735
2023-11-28,20259.671643672205,19956.845590619458,21406.67194771978,20259.671643672205,20259.671643672205,408.85654789889645,408.85654789889645,408.85654789889645,131.19089596917095,131.19089596917095,131.19089596917095,277.6656519297255,277.6656519297255,277.6656519297255,0.0,0.0,0.0,20668.528191571102
2023-11-29,20289.32304119762,19953.747916026616,21487.26035959371,20289.32304119762,20289.32304119762,418.4690964872016,418.4690964872016,418.4690964872016,130.40851066586504,130.40851066586504,130.40851066586504,288.0605858213366,288.0605858213366,288.0605858213366,0.0,0.0,0.0,20707.79213768482
2023-11-30,20318.97443872302,20038.370665165392,21483.34886359055,20318.97443872302,20318.97443872302,429.4103160413131,429.4103160413131,429.4103160413131,132.16746761315383,132.16746761315383,132.16746761315383,297.24284842815933,297.24284842815933,297.24284842815933,0.0,0.0,0.0,20748.384754764335
2023-12-01,20348.625836248422,20051.94098519982,21453.011512174853,20348.625836248422,20348.625836248422,424.5571857937286,424.5571857937286,424.5571857937286,119.50192119511517,119.50192119511517,119.50192119511517,305.05526459861335,305.05526459861335,305.05526459861335,0.0,0.0,0.0,20773.18302204215
2023-12-04,20437.58002882464,20154.585385117887,21634.14683855383,20437.58002882464,20437.58002882464,447.3434114513084,447.3434114513084,447.3434114513084,128.19211995590885,128.19211995590885,128.19211995590885,319.1512914953995,319.1512914953995,319.1512914953995,0.0,0.0,0.0,20884.923440275947
2023-12-05,20467.23142635004,20177.05974554494,21655.387118401326,20467.23142635004,20467.23142635004,451.7204848874826,451.7204848874826,451.7204848874826,131.19089596825037,131.19089596825037,131.19089596825037,320.52958891923214,320.52958891923214,320.52958891923214,0.0,0.0,0.0,20918.951911237524
2023-12-06,20496.882823875443,20163.777660601172,21662.70368260063,20496.882823875443,20496.882823875443,450.64134163117666,450.64134163117666,450.64134163117666,130.40851066572392,130.40851066572392,130.40851066572392,320.23283096545276,320.23283096545276,320.23283096545276,0.0,0.0,0.0,20947.52416550662
2023-12-07,20526.534221400845,20278.09751697343,21702.774511461175,20526.534221400845,20526.534221400845,450.4729352308562,450.4729352308562,450.4729352308562,132.16746761281917,132.16746761281917,132.16746761281917,318.305467618037,318.305467618037,318.305467618037,0.0,0.0,0.0,20977.007156631702
2023-12-08,20556.18561892626,20264.46007950391,21697.10960265533,20556.18561892626,20556.18561892626,434.32793174200833,434.32793174200833,434.32793174200833,119.5019211948116,119.5019211948116,119.5019211948116,314.82601054719674,314.82601054719674,314.82601054719674,0.0,0.0,0.0,20990.51355066827
2023-12-11,20645.139811502468,20341.191188683926,21761.654613262617,20645.139811502468,20645.139811502468,424.509951294784,424.509951294784,424.509951294784,128.19211995558308,128.19211995558308,128.19211995558308,296.3178313392009,296.3178313392009,296.3178313392009,0.0,0.0,0.0,21069.649762797253
2023-12-12,20674.79120902787,20356.959029191796,21811.65701016387,20674.79120902787,20674.79120902787,419.1912654569983,419.1912654569983,419.1912654569983,131.19089596927702,131.19089596927702,131.19089596927702,288.00036948772134,288.00036948772134,288.00036948772134,0.0,0.0,0.0,21093.982474484867
2023-12-13,20704.442606553283,20391.40393108051,21842.672570160958,20704.442606553283,20704.442606553283,409.33666403121464,409.33666403121464,409.33666403121464,130.40851066590469,130.40851066590469,130.40851066590469,278.92815336531,278.92815336531,278.92815336531,0.0,0.0,0.0,21113.7792705845
2023-12-14,20734.094004078685,20416.37630703942,21867.514612547893,20734.094004078685,20734.094004078685,401.47858281196005,401.47858281196005,401.47858281196005,132.16746761310975,132.16746761310975,132.16746761310975,269.3111151988503,269.3111151988503,269.3111151988503,0.0,0.0,0.0,21135.572586890645
2023-12-15,20763.745401604087,20467.7656063312,21834.17843733171,20763.745401604087,20763.745401604087,378.8656714252782,378.8656714252782,378.8656714252782,119.50192119448215,119.50192119448215,119.50192119448215,259.3637502307961,259.3637502307961,259.3637502307961,0.0,0.0,0.0,21142.611073029366
2023-12-18,20852.699594180303,20459.81291406657,21930.31489378269,20852.699594180303,20852.699594180303,357.82721939073656,357.82721939073656,357.82721939073656,128.19211995654607,128.19211995654607,128.19211995654607,229.63509943419052,229.63509943419052,229.63509943419052,0.0,0.0,0.0,21210.52681357104
2023-12-19,20882.350991705705,20463.20224546866,21910.206000581216,20882.350991705705,20882.350991705705,351.59835263077184,351.59835263077184,351.59835263077184,131.19089596835653,131.19089596835653,131.19089596835653,220.40745666241534,220.40745666241534,220.40745666241534,0.0,0.0,0.0,21233.949344336477
2023-12-20,20912.002389231107,20559.475892221188,22031.118813650537,20912.002389231107,20912.002389231107,342.20681301317563,342.20681301317563,342.20681301317563,130.40851066554802,130.40851066554802,130.40851066554802,211.79830234762755,211.79830234762755,211.79830234762755,0.0,0.0,0.0,21254.20920224428
2023-12-21,20941.65378675651,20585.081231036027,22008.23947917782,20941.65378675651,20941.65378675651,336.10596481290827,336.10596481290827,336.10596481290827,132.16746761308775,132.16746761308775,132.16746761308775,203.93849719982052,203.93849719982052,203.93849719982052,0.0,0.0,0.0,21277.759751569418
2023-12-22,20971.30518428191,20570.25124872635,22011.803372624505,20971.30518428191,20971.30518428191,316.43231721603115,316.43231721603115,316.43231721603115,119.50192119415276,119.50192119415276,119.50192119415276,196.9303960218784,196.9303960218784,196.9303960218784,0.0,0.0,0.0,21287.73750149794
2023-12-26,21089.910774383545,20710.351447374847,22157.267359829373,21089.910774383545,21089.910774383545,309.548756867884,309.548756867884,309.548756867884,131.19089596874767,131.19089596874767,131.19089596874767,178.35786089913628,178.35786089913628,178.35786089913628,0.0,0.0,0.0,21399.45953125143
2023-12-27,21119.562171908947,20690.101306897395,22142.517610140017,21119.562171908947,21119.562171908947,306.43983175391946,306.43983175391946,306.43983175391946,130.40851066572884,130.40851066572884,130.40851066572884,176.03132108819065,176.03132108819065,176.03132108819065,0.0,0.0,0.0,21426.002003662867
2023-12-28,21149.21356943435,20717.222677251288,22151.966545289437,21149.21356943435,21149.21356943435,306.67023977976874,306.67023977976874,306.67023977976874,132.1674676127951,132.1674676127951,132.1674676127951,174.5027721669736,174.5027721669736,174.5027721669736,0.0,0.0,0.0,21455.883809214116
2023-12-29,21178.86496695975,20736.875452500248,22192.352013002674,21178.86496695975,21178.86496695975,293.1609418716227,293.1609418716227,293.1609418716227,119.50192119387494,119.50192119387494,119.50192119387494,173.65902067774775,173.65902067774775,173.65902067774775,0.0,0.0,0.0,21472.025908831372
2024-01-01,21267.819159535968,20868.958405769612,22279.671336474054,21267.819159535968,21267.819159535968,301.98096758806855,301.98096758806855,301.98096758806855,128.19211995653887,128.19211995653887,128.19211995653887,173.78884763152965,173.78884763152965,173.78884763152965,0.0,0.0,0.0,21569.800127124035
2024-01-02,21297.47055706138,20873.01534886809,22354.27084412805,21297.47055706138,21297.47055706138,305.35374913283215,305.35374913283215,305.35374913283215,131.1908959691184,131.1908959691184,131.1908959691184,174.16285316371375,174.16285316371375,174.16285316371375,0.0,0.0,0.0,21602.824306194212
2024-01-03,21327.121954586783,20882.049360315417,22367.485737303716,21327.121954586783,21327.121954586783,304.8132078849012,304.8132078849012,304.8132078849012,130.40851066537215,130.40851066537215,130.40851066537215,174.40469721952906,174.40469721952906,174.40469721952906,0.0,0.0,0.0,21631.935162471684
2024-01-04,21356.773352112185,20938.311975995057,22386.17534638543,21356.773352112185,21356.773352112185,306.5027219015357,306.5027219015357,306.5027219015357,132.16746761277304,132.16746761277304,132.16746761277304,174.33525428876266,174.33525428876266,174.33525428876266,0.0,0.0,0.0,21663.27607401372
2024-01-05,21386.424749637587,20907.174853619894,22327.957738250647,21386.424749637587,21386.424749637587,293.2842542376981,293.2842542376981,293.2842542376981,119.50192119530162,119.50192119530162,119.50192119530162,173.78233304239652,173.78233304239652,173.78233304239652,0.0,0.0,0.0,21679.709003875283
2024-01-08,21475.378942213792,21024.928889747644,22561.593734040198,21475.378942213792,21475.378942213792,295.89893598508894,295.89893598508894,295.89893598508894,128.19211995591073,128.19211995591073,128.19211995591073,167.7068160291782,167.7068160291782,167.7068160291782,0.0,0.0,0.0,21771.27787819888
2024-01-09,21505.03033973921,21076.51140508041,22504.65385733052,21505.03033973921,21505.03033973921,294.99353444249,294.99353444249,294.99353444249,131.19089596885374,131.19089596885374,131.19089596885374,163.80263847363625,163.80263847363625,163.80263847363625,0.0,0.0,0.0,21800.023874181697
2024-01-10,21534.68173726461,21130.931561348985,22555.650048127798,21534.68173726461,21534.68173726461,289.22552267885396,289.22552267885396,289.22552267885396,130.40851066609042,130.40851066609042,130.40851066609042,158.81701201276357,158.81701201276357,158.81701201276357,0.0,0.0,0.0,21823.907259943466
2024-01-11,21564.333134790013,21103.198052906784,22602.86391253785,21564.333134790013,21564.333134790013,284.8743852924077,284.8743852924077,284.8743852924077,132.16746761306365,132.16746761306365,132.16746761306365,152.70691767934403,152.70691767934403,152.70691767934403,0.0,0.0,0.0,21849.207520082422
2024-01-12,21593.984532315426,21089.21332310708,22574.666487279475,21593.984532315426,21593.984532315426,264.9613783798961,264.9613783798961,264.9613783798961,119.50192119497217,119.50192119497217,119.50192119497217,145.4594571849239,145.4594571849239,145.4594571849239,0.0,0.0,0.0,21858.94591069532
2024-01-15,21682.938724891632,21194.846172292466,22603.50939005624,21682.938724891632,21682.938724891632,245.40795149454274,245.40795149454274,245.40795149454274,128.19211995622933,128.19211995622933,128.19211995622933,117.21583153831344,117.21583153831344,117.21583153831344,0.0,0.0,0.0,21928.346676386176
2024-01-16,21712.590122417034,21239.997390960554,22650.67698115066,21712.590122417034,21712.590122417034,237.07539422454573,237.07539422454573,237.07539422454573,131.19089596858905,131.19089596858905,131.19089596858905,105.88449825595669,105.88449825595669,105.88449825595669,0.0,0.0,0.0,21949.66551664158
2024-01-17,21742.241519942436,21276.13995340614,22737.25425704067,21742.241519942436,21742.241519942436,224.19193496460952,224.19193496460952,224.19193496460952,130.4085106657338,130.4085106657338,130.4085106657338,93.78342429887574,93.78342429887574,93.78342429887574,0.0,0.0,0.0,21966.433454907045
2024-01-18,21771.89291746785,21292.333172527993,22710.914041343043,21771.89291746785,21771.89291746785,213.22463870922695,213.22463870922695,213.22463870922695,132.1674676130416,132.1674676130416,132.1674676130416,81.0571710961853,81.0571710961853,81.0571710961853,0.0,0.0,0.0,21985.117556177076
2024-01-19,21801.54431499325,21262.550543463956,22773.334323468473,21801.54431499325,21801.54431499325,187.36748918465003,187.36748918465003,187.36748918465003,119.50192119464273,119.50192119464273,119.50192119464273,67.86556799000729,67.86556799000729,67.86556799000729,0.0,0.0,0.0,21988.9118041779
2024-01-23,21920.14990509487,21317.489355307967,22794.81249411982,21920.14990509487,21920.14990509487,145.09872889651686,145.09872889651686,145.09872889651686,131.1908959689803,131.1908959689803,131.1908959689803,13.907832927536568,13.907832927536568,13.907832927536568,0.0,0.0,0.0,22065.248633991385
2024-01-24,21949.80130262027,21343.885637016858,22842.000054555676,21949.80130262027,21949.80130262027,131.3898326894346,131.3898326894346,131.3898326894346,130.40851066559267,130.40851066559267,130.40851066559267,0.9813220238419404,0.9813220238419404,0.9813220238419404,0.0,0.0,0.0,22081.191135309706
2024-01-25,21979.452700145674,21395.389404693968,22822.27866240873,21979.452700145674,21979.452700145674,120.76146327468065,120.76146327468065,120.76146327468065,132.16746761333218,132.16746761333218,132.16746761333218,-11.406004338651556,-11.406004338651556,-11.406004338651556,0.0,0.0,0.0,22100.214163420354
2024-01-29,22098.058290247296,21439.425148412858,22873.7321160851,22098.058290247296,22098.058290247296,74.83797215753263,74.83797215753263,74.83797215753263,128.19211995591976,128.19211995591976,128.19211995591976,-53.35414779838712,-53.35414779838712,-53.35414779838712,0.0,0.0,0.0,22172.89626240483
2024-01-30,22127.709687772698,21464.127615025176,22908.185698201785,22127.709687772698,22127.709687772698,69.57138710036722,69.57138710036722,69.57138710036722,131.19089596937144,131.19089596937144,131.19089596937144,-61.619508869004235,-61.619508869004235,-61.619508869004235,0.0,0.0,0.0,22197.281074873066
2024-01-31,22157.3610852981,21494.792519096005,22918.077969319325,22157.3610852981,22157.3610852981,61.43630511604833,61.43630511604833,61.43630511604833,130.40851066577343,130.40851066577343,130.40851066577343,-68.9722055497251,-68.9722055497251,-68.9722055497251,0.0,0.0,0.0,22218.797390414147
2024-02-01,22187.012482823513,21523.892014105913,22973.184220069026,22187.012482823513,22187.012482823513,56.71222905559469,56.71222905559469,56.71222905559469,132.1674676124144,132.1674676124144,132.1674676124144,-75.4552385568197,-75.4552385568197,-75.4552385568197,0.0,0.0,0.0,22243.72471187911
2024-02-02,22216.663880348915,21502.79712694253,22921.140931446193,22216.663880348915,22216.663880348915,38.35935745604431,38.35935745604431,38.35935745604431,119.50192119403552,119.50192119403552,119.50192119403552,-81.14256373799122,-81.14256373799122,-81.14256373799122,0.0,0.0,0.0,22255.02323780496
2024-02-05,22305.618072925132,21585.208238935356,23048.457362866953,22305.618072925132,22305.618072925132,33.596083580346324,33.596083580346324,33.596083580346324,128.19211995559397,128.19211995559397,128.19211995559397,-94.59603637524764,-94.59603637524764,-94.59603637524764,0.0,0.0,0.0,22339.214156505477
2024-02-06,22335.269470450534,21654.573447913175,23102.54073220492,22335.269470450534,22335.269470450534,32.80230628344552,32.80230628344552,32.80230628344552,131.1908959691068,131.1908959691068,131.1908959691068,-98.38858968566129,-98.38858968566129,-98.38858968566129,0.0,0.0,0.0,22368.07177673398
2024-02-07,22364.920867975936,21695.76568159487,23127.047858175745,22364.920867975936,22364.920867975936,28.269656697137204,28.269656697137204,28.269656697137204,130.40851066595425,130.40851066595425,130.40851066595425,-102.13885396881703,-102.13885396881703,-102.13885396881703,0.0,0.0,0.0,22393.190524673075
2024-02-08,22394.572265501338,21748.2592650538,23136.270671955295,22394.572265501338,22394.572265501338,26.118725560090862,26.118725560090862,26.118725560090862,132.16746761270494,132.16746761270494,132.16746761270494,-106.04874205261407,-106.04874205261407,-106.04874205261407,0.0,0.0,0.0,22420.69099106143
2024-02-09,22424.22366302674,21717.784281778542,23192.223866876353,22424.22366302674,22424.22366302674,9.175483067227646,9.175483067227646,9.175483067227646,119.50192119543641,119.50192119543641,119.50192119543641,-110.32643812820876,-110.32643812820876,-110.32643812820876,0.0,0.0,0.0,22433.39914609397
2024-02-12,22513.17785560297,21764.981101114932,23176.568775542863,22513.17785560297,22513.17785560297,0.7590743571563484,0.7590743571563484,0.7590743571563484,128.19211995655695,128.19211995655695,128.19211995655695,-127.43304559940059,-127.43304559940059,-127.43304559940059,0.0,0.0,0.0,22513.936929960128
2024-02-13,22542.829253128373,21837.0943542852,23347.965512572566,22542.829253128373,22542.829253128373,-4.016563207378875,-4.016563207378875,-4.016563207378875,131.19089596884206,131.19089596884206,131.19089596884206,-135.20745917622094,-135.20745917622094,-135.20745917622094,0.0,0.0,0.0,22538.812689920993
2024-02-14,22572.480650653775,21847.564066475818,23285.842214929926,22572.480650653775,22572.480650653775,-13.89558921562791,-13.89558921562791,-13.89558921562791,130.4085106655976,130.4085106655976,130.4085106655976,-144.30409988122548,-144.30409988122548,-144.30409988122548,0.0,0.0,0.0,22558.58506143815
2024-02-15,22602.132048179177,21853.605560752814,23327.239302563175,22602.132048179177,22602.132048179177,-22.69524779109412,-22.69524779109412,-22.69524779109412,132.16746761268294,132.16746761268294,132.16746761268294,-154.86271540377706,-154.86271540377706,-154.86271540377706,0.0,0.0,0.0,22579.436800388085
2024-02-16,22631.783445704576,21852.813229782245,23268.466192005202,22631.783445704576,22631.783445704576,-47.494582670153356,-47.494582670153356,-47.494582670153356,119.50192119510697,119.50192119510697,119.50192119510697,-166.99650386526037,-166.99650386526037,-166.99650386526037,0.0,0.0,0.0,22584.28886303442
2024-02-19,22643.61871149748,21770.880869144097,23265.542945399888,22643.61871149748,22643.61871149748,-85.33366015875887,-85.33366015875887,-85.33366015875887,128.19211995623112,128.19211995623112,128.19211995623112,-213.52578011498997,-213.52578011498997,-213.52578011498997,0.0,0.0,0.0,22558.28505133872
2024-02-20,22647.56380009511,21786.032206850985,23274.992829344035,22647.56380009511,22647.56380009511,-101.28236730843187,-101.28236730843187,-101.28236730843187,131.19089596921287,131.19089596921287,131.19089596921287,-232.47326327764475,-232.47326327764475,-232.47326327764475,0.0,0.0,0.0,22546.28143278668
2024-02-21,22651.508888692744,21789.199961616505,23202.961281068045,22651.508888692744,22651.508888692744,-122.67753616767646,-122.67753616767646,-122.67753616767646,130.40851066524093,130.40851066524093,130.40851066524093,-253.0860468329174,-253.0860468329174,-253.0860468329174,0.0,0.0,0.0,22528.831352525067
2024-02-22,22655.45397729038,21818.772601252786,23251.694856697155,22655.45397729038,22655.45397729038,-143.11452859506994,-143.11452859506994,-143.11452859506994,132.1674676129735,132.1674676129735,132.1674676129735,-275.28199620804344,-275.28199620804344,-275.28199620804344,0.0,0.0,0.0,22512.33944869531
2024-02-23,22659.399065888014,21757.189364963488,23202.8678488948,22659.399065888014,22659.399065888014,-179.44556623935287,-179.44556623935287,-179.44556623935287,119.5019211948292,119.5019211948292,119.5019211948292,-298.94748743418205,-298.94748743418205,-298.94748743418205,0.0,0.0,0.0,22479.95349964866
2024-02-26,22671.234331680913,21713.7471195954,23160.58690812386,22671.234331680913,22671.234331680913,-249.01174697307235,-249.01174697307235,-249.01174697307235,128.19211995654973,128.19211995654973,128.19211995654973,-377.20386692962205,-377.20386692962205,-377.20386692962205,0.0,0.0,0.0,22422.22258470784
2024-02-27,22675.179420278546,21714.672741365135,23139.906386973587,22675.179420278546,22675.179420278546,-273.88123321332256,-273.88123321332256,-273.88123321332256,131.19089596960407,131.19089596960407,131.19089596960407,-405.07212918292663,-405.07212918292663,-405.07212918292663,0.0,0.0,0.0,22401.298187065222
2024-02-28,22679.124508876183,21620.478812150326,23083.881801996104,22679.124508876183,22679.124508876183,-303.05890400519627,-303.05890400519627,-303.05890400519627,130.4085106656373,130.4085106656373,130.4085106656373,-433.4674146708336,-433.4674146708336,-433.4674146708336,0.0,0.0,0.0,22376.065604870986
2024-02-29,22683.069597473816,21637.05142810959,23061.068219222234,22683.069597473816,22683.069597473816,-329.9849648655947,-329.9849648655947,-329.9849648655947,132.1674676129515,132.1674676129515,132.1674676129515,-462.15243247854613,-462.15243247854613,-462.15243247854613,0.0,0.0,0.0,22353.08463260822
2024-03-01,22687.01468607145,21620.4841598869,23073.125023343906,22687.01468607145,22687.01468607145,-371.3817243438065,-371.3817243438065,-371.3817243438065,119.50192119449976,119.50192119449976,119.50192119449976,-490.8836455383063,-490.8836455383063,-490.8836455383063,0.0,0.0,0.0,22315.632961727642
2024-03-04,22698.84995186435,21549.418583710998,22952.65902766778,22698.84995186435,22698.84995186435,-446.7261956342645,-446.7261956342645,-446.7261956342645,128.19211995622396,128.19211995622396,128.19211995622396,-574.9183155904885,-574.9183155904885,-574.9183155904885,0.0,0.0,0.0,22252.12375623009
2024-03-05,22702.795040461984,21560.58962425345,22932.523151785925,22702.795040461984,22702.795040461984,-470.2364501348988,-470.2364501348988,-470.2364501348988,131.1908959686835,131.1908959686835,131.1908959686835,-601.4273461035823,-601.4273461035823,-601.4273461035823,0.0,0.0,0.0,22232.558590327084
2024-03-06,22706.740129059617,21467.404379948817,22931.571486113804,22706.740129059617,22706.740129059617,-496.4131453368637,-496.4131453368637,-496.4131453368637,130.4085106663555,130.4085106663555,130.4085106663555,-626.8216560032192,-626.8216560032192,-626.8216560032192,0.0,0.0,0.0,22210.326983722753
2024-03-07,22710.68521765725,21481.339958341407,22897.477116455906,22710.68521765725,22710.68521765725,-518.7394415906138,-518.7394415906138,-518.7394415906138,132.1674676126588,132.1674676126588,132.1674676126588,-650.9069092032726,-650.9069092032726,-650.9069092032726,0.0,0.0,0.0,22191.945776066637
2024-03-11,22726.465572047786,21346.02419350602,22845.339805848984,22726.465572047786,22726.465572047786,-602.8021568189089,-602.8021568189089,-602.8021568189089,128.1921199565425,128.1921199565425,128.1921199565425,-730.9942767754515,-730.9942767754515,-730.9942767754515,0.0,0.0,0.0,22123.663415228875
2024-03-12,22730.41066064542,21336.997320899343,22797.784624623775,22730.41066064542,22730.41066064542,-615.1721266197177,-615.1721266197177,-615.1721266197177,131.1908959690747,131.1908959690747,131.1908959690747,-746.3630225887924,-746.3630225887924,-746.3630225887924,0.0,0.0,0.0,22115.238534025702
2024-03-13,22734.355749243055,21369.26370199512,22814.657859924067,22734.355749243055,22734.355749243055,-629.3100634027904,-629.3100634027904,-629.3100634027904,130.40851066599888,130.40851066599888,130.40851066599888,-759.7185740687893,-759.7185740687893,-759.7185740687893,0.0,0.0,0.0,22105.045685840265
2024-03-14,22738.30083784069,21393.76509751341,22815.844058107115,22738.30083784069,22738.30083784069,-638.8590112944581,-638.8590112944581,-638.8590112944581,132.1674676126368,132.1674676126368,132.1674676126368,-771.026478907095,-771.026478907095,-771.026478907095,0.0,0.0,0.0,22099.44182654623
2024-03-15,22742.245926438325,21375.983000858614,22829.013588215792,22742.245926438325,22742.245926438325,-660.7727330850876,-660.7727330850876,-660.7727330850876,119.50192119386674,119.50192119386674,119.50192119386674,-780.2746542789542,-780.2746542789542,-780.2746542789542,0.0,0.0,0.0,22081.47319335324
2024-03-18,22754.08119223122,21364.25683994645,22838.708896980494,22754.08119223122,22754.08119223122,-667.6514156840047,-667.6514156840047,-667.6514156840047,128.1921199559144,128.1921199559144,128.1921199559144,-795.8435356399191,-795.8435356399191,-795.8435356399191,0.0,0.0,0.0,22086.429776547215
2024-03-19,22758.026280828857,21353.63063763609,22826.83298032195,22758.026280828857,22758.026280828857,-665.9328192718687,-665.9328192718687,-665.9328192718687,131.19089596880997,131.19089596880997,131.19089596880997,-797.1237152406786,-797.1237152406786,-797.1237152406786,0.0,0.0,0.0,22092.09346155699
2024-03-20,22761.97136942649,21391.689177797125,22802.833597462624,22761.97136942649,22761.97136942649,-666.152085084828,-666.152085084828,-666.152085084828,130.40851066564218,130.40851066564218,130.40851066564218,-796.5605957504702,-796.5605957504702,-796.5605957504702,0.0,0.0,0.0,22095.819284341662
2024-03-21,22765.916458024127,21327.013326522025,22801.53526111804,22765.916458024127,22765.916458024127,-662.0711895286651,-662.0711895286651,-662.0711895286651,132.16746761292734,132.16746761292734,132.16746761292734,-794.2386571415923,-794.2386571415923,-794.2386571415923,0.0,0.0,0.0,22103.84526849546
2024-03-22,22769.86154662176,21417.93747955946,22859.192863995246,22769.86154662176,22769.86154662176,-670.7492654116442,-670.7492654116442,-670.7492654116442,119.50192119356312,119.50192119356312,119.50192119356312,-790.2511866052073,-790.2511866052073,-790.2511866052073,0.0,0.0,0.0,22099.112281210117
2024-03-26,22785.641901012295,21438.846817542544,22867.96442108997,22785.641901012295,22785.641901012295,-628.5249357532523,-628.5249357532523,-628.5249357532523,131.19089596920116,131.19089596920116,131.19089596920116,-759.7158317224535,-759.7158317224535,-759.7158317224535,0.0,0.0,0.0,22157.116965259043
2024-03-27,22789.58698960993,21482.497317065998,22887.318699656393,22789.58698960993,22789.58698960993,-618.5739344443792,-618.5739344443792,-618.5739344443792,130.408510665823,130.408510665823,130.408510665823,-748.9824451102023,-748.9824451102023,-748.9824451102023,0.0,0.0,0.0,22171.01305516555
2024-03-28,22793.53207820756,21571.696273369438,22944.27556651493,22793.53207820756,22793.53207820756,-605.0656399512717,-605.0656399512717,-605.0656399512717,132.16746761259276,132.16746761259276,132.16746761259276,-737.2331075638645,-737.2331075638645,-737.2331075638645,0.0,0.0,0.0,22188.46643825629
2024-04-01,22809.312432598097,21512.929140963497,22951.963178229566,22809.312432598097,22809.312432598097,-554.1227534752339,-554.1227534752339,-554.1227534752339,128.19211995590715,128.19211995590715,128.19211995590715,-682.314873431141,-682.314873431141,-682.314873431141,0.0,0.0,0.0,22255.189679122865
2024-04-02,22813.25752119573,21555.857145414077,22986.436158132114,22813.25752119573,22813.25752119573,-535.969772021164,-535.969772021164,-535.969772021164,131.19089596891607,131.19089596891607,131.19089596891607,-667.16066799008,-667.16066799008,-667.16066799008,0.0,0.0,0.0,22277.287749174568
2024-04-03,22817.202609793363,21628.253447299634,23009.76966182687,22817.202609793363,22817.202609793363,-521.24939676661,-521.24939676661,-521.24939676661,130.40851066514443,130.40851066514443,130.40851066514443,-651.6579074317543,-651.6579074317543,-651.6579074317543,0.0,0.0,0.0,22295.953213026754
2024-04-04,22821.147698391,21579.58950886558,23078.78786593975,22821.147698391,22821.147698391,-503.7500257851509,-503.7500257851509,-503.7500257851509,132.1674676128833,132.1674676128833,132.1674676128833,-635.9174933980343,-635.9174933980343,-635.9174933980343,0.0,0.0,0.0,22317.39767260585
2024-04-05,22825.092786988633,21647.88876475774,23008.405777769505,22825.092786988633,22825.092786988633,-500.54898276377827,-500.54898276377827,-500.54898276377827,119.50192119466034,119.50192119466034,119.50192119466034,-620.0509039584387,-620.0509039584387,-620.0509039584387,0.0,0.0,0.0,22324.543804224853
2024-04-08,22836.92805278153,21616.32961685211,23104.695012933124,22836.92805278153,22836.92805278153,-444.62804987603494,-444.62804987603494,-444.62804987603494,128.19211995687016,128.19211995687016,128.19211995687016,-572.8201698329051,-572.8201698329051,-572.8201698329051,0.0,0.0,0.0,22392.300002905497
2024-04-09,22840.87314137917,21685.36350643843,23135.26959575014,22840.87314137917,22840.87314137917,-426.38723847868965,-426.38723847868965,-426.38723847868965,131.1908959686514,131.1908959686514,131.1908959686514,-557.578134447341,-557.578134447341,-557.578134447341,0.0,0.0,0.0,22414.48590290048
2024-04-10,22844.8182299768,21771.266362492235,23166.42162248021,22844.8182299768,22844.8182299768,-412.367948689904,-412.367948689904,-412.367948689904,130.4085106658627,130.4085106658627,130.4085106658627,-542.7764593557667,-542.7764593557667,-542.7764593557667,0.0,0.0,0.0,22432.450281286896
2024-04-12,22852.708407172067,21751.32712217428,23171.629760085867,22852.708407172067,22852.708407172067,-395.440123726003,-395.440123726003,-395.440123726003,119.50192119435673,119.50192119435673,119.50192119435673,-514.9420449203596,-514.9420449203596,-514.9420449203596,0.0,0.0,0.0,22457.268283446065
2024-04-15,22864.54367296497,21739.1334909945,23204.843269222067,22864.54367296497,22864.54367296497,-351.0114196475116,-351.0114196475116,-351.0114196475116,128.19211995654436,128.19211995654436,128.19211995654436,-479.20353960405595,-479.20353960405595,-479.20353960405595,0.0,0.0,0.0,22513.53225331746
2024-04-16,22868.488761562607,21813.222187160874,23262.712643249608,22868.488761562607,22868.488761562607,-338.0860164755775,-338.0860164755775,-338.0860164755775,131.19089596838668,131.19089596838668,131.19089596838668,-469.2769124439642,-469.2769124439642,-469.2769124439642,0.0,0.0,0.0,22530.40274508703
2024-04-18,22876.37893875787,21823.009683403874,23313.043180192075,22876.37893875787,22876.37893875787,-320.69807548522294,-320.69807548522294,-320.69807548522294,132.16746761315187,132.16746761315187,132.16746761315187,-452.8655430983748,-452.8655430983748,-452.8655430983748,0.0,0.0,0.0,22555.680863272646
2024-04-19,22880.324027355506,21776.351922417183,23264.614188486274,22880.324027355506,22880.324027355506,-326.9878955776144,-326.9878955776144,-326.9878955776144,119.50192119575762,119.50192119575762,119.50192119575762,-446.48981677337196,-446.48981677337196,-446.48981677337196,0.0,0.0,0.0,22553.33613177789
2024-04-22,22892.15929314841,21852.485986354135,23320.452344629033,22892.15929314841,22892.15929314841,-306.7918840655016,-306.7918840655016,-306.7918840655016,128.19211995621853,128.19211995621853,128.19211995621853,-434.9840040217202,-434.9840040217202,-434.9840040217202,0.0,0.0,0.0,22585.367409082908
2024-04-23,22896.10438174604,21829.890599749586,23340.68356705042,22896.10438174604,22896.10438174604,-302.4688311443115,-302.4688311443115,-302.4688311443115,131.19089596877788,131.19089596877788,131.19089596877788,-433.6597271130894,-433.6597271130894,-433.6597271130894,0.0,0.0,0.0,22593.635550601728
2024-04-24,22900.04947034367,21851.27988599604,23315.358677663553,22900.04947034367,22900.04947034367,-303.1143482664783,-303.1143482664783,-303.1143482664783,130.4085106656868,130.4085106656868,130.4085106656868,-433.52285893216515,-433.52285893216515,-433.52285893216515,0.0,0.0,0.0,22596.935122077193
2024-04-25,22903.994558941307,21873.351276788697,23293.04612712539,22903.994558941307,22903.994558941307,-302.3317148495416,-302.3317148495416,-302.3317148495416,132.16746761317182,132.16746761317182,132.16746761317182,-434.4991824627134,-434.4991824627134,-434.4991824627134,0.0,0.0,0.0,22601.662844091767
2024-04-26,22907.939647538944,21860.89296546484,23274.436427400808,22907.939647538944,22907.939647538944,-316.99026298488496,-316.99026298488496,-316.99026298488496,119.50192119542822,119.50192119542822,119.50192119542822,-436.49218418031313,-436.49218418031313,-436.49218418031313,0.0,0.0,0.0,22590.94938455406
2024-04-29,22919.774913331843,21876.42887122374,23314.712492265407,22919.774913331843,22919.774913331843,-319.0965389254437,-319.0965389254437,-319.0965389254437,128.1921199562348,128.1921199562348,128.1921199562348,-447.28865888167854,-447.28865888167854,-447.28865888167854,0.0,0.0,0.0,22600.678374406398
2024-04-30,22923.720001929476,21858.724845391454,23310.736524007127,22923.720001929476,22923.720001929476,-320.77967762158784,-320.77967762158784,-320.77967762158784,131.19089596914864,131.19089596914864,131.19089596914864,-451.9705735907365,-451.9705735907365,-451.9705735907365,0.0,0.0,0.0,22602.94032430789
2024-05-02,22931.610179124746,21871.658736736586,23311.119294885066,22931.610179124746,22931.610179124746,-329.6892575147846,-329.6892575147846,-329.6892575147846,132.16746761283724,132.16746761283724,132.16746761283724,-461.8567251276218,-461.8567251276218,-461.8567251276218,0.0,0.0,0.0,22601.920921609963
2024-05-03,22935.55526772238,21885.722419422156,23303.233718094183,22935.55526772238,22935.55526772238,-347.1546169952636,-347.1546169952636,-347.1546169952636,119.5019211951504,119.5019211951504,119.5019211951504,-466.656538190414,-466.656538190414,-466.656538190414,0.0,0.0,0.0,22588.400650727115
2024-05-06,22947.390533515278,21848.708046047508,23359.038201859647,22947.390533515278,22947.390533515278,-349.79746359194496,-349.79746359194496,-349.79746359194496,128.19211995590896,128.19211995590896,128.19211995590896,-477.98958354785395,-477.98958354785395,-477.98958354785395,0.0,0.0,0.0,22597.593069923332
2024-05-07,22951.335622112914,21937.078221142823,23359.373932581213,22951.335622112914,22951.335622112914,-348.8817528816838,-348.8817528816838,-348.8817528816838,131.1908959695399,131.1908959695399,131.1908959695399,-480.0726488512237,-480.0726488512237,-480.0726488512237,0.0,0.0,0.0,22602.45386923123
2024-05-08,22955.280710710547,21931.90446168426,23381.37434816812,22955.280710710547,22955.280710710547,-350.58935080677486,-350.58935080677486,-350.58935080677486,130.40851066604841,130.40851066604841,130.40851066604841,-480.9978614728233,-480.9978614728233,-480.9978614728233,0.0,0.0,0.0,22604.691359903773
2024-05-09,22959.22579930818,21876.045306525135,23344.561672320997,22959.22579930818,22959.22579930818,-348.43561050912746,-348.43561050912746,-348.43561050912746,132.1674676131278,132.1674676131278,132.1674676131278,-480.6030781222552,-480.6030781222552,-480.6030781222552,0.0,0.0,0.0,22610.790188799052
2024-05-10,22963.170887905817,21856.88775145373,23283.28305030535,22963.170887905817,22963.170887905817,-359.2457931716481,-359.2457931716481,-359.2457931716481,119.50192119482101,119.50192119482101,119.50192119482101,-478.7477143664691,-478.7477143664691,-478.7477143664691,0.0,0.0,0.0,22603.925094734168
2024-05-13,22975.006153698716,21954.513674386897,23384.59869357852,22975.006153698716,22975.006153698716,-335.2117907735398,-335.2117907735398,-335.2117907735398,128.19211995687198,128.19211995687198,128.19211995687198,-463.4039107304117,-463.4039107304117,-463.4039107304117,0.0,0.0,0.0,22639.794362925175
2024-05-14,22978.95124229635,21936.870514874285,23391.331376552356,22978.95124229635,22978.95124229635,-323.64946490427434,-323.64946490427434,-323.64946490427434,131.1908959686193,131.1908959686193,131.1908959686193,-454.84036087289365,-454.84036087289365,-454.84036087289365,0.0,0.0,0.0,22655.301777392073
2024-05-15,22982.896330893982,21966.862776733822,23358.12234564172,22982.896330893982,22982.896330893982,-314.12914954862504,-314.12914954862504,-314.12914954862504,130.40851066569178,130.40851066569178,130.40851066569178,-444.5376602143168,-444.5376602143168,-444.5376602143168,0.0,0.0,0.0,22668.767181345356
2024-05-16,22986.84141949162,21982.759388266175,23458.06553850257,22986.84141949162,22986.84141949162,-300.3692803776173,-300.3692803776173,-300.3692803776173,132.1674676125226,132.1674676125226,132.1674676125226,-432.5367479901399,-432.5367479901399,-432.5367479901399,0.0,0.0,0.0,22686.472139114
2024-05-17,22990.78650808925,21945.295843579443,23450.25911920773,22990.78650808925,22990.78650808925,-299.4095016016787,-299.4095016016787,-299.4095016016787,119.50192119449154,119.50192119449154,119.50192119449154,-418.9114227961702,-418.9114227961702,-418.9114227961702,0.0,0.0,0.0,22691.37700648757
2024-05-21,23006.566862479787,22063.54173147643,23517.581621547746,23006.566862479787,23006.566862479787,-219.51108919989812,-219.51108919989812,-219.51108919989812,131.19089596901046,131.19089596901046,131.19089596901046,-350.70198516890855,-350.70198516890855,-350.70198516890855,0.0,0.0,0.0,22787.055773279888
2024-05-22,23010.511951077424,22076.01639321992,23554.349919311357,23010.511951077424,23010.511951077424,-200.6755566372881,-200.6755566372881,-200.6755566372881,130.40851066555064,130.40851066555064,130.40851066555064,-331.0840673028388,-331.0840673028388,-331.0840673028388,0.0,0.0,0.0,22809.836394440135
2024-05-23,23014.457039675057,22117.48862692124,23514.988094023855,23014.457039675057,23014.457039675057,-178.68770273572602,-178.68770273572602,-178.68770273572602,132.1674676128131,132.1674676128131,132.1674676128131,-310.85517034853916,-310.85517034853916,-310.85517034853916,0.0,0.0,0.0,22835.76933693933
2024-05-24,23018.40212827269,22135.36531050995,23529.52590975423,23018.40212827269,23018.40212827269,-170.74397359429184,-170.74397359429184,-170.74397359429184,119.50192119421375,119.50192119421375,119.50192119421375,-290.2458947885056,-290.2458947885056,-290.2458947885056,0.0,0.0,0.0,22847.658154678396
2024-05-27,23030.23739406559,22157.89204632526,23673.070713019653,23030.23739406559,23030.23739406559,-100.29555223936018,-100.29555223936018,-100.29555223936018,128.19211995591803,128.19211995591803,128.19211995591803,-228.4876721952782,-228.4876721952782,-228.4876721952782,0.0,0.0,0.0,22929.94184182623
2024-05-28,23034.182482663226,22235.80734317645,23627.57130547711,23034.182482663226,23034.182482663226,-77.49616097320198,-77.49616097320198,-77.49616097320198,131.19089596940165,131.19089596940165,131.19089596940165,-208.68705694260365,-208.68705694260365,-208.68705694260365,0.0,0.0,0.0,22956.686321690024
2024-05-29,23038.12757126086,22221.961844685826,23719.76117174336,23038.12757126086,23038.12757126086,-59.22284281712684,-59.22284281712684,-59.22284281712684,130.40851066519397,130.40851066519397,130.40851066519397,-189.63135348232083,-189.63135348232083,-189.63135348232083,0.0,0.0,0.0,22978.904728443733
2024-05-30,23042.07265985849,22245.03201487606,23743.03954287075,23042.07265985849,23042.07265985849,-39.33688308631061,-39.33688308631061,-39.33688308631061,132.1674676127911,132.1674676127911,132.1674676127911,-171.50435069910174,-171.50435069910174,-171.50435069910174,0.0,0.0,0.0,23002.73577677218
2024-05-31,23046.017748456125,22292.452563866114,23728.80551760112,23046.017748456125,23046.017748456125,-34.96356531765815,-34.96356531765815,-34.96356531765815,119.5019211938843,119.5019211938843,119.5019211938843,-154.46548651154248,-154.46548651154248,-154.46548651154248,0.0,0.0,0.0,23011.054183138465
2024-06-03,23057.853014249027,22345.53029152496,23787.183413892602,23057.853014249027,23057.853014249027,17.155077750326413,17.155077750326413,17.155077750326413,128.19211995559223,128.19211995559223,128.19211995559223,-111.0370422052658,-111.0370422052658,-111.0370422052658,0.0,0.0,0.0,23075.008091999352
2024-06-04,23061.79810284666,22358.22664149194,23819.070560443986,23061.79810284666,23061.79810284666,31.842461791184796,31.842461791184796,31.842461791184796,131.19089596848107,131.19089596848107,131.19089596848107,-99.3484341772963,-99.3484341772963,-99.3484341772963,0.0,0.0,0.0,23093.640564637844
2024-06-05,23065.743191444293,22401.25289594555,23810.546621455924,23065.743191444293,23065.743191444293,41.32791089503127,41.32791089503127,41.32791089503127,130.40851066591225,130.40851066591225,130.40851066591225,-89.08059977088097,-89.08059977088097,-89.08059977088097,0.0,0.0,0.0,23107.071102339323
2024-06-06,23069.68828004193,22387.265905519955,23833.315238150728,23069.68828004193,23069.68828004193,51.96938937888386,51.96938937888386,51.96938937888386,132.1674676127691,132.1674676127691,132.1674676127691,-80.19807823388521,-80.19807823388521,-80.19807823388521,0.0,0.0,0.0,23121.657669420812
2024-06-07,23073.63336863956,22427.71016192846,23829.28866632297,23073.63336863956,23073.63336863956,46.86965210966157,46.86965210966157,46.86965210966157,119.50192119528519,119.50192119528519,119.50192119528519,-72.63226908562363,-72.63226908562363,-72.63226908562363,0.0,0.0,0.0,23120.50302074922
2024-06-10,23085.468634432462,22436.91405157875,23884.12142431135,23085.468634432462,23085.468634432462,71.49229367789465,71.49229367789465,71.49229367789465,128.19211995591078,128.19211995591078,128.19211995591078,-56.699826278016154,-56.699826278016154,-56.699826278016154,0.0,0.0,0.0,23156.960928110355
2024-06-11,23089.4137230301,22440.213490445087,23917.785609137845,23089.4137230301,23089.4137230301,78.05242531486343,78.05242531486343,78.05242531486343,131.19089596887227,131.19089596887227,131.19089596887227,-53.13847065400886,-53.13847065400886,-53.13847065400886,0.0,0.0,0.0,23167.466148344964
2024-06-12,23093.35881162773,22448.63444632127,23914.040533326297,23093.35881162773,23093.35881162773,80.25880684382085,80.25880684382085,80.25880684382085,130.40851066577116,130.40851066577116,130.40851066577116,-50.149703821950304,-50.149703821950304,-50.149703821950304,0.0,0.0,0.0,23173.61761847155
2024-06-13,23097.303900225364,22444.4642040633,23887.698750951728,23097.303900225364,23097.303900225364,84.63500377351933,84.63500377351933,84.63500377351933,132.16746761274706,132.16746761274706,132.16746761274706,-47.532463839227745,-47.532463839227745,-47.532463839227745,0.0,0.0,0.0,23181.938903998886
2024-06-14,23101.248988822997,22470.335278008482,23854.209543360717,23101.248988822997,23101.248988822997,74.42224885189584,74.42224885189584,74.42224885189584,119.50192119495578,119.50192119495578,119.50192119495578,-45.07967234305994,-45.07967234305994,-45.07967234305994,0.0,0.0,0.0,23175.671237674895
2024-06-18,23117.029343213537,22498.835884212884,23979.156810883014,23117.029343213537,23117.029343213537,98.3331726922199,98.3331726922199,98.3331726922199,131.19089596924306,131.19089596924306,131.19089596924306,-32.857723277023155,-32.857723277023155,-32.857723277023155,0.0,0.0,0.0,23215.362515905756
2024-06-19,23120.974431811166,22483.126437431758,23891.071827428757,23120.974431811166,23120.974431811166,102.12976570507327,102.12976570507327,102.12976570507327,130.4085106659519,130.4085106659519,130.4085106659519,-28.278744960878644,-28.278744960878644,-28.278744960878644,0.0,0.0,0.0,23223.10419751624
2024-06-20,23124.9195204088,22484.775860700778,23973.530949719865,23124.9195204088,23124.9195204088,109.38227968771034,109.38227968771034,109.38227968771034,132.16746761303762,132.16746761303762,132.16746761303762,-22.785187925327296,-22.785187925327296,-22.785187925327296,0.0,0.0,0.0,23234.30180009651
2024-06-21,23128.864609006432,22476.315456462846,23968.15134565965,23128.864609006432,23128.864609006432,103.23495186278198,103.23495186278198,103.23495186278198,119.50192119465217,119.50192119465217,119.50192119465217,-16.266969331870193,-16.266969331870193,-16.266969331870193,0.0,0.0,0.0,23232.099560869214
2024-06-24,23140.69987479934,22563.253488539132,23998.30994672662,23140.69987479934,23140.69987479934,138.28239113199712,138.28239113199712,138.28239113199712,128.19211995654797,128.19211995654797,128.19211995654797,10.090271175449145,10.090271175449145,10.090271175449145,0.0,0.0,0.0,23278.982265931336
2024-06-25,23144.64496339697,22588.289527857265,24060.58153106473,23144.64496339697,23144.64496339697,152.39450921475367,152.39450921475367,152.39450921475367,131.1908959696343,131.1908959696343,131.1908959696343,21.203613245119353,21.203613245119353,21.203613245119353,0.0,0.0,0.0,23297.039472611727
2024-06-26,23148.590051994604,22567.391288867842,24046.228124044057,23148.590051994604,23148.590051994604,163.83932141095667,163.83932141095667,163.83932141095667,130.40851066559526,130.40851066559526,130.40851066559526,33.43081074536142,33.43081074536142,33.43081074536142,0.0,0.0,0.0,23312.42937340556
2024-06-27,23152.535140592237,22609.603536899092,24021.76390905253,23152.535140592237,23152.535140592237,178.8631079874484,178.8631079874484,178.8631079874484,132.16746761270306,132.16746761270306,132.16746761270306,46.69564037474534,46.69564037474534,46.69564037474534,0.0,0.0,0.0,23331.398248579684
2024-06-28,23156.480229189874,22618.44035272196,24050.713735712357,23156.480229189874,23156.480229189874,180.39556017255833,180.39556017255833,180.39556017255833,119.50192119434854,119.50192119434854,119.50192119434854,60.89363897820979,60.89363897820979,60.89363897820979,0.0,0.0,0.0,23336.87578936243
2024-07-01,23168.315494982773,22674.830927907744,24087.910915749228,23168.315494982773,23168.315494982773,235.87348277825984,235.87348277825984,235.87348277825984,128.1921199562222,128.1921199562222,128.1921199562222,107.68136282203766,107.68136282203766,107.68136282203766,0.0,0.0,0.0,23404.188977761034
2024-07-02,23172.260583580406,22718.967487657083,24177.72740688058,23172.260583580406,23172.260583580406,255.30357339641338,255.30357339641338,255.30357339641338,131.1908959693696,131.1908959693696,131.1908959693696,124.1126774270438,124.1126774270438,124.1126774270438,0.0,0.0,0.0,23427.56415697682
2024-07-03,23176.20567217804,22798.48850962083,24145.163948664816,23176.20567217804,23176.20567217804,271.0569446411394,271.0569446411394,271.0569446411394,130.4085106652386,130.4085106652386,130.4085106652386,140.64843397590082,140.64843397590082,140.64843397590082,0.0,0.0,0.0,23447.26261681918
2024-07-04,23180.150760775676,22682.08818770241,24231.196587342278,23180.150760775676,23180.150760775676,289.2587072721345,289.2587072721345,289.2587072721345,132.16746761272296,132.16746761272296,132.16746761272296,157.09123965941157,157.09123965941157,157.09123965941157,0.0,0.0,0.0,23469.409468047812
2024-07-05,23184.09584937331,22777.383053541344,24217.280520791068,23184.09584937331,23184.09584937331,292.74605181828616,292.74605181828616,292.74605181828616,119.50192119404494,119.50192119404494,119.50192119404494,173.24413062424122,173.24413062424122,173.24413062424122,0.0,0.0,0.0,23476.841901191594
2024-07-08,23195.93111516621,22813.237125348798,24240.361690248985,23195.93111516621,23195.93111516621,346.29004499317557,346.29004499317557,346.29004499317557,128.19211995718518,128.19211995718518,128.19211995718518,218.0979250359904,218.0979250359904,218.0979250359904,0.0,0.0,0.0,23542.221160159388
2024-07-09,23199.876203763844,22826.352072439764,24285.72643811025,23199.876203763844,23199.876203763844,362.4814890417306,362.4814890417306,362.4814890417306,131.19089596908447,131.19089596908447,131.19089596908447,231.29059307264617,231.29059307264617,231.29059307264617,0.0,0.0,0.0,23562.357692805574
2024-07-10,23203.821292361477,22829.86216160764,24349.28575780457,23203.821292361477,23203.821292361477,373.7795455255544,373.7795455255544,373.7795455255544,130.4085106659568,130.4085106659568,130.4085106659568,243.3710348595976,243.3710348595976,243.3710348595976,0.0,0.0,0.0,23577.600837887032
2024-07-11,23207.76638095911,22842.62666703643,24330.1235274853,23207.76638095911,23207.76638095911,386.4007257278171,386.4007257278171,386.4007257278171,132.16746761270096,132.16746761270096,132.16746761270096,254.23325811511612,254.23325811511612,254.23325811511612,0.0,0.0,0.0,23594.167106686928
2024-07-12,23211.711469556743,22865.29643283376,24330.678224328953,23211.711469556743,23211.711469556743,383.2988501365552,383.2988501365552,383.2988501365552,119.50192119371552,119.50192119371552,119.50192119371552,263.79692894283966,263.79692894283966,263.79692894283966,0.0,0.0,0.0,23595.010319693298
2024-07-15,23223.546735349646,22954.57327297722,24378.898602946272,23223.546735349646,23223.546735349646,412.4938319754568,412.4938319754568,412.4938319754568,128.19211995591266,128.19211995591266,128.19211995591266,284.3017120195441,284.3017120195441,284.3017120195441,0.0,0.0,0.0,23636.040567325104
2024-07-16,23227.49182394728,22965.789231346516,24337.923316439992,23227.49182394728,23227.49182394728,419.6046239205678,419.6046239205678,419.6046239205678,131.1908959688198,131.1908959688198,131.1908959688198,288.413727951748,288.413727951748,288.413727951748,0.0,0.0,0.0,23647.096447867847
2024-07-18,23235.38200114255,22951.211060008347,24418.15328978268,23235.38200114255,23235.38200114255,425.0062381964345,425.0062381964345,425.0062381964345,132.16746761299157,132.16746761299157,132.16746761299157,292.83877058344297,292.83877058344297,292.83877058344297,0.0,0.0,0.0,23660.388239338983
2024-07-19,23239.327089740185,22946.63465182452,24403.61521975002,23239.327089740185,23239.327089740185,412.8307068555796,412.8307068555796,412.8307068555796,119.5019211934377,119.5019211934377,119.5019211934377,293.32878566214185,293.32878566214185,293.32878566214185,0.0,0.0,0.0,23652.157796595766
2024-07-22,23251.16235553308,22929.69688703118,24376.300517120915,23251.16235553308,23251.16235553308,417.54225913109343,417.54225913109343,417.54225913109343,128.19211995623124,128.19211995623124,128.19211995623124,289.3501391748623,289.3501391748623,289.3501391748623,0.0,0.0,0.0,23668.704614664173
2024-07-23,23255.107444130714,22908.544918376003,24371.233485865287,23255.107444130714,23255.107444130714,417.8734698907652,417.8734698907652,417.8734698907652,131.19089596921097,131.19089596921097,131.19089596921097,286.6825739215542,286.6825739215542,286.6825739215542,0.0,0.0,0.0,23672.98091402148
2024-07-24,23259.05253272835,22953.367565916888,24375.617865883978,23259.05253272835,23259.05253272835,414.00787776734495,414.00787776734495,414.00787776734495,130.408510665781,130.408510665781,130.408510665781,283.599367101564,283.599367101564,283.599367101564,0.0,0.0,0.0,23673.060410495695
2024-07-25,23262.997621325987,22893.761416235393,24383.477877567926,23262.997621325987,23262.997621325987,412.4239176600127,412.4239176600127,412.4239176600127,132.16746761328207,132.16746761328207,132.16746761328207,280.2564500467306,280.2564500467306,280.2564500467306,0.0,0.0,0.0,23675.421538986
2024-07-26,23266.94270992362,23009.578014424136,24417.701866870622,23266.94270992362,23266.94270992362,396.30872042205084,396.30872042205084,396.30872042205084,119.50192119481278,119.50192119481278,119.50192119481278,276.80679922723806,276.80679922723806,276.80679922723806,0.0,0.0,0.0,23663.25143034567
2024-07-29,23278.77797571652,22971.808583051956,24428.201692097027,23278.77797571652,23278.77797571652,395.4303210984426,395.4303210984426,395.4303210984426,128.19211995590544,128.19211995590544,128.19211995590544,267.23820114253715,267.23820114253715,267.23820114253715,0.0,0.0,0.0,23674.208296814963
2024-07-30,23282.723064314156,22961.501536158623,24432.283143416764,23282.723064314156,23282.723064314156,395.9188107863519,395.9188107863519,395.9188107863519,131.1908959689463,131.1908959689463,131.1908959689463,264.72791481740563,264.72791481740563,264.72791481740563,0.0,0.0,0.0,23678.641875100508
2024-07-31,23286.66815291179,22959.895897035403,24381.467420241675,23286.66815291179,23286.66815291179,393.1410912084351,393.1410912084351,393.1410912084351,130.40851066563988,130.40851066563988,130.40851066563988,262.73258054279523,262.73258054279523,262.73258054279523,0.0,0.0,0.0,23679.809244120224
2024-08-01,23290.61324150942,22964.095894097925,24389.67789118552,23290.61324150942,23290.61324150942,393.50148257913327,393.50148257913327,393.50148257913327,132.1674676129475,132.1674676129475,132.1674676129475,261.3340149661858,261.3340149661858,261.3340149661858,0.0,0.0,0.0,23684.114724088555
2024-08-02,23294.558330107055,22928.723181943922,24354.16597350965,23294.558330107055,23294.558330107055,380.0994248144719,380.0994248144719,380.0994248144719,119.50192119453493,119.50192119453493,119.50192119453493,260.597503619937,260.597503619937,260.597503619937,0.0,0.0,0.0,23674.657754921525
2024-08-05,23306.393595899957,22915.37534220356,24434.446363672723,23306.393595899957,23306.393595899957,390.96049970708447,390.96049970708447,390.96049970708447,128.19211995557964,128.19211995557964,128.19211995557964,262.7683797515048,262.7683797515048,262.7683797515048,0.0,0.0,0.0,23697.354095607043
2024-08-06,23310.33868449759,23013.655982168537,24480.212596712976,23310.33868449759,23310.33868449759,396.2027160335967,396.2027160335967,396.2027160335967,131.19089596933745,131.19089596933745,131.19089596933745,265.01182006425915,265.01182006425915,265.01182006425915,0.0,0.0,0.0,23706.541400531187
2024-08-07,23314.283773095223,22984.984370788443,24423.654052917725,23314.283773095223,23314.283773095223,398.41974361241,398.41974361241,398.41974361241,130.4085106658207,130.4085106658207,130.4085106658207,268.0112329465893,268.0112329465893,268.0112329465893,0.0,0.0,0.0,23712.703516707632
2024-08-08,23318.22886169286,22975.096414042247,24449.225435348962,23318.22886169286,23318.22886169286,403.9149377605212,403.9149377605212,403.9149377605212,132.16746761323805,132.16746761323805,132.16746761323805,271.74747014728314,271.74747014728314,271.74747014728314,0.0,0.0,0.0,23722.14379945338
2024-08-09,23322.173950290493,23044.795163638097,24435.123620107846,23322.173950290493,23322.173950290493,395.6948104067436,395.6948104067436,395.6948104067436,119.50192119420551,119.50192119420551,119.50192119420551,276.1928892125381,276.1928892125381,276.1928892125381,0.0,0.0,0.0,23717.868760697238
2024-08-12,23334.009216083392,22998.830177277832,24459.92658409312,23334.009216083392,23334.009216083392,421.61566540187226,421.61566540187226,421.61566540187226,128.19211995624028,128.19211995624028,128.19211995624028,293.42354544563193,293.42354544563193,293.42354544563193,0.0,0.0,0.0,23755.624881485262
2024-08-13,23337.954304681025,23070.44757357521,24570.487221538726,23337.954304681025,23337.954304681025,431.5217211844059,431.5217211844059,431.5217211844059,131.1908959684169,131.1908959684169,131.1908959684169,300.3308252159891,300.3308252159891,300.3308252159891,0.0,0.0,0.0,23769.47602586543
2024-08-14,23341.89939327866,23124.023852536146,24490.1773192022,23341.89939327866,23341.89939327866,438.16046315874706,438.16046315874706,438.16046315874706,130.408510665464,130.408510665464,130.408510665464,307.751952493283,307.751952493283,307.751952493283,0.0,0.0,0.0,23780.05985643741
2024-08-16,23349.789570473928,23107.61600729855,24519.681757587277,23349.789570473928,23349.789570473928,443.48821953777593,443.48821953777593,443.48821953777593,119.5019211956064,119.5019211956064,119.5019211956064,323.98629834216956,323.98629834216956,323.98629834216956,0.0,0.0,0.0,23793.277790011703
2024-08-19,23361.62483626683,23146.776249243267,24568.779684557052,23361.62483626683,23361.62483626683,479.5460171085264,479.5460171085264,479.5460171085264,128.19211995655888,128.19211995655888,128.19211995655888,351.35389715196754,351.35389715196754,351.35389715196754,0.0,0.0,0.0,23841.170853375355
2024-08-20,23365.569924864467,23133.3796109966,24565.94714866208,23365.569924864467,23365.569924864467,492.37557012691974,492.37557012691974,492.37557012691974,131.1908959688081,131.1908959688081,131.1908959688081,361.1846741581116,361.1846741581116,361.1846741581116,0.0,0.0,0.0,23857.945494991385
2024-08-21,23369.5150134621,23105.636891499114,24609.57332887334,23369.5150134621,23369.5150134621,501.74789868529393,501.74789868529393,501.74789868529393,130.4085106656448,130.4085106656448,130.4085106656448,371.3393880196491,371.3393880196491,371.3393880196491,0.0,0.0,0.0,23871.262912147395
2024-08-22,23373.46010205973,23209.618952075336,24644.473330823417,23373.46010205973,23373.46010205973,513.9703500311603,513.9703500311603,513.9703500311603,132.1674676129234,132.1674676129234,132.1674676129234,381.8028824182369,381.8028824182369,381.8028824182369,0.0,0.0,0.0,23887.430452090888
2024-08-23,23377.405190657362,23164.15115016418,24547.42451999482,23377.405190657362,23377.405190657362,512.0620732361039,512.0620732361039,512.0620732361039,119.5019211953028,119.5019211953028,119.5019211953028,392.5601520408011,392.5601520408011,392.5601520408011,0.0,0.0,0.0,23889.467263893464
2024-08-26,23389.24045645027,23202.93626848645,24688.708486106894,23389.24045645027,23389.24045645027,554.6052307272549,554.6052307272549,554.6052307272549,128.19211995623309,128.19211995623309,128.19211995623309,426.4131107710219,426.4131107710219,426.4131107710219,0.0,0.0,0.0,23943.845687177523
2024-08-27,23393.1855450479,23271.04096602659,24696.590644276985,23393.1855450479,23393.1855450479,569.3324769439495,569.3324769439495,569.3324769439495,131.19089596917888,131.19089596917888,131.19089596917888,438.1415809747706,438.1415809747706,438.1415809747706,0.0,0.0,0.0,23962.51802199185
2024-08-28,23397.130633645535,23287.325443882823,24719.802751086707,23397.130633645535,23397.130633645535,580.4421549599908,580.4421549599908,580.4421549599908,130.40851066528816,130.40851066528816,130.40851066528816,450.03364429470275,450.03364429470275,450.03364429470275,0.0,0.0,0.0,23977.572788605525
2024-08-29,23401.075722243168,23331.091876914543,24692.320031492145,23401.075722243168,23401.075722243168,594.2083157352242,594.2083157352242,594.2083157352242,132.1674676129014,132.1674676129014,132.1674676129014,462.0408481223228,462.0408481223228,462.0408481223228,0.0,0.0,0.0,23995.284037978392
2024-08-30,23405.0208108408,23278.878423798895,24696.975842984913,23405.0208108408,23405.0208108408,593.6060729954119,593.6060729954119,593.6060729954119,119.50192119499918,119.50192119499918,119.50192119499918,474.1041518004127,474.1041518004127,474.1041518004127,0.0,0.0,0.0,23998.626883836212
2024-09-02,23416.856076633703,23303.586543671277,24770.78499640323,23416.856076633703,23416.856076633703,638.059750465626,638.059750465626,638.059750465626,128.1921199559073,128.1921199559073,128.1921199559073,509.8676305097188,509.8676305097188,509.8676305097188,0.0,0.0,0.0,24054.91582709933
2024-09-03,23420.801165231336,23397.755396799916,24782.050891855648,23420.801165231336,23420.801165231336,652.5248256143528,652.5248256143528,652.5248256143528,131.19089596891422,131.19089596891422,131.19089596891422,521.3339296454386,521.3339296454386,521.3339296454386,0.0,0.0,0.0,24073.32599084569
2024-09-04,23424.74625382897,23359.344434845487,24862.142227647197,23424.74625382897,23424.74625382897,662.7974211943151,662.7974211943151,662.7974211943151,130.40851066600644,130.40851066600644,130.40851066600644,532.3889105283088,532.3889105283088,532.3889105283088,0.0,0.0,0.0,24087.543675023284
2024-09-05,23428.691342426606,23377.221015898194,24851.720764274676,23428.691342426606,23428.691342426606,675.0754729164844,675.0754729164844,675.0754729164844,132.16746761287934,132.16746761287934,132.16746761287934,542.908005303605,542.908005303605,542.908005303605,0.0,0.0,0.0,24103.76681534309
2024-09-06,23432.63643102424,23364.556347182785,24792.92241092765,23432.63643102424,23432.63643102424,672.2614424787796,672.2614424787796,672.2614424787796,119.50192119466979,119.50192119466979,119.50192119466979,552.7595212841097,552.7595212841097,552.7595212841097,0.0,0.0,0.0,24104.897873503018
2024-09-09,23444.47169681714,23458.684457929772,24885.559103985302,23444.47169681714,23444.47169681714,705.1265446866951,705.1265446866951,705.1265446866951,128.19211995622587,128.19211995622587,128.19211995622587,576.9344247304692,576.9344247304692,576.9344247304692,0.0,0.0,0.0,24149.598241503838
2024-09-10,23448.41678541477,23494.363122673058,24926.087516227642,23448.41678541477,23448.41678541477,713.932816974874,713.932816974874,713.932816974874,131.1908959686495,131.1908959686495,131.1908959686495,582.7419210062244,582.7419210062244,582.7419210062244,0.0,0.0,0.0,24162.349602389644
2024-09-11,23452.361874012407,23502.881599350123,24948.982225381817,23452.361874012407,23452.361874012407,717.6148125393197,717.6148125393197,717.6148125393197,130.40851066564974,130.40851066564974,130.40851066564974,587.20630187367,587.20630187367,587.20630187367,0.0,0.0,0.0,24169.976686551727
2024-09-12,23456.30696261004,23456.952641122014,24899.89493897595,23456.30696261004,23456.30696261004,722.3779073096433,722.3779073096433,722.3779073096433,132.1674676125867,132.1674676125867,132.1674676125867,590.2104396970566,590.2104396970566,590.2104396970566,0.0,0.0,0.0,24178.684869919685
2024-09-13,23460.252051207674,23433.29001734593,24917.05670286459,23460.252051207674,23460.252051207674,711.1527004416326,711.1527004416326,711.1527004416326,119.50192119434033,119.50192119434033,119.50192119434033,591.6507792472923,591.6507792472923,591.6507792472923,0.0,0.0,0.0,24171.404751649305
2024-09-16,23472.087317000576,23474.209558524875,24957.19768676689,23472.087317000576,23472.087317000576,714.0124834576626,714.0124834576626,714.0124834576626,128.19211995654445,128.19211995654445,128.19211995654445,585.8203635011181,585.8203635011181,585.8203635011181,0.0,0.0,0.0,24186.09980045824
2024-09-17,23476.03240559821,23465.667356972186,24920.197370481652,23476.03240559821,23476.03240559821,711.5350330920759,711.5350330920759,711.5350330920759,131.1908959690407,131.1908959690407,131.1908959690407,580.3441371230351,580.3441371230351,580.3441371230351,0.0,0.0,0.0,24187.567438690287
2024-09-18,23479.977494195842,23441.950614701793,24899.813204639224,23479.977494195842,23479.977494195842,703.4964349578886,703.4964349578886,703.4964349578886,130.40851066550863,130.40851066550863,130.40851066550863,573.0879242923799,573.0879242923799,573.0879242923799,0.0,0.0,0.0,24183.47392915373
2024-09-19,23483.922582793475,23439.25138945595,24900.139532276004,23483.922582793475,23483.922582793475,696.2504550220277,696.2504550220277,696.2504550220277,132.16746761287726,132.16746761287726,132.16746761287726,564.0829874091504,564.0829874091504,564.0829874091504,0.0,0.0,0.0,24180.173037815504
2024-09-20,23487.86767139111,23425.89352210322,24914.935995700256,23487.86767139111,23487.86767139111,672.8896436567435,672.8896436567435,672.8896436567435,119.5019211940367,119.5019211940367,119.5019211940367,553.3877224627067,553.3877224627067,553.3877224627067,0.0,0.0,0.0,24160.757315047857
2024-09-23,23499.70293718401,23390.833928118504,24851.68305176176,23499.70293718401,23499.70293718401,640.3333280167545,640.3333280167545,640.3333280167545,128.1921199559163,128.1921199559163,128.1921199559163,512.1412080608382,512.1412080608382,512.1412080608382,0.0,0.0,0.0,24140.036265200764
2024-09-24,23503.648025781647,23422.935659507417,24844.397112432936,23503.648025781647,23503.648025781647,626.9798475355642,626.9798475355642,626.9798475355642,131.19089596943192,131.19089596943192,131.19089596943192,495.78895156613225,495.78895156613225,495.78895156613225,0.0,0.0,0.0,24130.62787331721
2024-09-25,23507.59311437928,23365.02812148566,24826.529116279264,23507.59311437928,23507.59311437928,608.8224832658819,608.8224832658819,608.8224832658819,130.40851066568942,130.40851066568942,130.40851066568942,478.4139726001925,478.4139726001925,478.4139726001925,0.0,0.0,0.0,24116.415597645162
2024-09-26,23511.538202976917,23380.70627031348,24835.211366279113,23511.538202976917,23511.538202976917,592.3772820206043,592.3772820206043,592.3772820206043,132.16746761254268,132.16746761254268,132.16746761254268,460.2098144080616,460.2098144080616,460.2098144080616,0.0,0.0,0.0,24103.91548499752
2024-09-27,23515.48329157455,23350.815174754534,24786.165809755603,23515.48329157455,23515.48329157455,560.8843195284575,560.8843195284575,560.8843195284575,119.50192119373311,119.50192119373311,119.50192119373311,441.38239833472437,441.38239833472437,441.38239833472437,0.0,0.0,0.0,24076.367611103007
2024-09-30,23527.31855736745,23367.126087832716,24761.21524189866,23527.31855736745,23527.31855736745,511.5091349999731,511.5091349999731,511.5091349999731,128.19211995559047,128.19211995559047,128.19211995559047,383.31701504438263,383.31701504438263,383.31701504438263,0.0,0.0,0.0,24038.827692367424
2024-10-01,23531.263645965082,23345.597218275732,24754.194260657736,23531.263645965082,23531.263645965082,495.3449402871714,495.3449402871714,495.3449402871714,131.19089596916717,131.19089596916717,131.19089596916717,364.15404431800425,364.15404431800425,364.15404431800425,0.0,0.0,0.0,24026.608586252252
2024-10-03,23539.15382316035,23231.543595649215,24694.93383480777,23539.15382316035,23539.15382316035,459.5058017876783,459.5058017876783,459.5058017876783,132.16746761283326,132.16746761283326,132.16746761283326,327.33833417484504,327.33833417484504,327.33833417484504,0.0,0.0,0.0,23998.65962494803
2024-10-04,23543.098911757985,23240.368164261523,24668.21347157973,23543.098911757985,23543.098911757985,429.54609131437485,429.54609131437485,429.54609131437485,119.50192119513399,119.50192119513399,119.50192119513399,310.0441701192408,310.0441701192408,310.0441701192408,0.0,0.0,0.0,23972.64500307236
2024-10-07,23554.934177550887,23213.87063872651,24638.41272325788,23554.934177550887,23554.934177550887,392.5120956976989,392.5120956976989,392.5120956976989,128.19211995655348,128.19211995655348,128.19211995655348,264.3199757411454,264.3199757411454,264.3199757411454,0.0,0.0,0.0,23947.446273248584
2024-10-08,23558.87926614852,23173.30098508826,24634.559760574317,23558.87926614852,23558.87926614852,382.64523610355656,382.64523610355656,382.64523610355656,131.19089596890254,131.19089596890254,131.19089596890254,251.45434013465405,251.45434013465405,251.45434013465405,0.0,0.0,0.0,23941.524502252076
2024-10-09,23562.824354746153,23217.12648775236,24638.31994446421,23562.824354746153,23562.824354746153,370.2750731970104,370.2750731970104,370.2750731970104,130.40851066572915,130.40851066572915,130.40851066572915,239.86656253128126,239.86656253128126,239.86656253128126,0.0,0.0,0.0,23933.099427943165
2024-10-10,23566.769443343786,23175.56182469152,24640.773747698444,23566.769443343786,23566.769443343786,361.7337262555626,361.7337262555626,361.7337262555626,132.1674676128112,132.1674676128112,132.1674676128112,229.56625864275136,229.56625864275136,229.56625864275136,0.0,0.0,0.0,23928.50316959935
2024-10-11,23570.714531941423,23158.240576811408,24649.400874818344,23570.714531941423,23570.714531941423,340.035847178493,340.035847178493,340.035847178493,119.5019211948046,119.5019211948046,119.5019211948046,220.53392598368842,220.53392598368842,220.53392598368842,0.0,0.0,0.0,23910.750379119916
2024-10-14,23582.549797734322,23140.00605924869,24599.2563437361,23582.549797734322,23582.549797734322,328.63853049406856,328.63853049406856,328.63853049406856,128.19211995622766,128.19211995622766,128.19211995622766,200.44641053784088,200.44641053784088,200.44641053784088,0.0,0.0,0.0,23911.18832822839
2024-10-15,23586.494886331955,23233.20637092587,24645.5112015678,23586.494886331955,23586.494886331955,326.96173701778963,326.96173701778963,326.96173701778963,131.1908959692733,131.1908959692733,131.1908959692733,195.77084104851636,195.77084104851636,195.77084104851636,0.0,0.0,0.0,23913.456623349746
2024-10-16,23590.43997492959,23203.500442795288,24599.92740987055,23590.43997492959,23590.43997492959,322.3090945100808,322.3090945100808,322.3090945100808,130.40851066590992,130.40851066590992,130.40851066590992,191.90058384417088,191.90058384417088,191.90058384417088,0.0,0.0,0.0,23912.749069439673
2024-10-17,23594.385063527225,23292.955406581066,24638.595050280364,23594.385063527225,23594.385063527225,320.8605788530123,320.8605788530123,320.8605788530123,132.1674676131018,132.1674676131018,132.1674676131018,188.69311123991056,188.69311123991056,188.69311123991056,0.0,0.0,0.0,23915.245642380236
2024-10-18,23598.330152124858,23148.566769994526,24660.460640795234,23598.330152124858,23598.330152124858,305.5009841102951,305.5009841102951,305.5009841102951,119.50192119452677,119.50192119452677,119.50192119452677,185.99906291576835,185.99906291576835,185.99906291576835,0.0,0.0,0.0,23903.831136235152
2024-10-21,23610.165417917757,23208.66622149955,24587.232071724593,23610.165417917757,23610.165417917757,307.69295801585906,307.69295801585906,307.69295801585906,128.1921199565463,128.1921199565463,128.1921199565463,179.50083805931274,179.50083805931274,179.50083805931274,0.0,0.0,0.0,23917.858375933614
2024-10-22,23614.110506515393,23272.729915387074,24651.08031644857,23614.110506515393,23614.110506515393,308.58646769028064,308.58646769028064,308.58646769028064,131.19089596900864,131.19089596900864,131.19089596900864,177.39557172127206,177.39557172127206,177.39557172127206,0.0,0.0,0.0,23922.696974205675
2024-10-23,23618.05559511303,23190.430390428253,24687.65599458519,23618.05559511303,23618.05559511303,305.5268412980957,305.5268412980957,305.5268412980957,130.40851066555325,130.40851066555325,130.40851066555325,175.11833063254244,175.11833063254244,175.11833063254244,0.0,0.0,0.0,23923.582436411125
2024-10-24,23622.00068371066,23226.491706811346,24655.181559890596,23622.00068371066,23622.00068371066,304.7420282581732,304.7420282581732,304.7420282581732,132.16746761307976,132.16746761307976,132.16746761307976,172.5745606450934,172.5745606450934,172.5745606450934,0.0,0.0,0.0,23926.742711968833
2024-10-25,23625.945772308292,23223.27175889498,24638.89607268204,23625.945772308292,23625.945772308292,289.1940019997705,289.1940019997705,289.1940019997705,119.50192119419732,119.50192119419732,119.50192119419732,169.69208080557314,169.69208080557314,169.69208080557314,0.0,0.0,0.0,23915.139774308063
2024-10-28,23637.7810381012,23234.744823271452,24613.592202358817,23637.7810381012,23637.7810381012,286.8618123042639,286.8618123042639,286.8618123042639,128.19211995622047,128.19211995622047,128.19211995622047,158.6696923480434,158.6696923480434,158.6696923480434,0.0,0.0,0.0,23924.642850405464
2024-10-29,23641.72612669883,23187.76367209371,24624.939980429604,23641.72612669883,23641.72612669883,285.4142943988702,285.4142943988702,285.4142943988702,131.19089596874392,131.19089596874392,131.19089596874392,154.2233984301263,154.2233984301263,154.2233984301263,0.0,0.0,0.0,23927.1404210977
2024-10-30,23645.671215296465,23191.702645535657,24703.513490624184,23645.671215296465,23645.671215296465,279.8760267275515,279.8760267275515,279.8760267275515,130.40851066627152,130.40851066627152,130.40851066627152,149.46751606127998,149.46751606127998,149.46751606127998,0.0,0.0,0.0,23925.547242024015
2024-10-31,23649.616303894098,23188.17266034889,24611.473183643906,23649.616303894098,23649.616303894098,276.65311525435015,276.65311525435015,276.65311525435015,132.16746761278714,132.16746761278714,132.16746761278714,144.48564764156302,144.48564764156302,144.48564764156302,0.0,0.0,0.0,23926.269419148448
2024-11-01,23653.56139249173,23108.026106751942,24580.936095928017,23653.56139249173,23653.56139249173,258.88543053368755,258.88543053368755,258.88543053368755,119.50192119389372,119.50192119389372,119.50192119389372,139.38350933979387,139.38350933979387,139.38350933979387,0.0,0.0,0.0,23912.446823025417
2024-11-04,23665.396658284633,23173.238996395947,24671.611234853044,23665.396658284633,23665.396658284633,252.8669238996815,252.8669238996815,252.8669238996815,128.19211995653907,128.19211995653907,128.19211995653907,124.67480394314241,124.67480394314241,124.67480394314241,0.0,0.0,0.0,23918.263582184314
2024-11-05,23669.341746882266,23223.01341325801,24656.12420942835,23669.341746882266,23669.341746882266,251.66086446020566,251.66086446020566,251.66086446020566,131.1908959697706,131.1908959697706,131.1908959697706,120.46996849043508,120.46996849043508,120.46996849043508,0.0,0.0,0.0,23921.002611342472
2024-11-06,23673.2868354799,23259.766670535642,24665.044650174434,23673.2868354799,23673.2868354799,247.28555171807008,247.28555171807008,247.28555171807008,130.40851066591483,130.40851066591483,130.40851066591483,116.87704105215523,116.87704105215523,116.87704105215523,0.0,0.0,0.0,23920.572387197968
2024-11-07,23677.231924077536,23148.96533041667,24610.825803502114,23677.231924077536,23677.231924077536,246.21897282168652,246.21897282168652,246.21897282168652,132.16746761276508,132.16746761276508,132.16746761276508,114.05150520892143,114.05150520892143,114.05150520892143,0.0,0.0,0.0,23923.450896899223
2024-11-08,23681.17701267517,23161.58878735517,24638.715967767756,23681.17701267517,23681.17701267517,231.64227383269792,231.64227383269792,231.64227383269792,119.50192119529459,119.50192119529459,119.50192119529459,112.14035263740331,112.14035263740331,112.14035263740331,0.0,0.0,0.0,23912.819286507867
2024-11-11,23693.012278468068,23218.315321216323,24678.271517539768,23693.012278468068,23693.012278468068,241.32844433966832,241.32844433966832,241.32844433966832,128.1921199559109,128.1921199559109,128.1921199559109,113.13632438375744,113.13632438375744,113.13632438375744,0.0,0.0,0.0,23934.340722807738
2024-11-12,23696.957367065705,23204.900024858453,24669.765168207003,23696.957367065705,23696.957367065705,247.21148454203396,247.21148454203396,247.21148454203396,131.19089596885001,131.19089596885001,131.19089596885001,116.02058857318397,116.02058857318397,116.02058857318397,0.0,0.0,0.0,23944.168851607737
2024-11-13,23700.902455663338,23152.781906481894,24658.338477530302,23700.902455663338,23700.902455663338,250.67909834118277,250.67909834118277,250.67909834118277,130.4085106655582,130.4085106655582,130.4085106655582,120.27058767562458,120.27058767562458,120.27058767562458,0.0,0.0,0.0,23951.58155400452
2024-11-14,23704.84754426097,23273.557598333788,24646.84100117207,23704.84754426097,23704.84754426097,258.0630294581207,258.0630294581207,258.0630294581207,132.1674676130557,132.1674676130557,132.1674676130557,125.89556184506503,125.89556184506503,125.89556184506503,0.0,0.0,0.0,23962.91057371909
2024-11-18,23720.627898651506,23285.241326353786,24747.454048794494,23720.627898651506,23720.627898651506,289.4008609314426,289.4008609314426,289.4008609314426,128.19211995622953,128.19211995622953,128.19211995622953,161.2087409752131,161.2087409752131,161.2087409752131,0.0,0.0,0.0,24010.02875958295
2024-11-19,23724.57298724914,23354.03410586278,24792.492502922916,23724.57298724914,23724.57298724914,303.92246899967193,303.92246899967193,303.92246899967193,131.19089596924118,131.19089596924118,131.19089596924118,172.73157303043078,172.73157303043078,172.73157303043078,0.0,0.0,0.0,24028.495456248813
2024-11-21,23732.463164444405,23374.432782177162,24804.921040861886,23732.463164444405,23732.463164444405,330.0726198136803,330.0726198136803,330.0726198136803,132.16746761272105,132.16746761272105,132.16746761272105,197.90515220095924,197.90515220095924,197.90515220095924,0.0,0.0,0.0,24062.535784258085
2024-11-22,23736.408253042042,23342.725908403718,24798.436411363957,23736.408253042042,23736.408253042042,330.6522798443085,330.6522798443085,330.6522798443085,119.50192119468737,119.50192119468737,119.50192119468737,211.15035864962113,211.15035864962113,211.15035864962113,0.0,0.0,0.0,24067.06053288635
2024-11-25,23748.24351883494,23434.585096249095,24889.147613087902,23748.24351883494,23748.24351883494,379.012005394424,379.012005394424,379.012005394424,128.19211995654808,128.19211995654808,128.19211995654808,250.81988543787588,250.81988543787588,250.81988543787588,0.0,0.0,0.0,24127.255524229364
2024-11-26,23752.188607432574,23422.817575058543,24834.241713624913,23752.188607432574,23752.188607432574,394.43715226656445,394.43715226656445,394.43715226656445,131.19089596897658,131.19089596897658,131.19089596897658,263.24625629758793,263.24625629758793,263.24625629758793,0.0,0.0,0.0,24146.625759699138
2024-11-27,23756.13369603021,23470.849149802994,24843.10766115606,23756.13369603021,23756.13369603021,405.3068110196281,405.3068110196281,405.3068110196281,130.40851066506045,130.40851066506045,130.40851066506045,274.8983003545677,274.8983003545677,274.8983003545677,0.0,0.0,0.0,24161.44050704984
2024-11-28,23760.078784627844,23438.366300240337,24927.845211153883,23760.078784627844,23760.078784627844,417.7362866053832,417.7362866053832,417.7362866053832,132.16746761301167,132.16746761301167,132.16746761301167,285.5688189923716,285.5688189923716,285.5688189923716,0.0,0.0,0.0,24177.815071233228
2024-11-29,23764.02387322548,23436.93925087244,24902.994546704296,23764.02387322548,23764.02387322548,414.57195299022135,414.57195299022135,414.57195299022135,119.50192119438374,119.50192119438374,119.50192119438374,295.0700317958376,295.0700317958376,295.0700317958376,0.0,0.0,0.0,24178.5958262157
2024-12-02,23775.85913901838,23452.03451284621,24916.112425012445,23775.85913901838,23775.85913901838,443.2547083293992,443.2547083293992,443.2547083293992,128.19211995591996,128.19211995591996,128.19211995591996,315.0625883734793,315.0625883734793,315.0625883734793,0.0,0.0,0.0,24219.113847347777
2024-12-03,23779.804227616016,23474.555889331892,24973.31099373066,23779.804227616016,23779.804227616016,449.7340416236825,449.7340416236825,449.7340416236825,131.19089596871183,131.19089596871183,131.19089596871183,318.5431456549707,318.5431456549707,318.5431456549707,0.0,0.0,0.0,24229.5382692397
2024-12-04,23783.74931621365,23512.068845079895,24936.883412052874,23783.74931621365,23783.74931621365,450.7515259421122,450.7515259421122,450.7515259421122,130.40851066577866,130.40851066577866,130.40851066577866,320.3430152763335,320.3430152763335,320.3430152763335,0.0,0.0,0.0,24234.50084215576
2024-12-05,23787.694404811282,23518.097805123813,24962.481175410314,23787.694404811282,23787.694404811282,452.6296896261598,452.6296896261598,452.6296896261598,132.16746761240637,132.16746761240637,132.16746761240637,320.4622220137534,320.4622220137534,320.4622220137534,0.0,0.0,0.0,24240.32409443744
2024-12-06,23791.639493408915,23475.309731256377,24922.597518995997,23791.639493408915,23791.639493408915,438.4383690801654,438.4383690801654,438.4383690801654,119.5019211940543,119.5019211940543,119.5019211940543,318.93644788611107,318.93644788611107,318.93644788611107,0.0,0.0,0.0,24230.07786248908
2024-12-09,23803.474759201818,23494.45038477776,24960.362241528783,23803.474759201818,23803.474759201818,433.54242331617024,433.54242331617024,433.54242331617024,128.19211995559414,128.19211995559414,128.19211995559414,305.3503033605761,305.3503033605761,305.3503033605761,0.0,0.0,0.0,24237.017182517986
2024-12-10,23807.41984779945,23506.19202705772,24975.417061413358,23807.41984779945,23807.41984779945,429.4464481709012,429.4464481709012,429.4464481709012,131.1908959684471,131.1908959684471,131.1908959684471,298.25555220245417,298.25555220245417,298.25555220245417,0.0,0.0,0.0,24236.86629597035
2024-12-11,23811.364936397084,23488.815984565783,24913.143046981437,23811.364936397084,23811.364936397084,420.56702377955634,420.56702377955634,420.56702377955634,130.40851066542203,130.40851066542203,130.40851066542203,290.1585131141343,290.1585131141343,290.1585131141343,0.0,0.0,0.0,24231.93196017664
2024-12-12,23815.310024994717,23537.94933977767,24993.20308634378,23815.310024994717,23815.310024994717,413.4230738994257,413.4230738994257,413.4230738994257,132.16746761269695,132.16746761269695,132.16746761269695,281.2556062867287,281.2556062867287,281.2556062867287,0.0,0.0,0.0,24228.733098894143
2024-12-13,23819.255113592353,23534.35693690274,24915.94029006179,23819.255113592353,23819.255113592353,391.25666766376116,391.25666766376116,391.25666766376116,119.5019211954552,119.5019211954552,119.5019211954552,271.75474646830594,271.75474646830594,271.75474646830594,0.0,0.0,0.0,24210.511781256115
2024-12-16,23831.090379385252,23485.709889453352,24894.378997263088,23831.090379385252,23831.090379385252,369.99141901535364,369.99141901535364,369.99141901535364,128.19211995655718,128.19211995655718,128.19211995655718,241.79929905879655,241.79929905879655,241.79929905879655,0.0,0.0,0.0,24201.081798400606
2024-12-17,23835.035467982885,23511.566377181185,24956.201108804282,23835.035467982885,23835.035467982885,363.21174242182923,363.21174242182923,363.21174242182923,131.1908959688383,131.1908959688383,131.1908959688383,232.0208464529909,232.0208464529909,232.0208464529909,0.0,0.0,0.0,24198.247210404716
2024-12-18,23838.980556580518,23474.3631669785,24898.171112673423,23838.980556580518,23838.980556580518,353.07059107935146,353.07059107935146,353.07059107935146,130.40851066560282,130.40851066560282,130.40851066560282,222.66208041374867,222.66208041374867,222.66208041374867,0.0,0.0,0.0,24192.05114765987
2024-12-19,23842.925645178155,23429.054449988453,24864.89573828892,23842.925645178155,23842.925645178155,346.05245310298716,346.05245310298716,346.05245310298716,132.1674676129875,132.1674676129875,132.1674676129875,213.88498548999968,213.88498548999968,213.88498548999968,0.0,0.0,0.0,24188.978098281143
2024-12-20,23846.870733775788,23474.219392740688,24874.030099335214,23846.870733775788,23846.870733775788,325.32900854906603,325.32900854906603,325.32900854906603,119.5019211951258,119.5019211951258,119.5019211951258,205.82708735394024,205.82708735394024,205.82708735394024,0.0,0.0,0.0,24172.199742324854
2024-12-23,23858.70599956869,23448.93097033171,24929.707872951505,23858.70599956869,23858.70599956869,315.1046316129334,315.1046316129334,315.1046316129334,128.19211995623135,128.19211995623135,128.19211995623135,186.91251165670204,186.91251165670204,186.91251165670204,0.0,0.0,0.0,24173.810631181623
2024-12-24,23862.651088166323,23521.608975788575,24889.245275326022,23862.651088166323,23862.651088166323,313.7086463625124,313.7086463625124,313.7086463625124,131.19089596920907,131.19089596920907,131.19089596920907,182.51775039330332,182.51775039330332,182.51775039330332,0.0,0.0,0.0,24176.359734528836
2024-12-26,23870.541265361593,23486.720265827884,24919.987336669183,23870.541265361593,23870.541265361593,308.70174467871243,308.70174467871243,308.70174467871243,132.16746761265293,132.16746761265293,132.16746761265293,176.53427706605947,176.53427706605947,176.53427706605947,0.0,0.0,0.0,24179.243010040307
2024-12-27,23874.486353959222,23451.282879464834,24885.523526059238,23874.486353959222,23874.486353959222,294.31779024031874,294.31779024031874,294.31779024031874,119.50192119484798,119.50192119484798,119.50192119484798,174.81586904547075,174.81586904547075,174.81586904547075,0.0,0.0,0.0,24168.80414419954
2024-12-30,23886.321619752125,23497.196090533722,24871.977751052462,23886.321619752125,23886.321619752125,301.60283774538004,301.60283774538004,301.60283774538004,128.19211995590555,128.19211995590555,128.19211995590555,173.4107177894745,173.4107177894745,173.4107177894745,0.0,0.0,0.0,24187.924457497506
2024-12-31,23890.26670834976,23475.495454132426,24888.335122389115,23890.26670834976,23890.26670834976,304.88682217782485,304.88682217782485,304.88682217782485,131.19089596960035,131.19089596960035,131.19089596960035,173.69592620822453,173.69592620822453,173.69592620822453,0.0,0.0,0.0,24195.153530527587
2025-01-01,23894.211796947395,23520.871597807007,24926.66993764668,23894.211796947395,23894.211796947395,304.48317709831815,304.48317709831815,304.48317709831815,130.4085106659644,130.4085106659644,130.4085106659644,174.07466643235372,174.07466643235372,174.07466643235372,0.0,0.0,0.0,24198.694974045713
2025-01-02,23898.156885545028,23472.303694369497,24958.755865756502,23898.156885545028,23898.156885545028,306.5339688201221,306.5339688201221,306.5339688201221,132.16746761294354,132.16746761294354,132.16746761294354,174.36650120717857,174.36650120717857,174.36650120717857,0.0,0.0,0.0,24204.69085436515
2025-01-03,23902.10197414266,23453.01521097369,24881.868558205675,23902.10197414266,23902.10197414266,293.89330256512943,293.89330256512943,293.89330256512943,119.50192119451856,119.50192119451856,119.50192119451856,174.39138137061084,174.39138137061084,174.39138137061084,0.0,0.0,0.0,24195.99527670779
2025-01-06,23913.937239935563,23532.094877987132,24965.190768987057,23913.937239935563,23913.937239935563,299.3706194403529,299.3706194403529,299.3706194403529,128.19211995686857,128.19211995686857,128.19211995686857,171.17849948348442,171.17849948348442,171.17849948348442,0.0,0.0,0.0,24213.307859375916
2025-01-07,23917.882328533196,23514.227670492284,24909.68083725295,23917.882328533196,23917.882328533196,299.71260340869316,299.71260340869316,299.71260340869316,131.1908959686797,131.1908959686797,131.1908959686797,168.52170744001342,168.52170744001342,168.52170744001342,0.0,0.0,0.0,24217.59493194189
2025-01-08,23921.82741713083,23506.82863301935,24958.582235210593,23921.82741713083,23921.82741713083,295.2862501977456,295.2862501977456,295.2862501977456,130.40851066582334,130.40851066582334,130.40851066582334,164.87773953192226,164.87773953192226,164.87773953192226,0.0,0.0,0.0,24217.113667328576
2025-01-09,23925.772505728462,23488.584797772364,24971.59236877439,23925.772505728462,23925.772505728462,292.33513349593034,292.33513349593034,292.33513349593034,132.16746761265085,132.16746761265085,132.16746761265085,160.16766588327948,160.16766588327948,160.16766588327948,0.0,0.0,0.0,24218.107639224392
2025-01-10,23929.7175943261,23504.265616024575,24931.70196080146,23929.7175943261,23929.7175943261,273.8430073388706,273.8430073388706,273.8430073388706,119.50192119418912,119.50192119418912,119.50192119418912,154.34108614468153,154.34108614468153,154.34108614468153,0.0,0.0,0.0,24203.56060166497
2025-01-13,23941.552860118998,23547.1148347368,24922.08464702815,23941.552860118998,23941.552860118998,258.3012924917199,258.3012924917199,258.3012924917199,128.1921199565427,128.1921199565427,128.1921199565427,130.1091725351772,130.1091725351772,130.1091725351772,0.0,0.0,0.0,24199.85415261072
2025-01-14,23945.497948716635,23449.521127300344,24923.82282984391,23945.497948716635,23945.497948716635,251.10414898257042,251.10414898257042,251.10414898257042,131.1908959690709,131.1908959690709,131.1908959690709,119.91325301349953,119.91325301349953,119.91325301349953,0.0,0.0,0.0,24196.602097699204
2025-01-15,23949.443037314268,23456.658913861836,24919.660936634038,23949.443037314268,23949.443037314268,239.20325441557108,239.20325441557108,239.20325441557108,130.4085106660041,130.4085106660041,130.4085106660041,108.79474374956698,108.79474374956698,108.79474374956698,0.0,0.0,0.0,24188.646291729838
2025-01-16,23953.3881259119,23454.91487212436,24901.140765938333,23953.3881259119,23953.3881259119,229.04071305186747,229.04071305186747,229.04071305186747,132.16746761294144,132.16746761294144,132.16746761294144,96.87324543892602,96.87324543892602,96.87324543892602,0.0,0.0,0.0,24182.42883896377
2025-01-17,23957.333214509534,23471.17244840985,24928.866000366088,23957.333214509534,23957.333214509534,203.79074387608927,203.79074387608927,203.79074387608927,119.50192119391131,119.50192119391131,119.50192119391131,84.28882268217798,84.28882268217798,84.28882268217798,0.0,0.0,0.0,24161.123958385622
2025-01-20,23969.168480302436,23385.967385656022,24888.99076900771,23969.168480302436,23969.168480302436,172.36858296763364,172.36858296763364,172.36858296763364,128.19211995591456,128.19211995591456,128.19211995591456,44.176463011719065,44.176463011719065,44.176463011719065,0.0,0.0,0.0,24141.53706327007
2025-01-21,23973.11356890007,23421.928233940507,24843.650547394147,23973.11356890007,23973.11356890007,161.78886621947038,161.78886621947038,161.78886621947038,131.1908959694621,131.1908959694621,131.1908959694621,30.597970250008277,30.597970250008277,30.597970250008277,0.0,0.0,0.0,24134.90243511954
2025-01-22,23977.058657497702,23453.923149698563,24861.73957165236,23977.058657497702,23977.058657497702,147.61528399596122,147.61528399596122,147.61528399596122,130.4085106656474,130.4085106656474,130.4085106656474,17.20677333031381,17.20677333031381,17.20677333031381,0.0,0.0,0.0,24124.673941493664
2025-01-23,23981.003746095335,23397.807995446754,24879.087272552315,23981.003746095335,23981.003746095335,136.33534046310567,136.33534046310567,136.33534046310567,132.16746761291938,132.16746761291938,132.16746761291938,4.167872850186269,4.167872850186269,4.167872850186269,0.0,0.0,0.0,24117.33908655844
2025-01-24,23984.948834692972,23418.535021778152,24800.138643689545,23984.948834692972,23984.948834692972,111.13480550839844,111.13480550839844,111.13480550839844,119.50192119358191,119.50192119358191,119.50192119358191,-8.367115685183457,-8.367115685183457,-8.367115685183457,0.0,0.0,0.0,24096.08364020137
2025-01-27,23996.78410048587,23370.886294496384,24794.742626853906,23996.78410048587,23996.78410048587,86.46734559881939,86.46734559881939,86.46734559881939,128.1921199555888,128.1921199555888,128.1921199555888,-41.724774356769395,-41.724774356769395,-41.724774356769395,0.0,0.0,0.0,24083.25144608469
2025-01-28,24000.729189083504,23336.567899969174,24783.533386165855,24000.729189083504,24000.729189083504,80.04771700048158,80.04771700048158,80.04771700048158,131.19089596854153,131.19089596854153,131.19089596854153,-51.14317896805995,-51.14317896805995,-51.14317896805995,0.0,0.0,0.0,24080.776906083986
2025-01-29,24004.674277681137,23375.524507878858,24798.114465641793,24004.674277681137,24004.674277681137,70.7687940764225,70.7687940764225,70.7687940764225,130.4085106663657,130.4085106663657,130.4085106663657,-59.639716589943205,-59.639716589943205,-59.639716589943205,0.0,0.0,0.0,24075.44307175756
2025-01-30,24008.619366278777,23345.81479714075,24787.068101290995,24008.619366278777,24008.619366278777,64.949687992745,64.949687992745,64.949687992745,132.1674676128974,132.1674676128974,132.1674676128974,-67.2177796201524,-67.2177796201524,-67.2177796201524,0.0,0.0,0.0,24073.569054271524
2025-01-31,24012.56445487641,23349.525494047495,24810.412658226254,24012.56445487641,24012.56445487641,45.58943710551463,45.58943710551463,45.58943710551463,119.50192119498277,119.50192119498277,119.50192119498277,-73.91248408946815,-73.91248408946815,-73.91248408946815,0.0,0.0,0.0,24058.153891981925
2025-02-01,24016.509543474043,22754.387282404197,24189.88215305289,24016.509543474043,24016.509543474043,-536.8159309637663,-536.8159309637663,-536.8159309637663,-457.0257701098197,-457.0257701098197,-457.0257701098197,-79.79016085394659,-79.79016085394659,-79.79016085394659,0.0,0.0,0.0,23479.693612510277
2025-02-03,24024.39972066931,23333.690816506853,24785.093215940065,24024.39972066931,24024.39972066931,38.68519528562875,38.68519528562875,38.68519528562875,128.19211995590737,128.19211995590737,128.19211995590737,-89.5069246702786,-89.5069246702786,-89.5069246702786,0.0,0.0,0.0,24063.08491595494
2025-02-04,24028.344809266942,23376.23369097311,24785.980882925523,24028.344809266942,24028.344809266942,37.57226156304292,37.57226156304292,37.57226156304292,131.1908959695682,131.1908959695682,131.1908959695682,-93.61863440652529,-93.61863440652529,-93.61863440652529,0.0,0.0,0.0,24065.917070829986
2025-02-05,24032.28989786458,23360.152039371493,24832.283608170674,24032.28989786458,24032.28989786458,32.95641797437968,32.95641797437968,32.95641797437968,130.40851066568712,130.40851066568712,130.40851066568712,-97.45209269130746,-97.45209269130746,-97.45209269130746,0.0,0.0,0.0,24065.24631583896
2025-02-06,24036.234986462212,23392.798562064738,24836.513157974292,24036.234986462212,24036.234986462212,30.973110644045565,30.973110644045565,30.973110644045565,132.16746761287536,132.16746761287536,132.16746761287536,-101.19435696882978,-101.19435696882978,-101.19435696882978,0.0,0.0,0.0,24067.208097106257
2025-02-07,24040.180075059845,23354.576716384225,24762.62465744669,24040.180075059845,24040.180075059845,14.456942220784201,14.456942220784201,14.456942220784201,119.50192119465338,119.50192119465338,119.50192119465338,-105.04497897386916,-105.04497897386916,-105.04497897386916,0.0,0.0,0.0,24054.63701728063
2025-02-10,24052.015340852748,23280.663388289227,24814.478729739596,24052.015340852748,24052.015340852748,8.867453633379656,8.867453633379656,8.867453633379656,128.19211995622595,128.19211995622595,128.19211995622595,-119.3246663228463,-119.3246663228463,-119.3246663228463,0.0,0.0,0.0,24060.882794486126
2025-02-11,24055.96042945038,23264.81742015548,24753.911341023515,24055.96042945038,24055.96042945038,5.513476342475767,5.513476342475767,5.513476342475767,131.19089596864765,131.19089596864765,131.19089596864765,-125.67741962617187,-125.67741962617187,-125.67741962617187,0.0,0.0,0.0,24061.473905792856
2025-02-12,24059.905518048014,23322.338857683917,24782.405297860794,24059.905518048014,24059.905518048014,-2.737379886344383,-2.737379886344383,-2.737379886344383,130.4085106658679,130.4085106658679,130.4085106658679,-133.1458905522123,-133.1458905522123,-133.1458905522123,0.0,0.0,0.0,24057.16813816167
2025-02-13,24063.850606645647,23344.00791521784,24801.767032020198,24063.850606645647,24063.850606645647,-9.730442540221892,-9.730442540221892,-9.730442540221892,132.16746761316594,132.16746761316594,132.16746761316594,-141.89791015338784,-141.89791015338784,-141.89791015338784,0.0,0.0,0.0,24054.120164105425
2025-02-14,24067.79569524328,23274.41820648498,24779.859695440075,24067.79569524328,24067.79569524328,-32.57740587983768,-32.57740587983768,-32.57740587983768,119.50192119434975,119.50192119434975,119.50192119434975,-152.07932707418743,-152.07932707418743,-152.07932707418743,0.0,0.0,0.0,24035.21828936344
2025-02-17,24079.630961036182,23258.185513484532,24799.141960960187,24079.630961036182,24079.630961036182,-64.06268917664242,-64.06268917664242,-64.06268917664242,128.19211995654456,128.19211995654456,128.19211995654456,-192.25480913318697,-192.25480913318697,-192.25480913318697,0.0,0.0,0.0,24015.568271859538
2025-02-18,24083.576049633815,23286.448651498147,24689.298266509562,24083.576049633815,24083.576049633815,-77.86470976372416,-77.86470976372416,-77.86470976372416,131.19089596903885,131.19089596903885,131.19089596903885,-209.055605732763,-209.055605732763,-209.055605732763,0.0,0.0,0.0,24005.71133987009
2025-02-19,24087.521138231452,23250.23110529237,24659.11109909166,24087.521138231452,24087.521138231452,-97.16926871046883,-97.16926871046883,-97.16926871046883,130.40851066551124,130.40851066551124,130.40851066551124,-227.57777937598007,-227.57777937598007,-227.57777937598007,0.0,0.0,0.0,23990.351869520982
2025-02-20,24091.466226829085,23246.61516625552,24678.92249829663,24091.466226829085,24091.466226829085,-115.61320050458947,-115.61320050458947,-115.61320050458947,132.16746761283133,132.16746761283133,132.16746761283133,-247.7806681174208,-247.7806681174208,-247.7806681174208,0.0,0.0,0.0,23975.853026324494
2025-02-21,24095.411315426718,23199.73331806468,24671.566950553475,24095.411315426718,24095.411315426718,-150.08836031827974,-150.08836031827974,-150.08836031827974,119.5019211957764,119.5019211957764,119.5019211957764,-269.5902815140562,-269.5902815140562,-269.5902815140562,0.0,0.0,0.0,23945.322955108437
2025-02-24,24107.246581219617,23161.490643857895,24647.730293044136,24107.246581219617,24107.246581219617,-215.26134670216564,-215.26134670216564,-215.26134670216564,128.19211995621876,128.19211995621876,128.19211995621876,-343.4534666583844,-343.4534666583844,-343.4534666583844,0.0,0.0,0.0,23891.98523451745
2025-02-25,24111.191669817254,23124.386055848317,24606.620516046423,24111.191669817254,24111.191669817254,-239.15510317825377,-239.15510317825377,-239.15510317825377,131.19089596877416,131.19089596877416,131.19089596877416,-370.3459991470279,-370.3459991470279,-370.3459991470279,0.0,0.0,0.0,23872.036566639
2025-02-27,24119.081847012523,23070.065263297663,24558.5560284797,24119.081847012523,24119.081847012523,-294.16455282739565,-294.16455282739565,-294.16455282739565,132.16746761285125,132.16746761285125,132.16746761285125,-426.3320204402469,-426.3320204402469,-426.3320204402469,0.0,0.0,0.0,23824.91729418513
2025-02-28,24123.026935610153,23059.33992160587,24471.19330332632,24123.026935610153,24123.026935610153,-335.4653483028641,-335.4653483028641,-335.4653483028641,119.50192119547279,119.50192119547279,119.50192119547279,-454.96726949833686,-454.96726949833686,-454.96726949833686,0.0,0.0,0.0,23787.56158730729
2025-03-03,24134.86220140306,22950.404299420683,24464.179164616668,24134.86220140306,24134.86220140306,-412.3457719373842,-412.3457719373842,-412.3457719373842,128.19211995623502,128.19211995623502,128.19211995623502,-540.5378918936193,-540.5378918936193,-540.5378918936193,0.0,0.0,0.0,23722.516429465675
2025-03-04,24138.807290000692,23024.381336430517,24427.049046330398,24138.807290000692,24138.807290000692,-436.9504266633768,-436.9504266633768,-436.9504266633768,131.19089596914492,131.19089596914492,131.19089596914492,-568.1413226325217,-568.1413226325217,-568.1413226325217,0.0,0.0,0.0,23701.856863337314
2025-03-05,24142.752378598325,22941.899698754885,24321.38706039969,24142.752378598325,24142.752378598325,-464.4880950959339,-464.4880950959339,-464.4880950959339,130.40851066587283,130.40851066587283,130.40851066587283,-594.8966057618068,-594.8966057618068,-594.8966057618068,0.0,0.0,0.0,23678.26428350239
2025-03-06,24146.697467195958,22977.625716922284,24367.2505327305,24146.697467195958,24146.697467195958,-488.42106092804704,-488.42106092804704,-488.42106092804704,132.16746761282923,132.16746761282923,132.16746761282923,-620.5885285408763,-620.5885285408763,-620.5885285408763,0.0,0.0,0.0,23658.276406267913
2025-03-07,24150.642555793587,22926.0840020676,24332.104868960327,24150.642555793587,24150.642555793587,-525.5163106451379,-525.5163106451379,-525.5163106451379,119.50192119514338,119.50192119514338,119.50192119514338,-645.0182318402813,-645.0182318402813,-645.0182318402813,0.0,0.0,0.0,23625.12624514845
2025-03-10,24162.477821586494,22836.25684795093,24240.722669291186,24162.477821586494,24162.477821586494,-580.8506501916544,-580.8506501916544,-580.8506501916544,128.1921199559092,128.1921199559092,128.1921199559092,-709.0427701475636,-709.0427701475636,-709.0427701475636,0.0,0.0,0.0,23581.62717139484
2025-03-11,24166.422910184127,22849.282646876876,24248.690248649382,24166.422910184127,24166.422910184127,-595.652890601095,-595.652890601095,-595.652890601095,131.19089596888026,131.19089596888026,131.19089596888026,-726.8437865699752,-726.8437865699752,-726.8437865699752,0.0,0.0,0.0,23570.770019583033
2025-03-12,24170.36799878176,22774.30415010942,24239.077659895087,24170.36799878176,24170.36799878176,-612.2992082073972,-612.2992082073972,-612.2992082073972,130.4085106655162,130.4085106655162,130.4085106655162,-742.7077188729135,-742.7077188729135,-742.7077188729135,0.0,0.0,0.0,23558.06879057436
2025-03-13,24174.313087379393,22828.985472260287,24271.957370426884,24174.313087379393,24174.313087379393,-624.4032315491376,-624.4032315491376,-624.4032315491376,132.1674676131198,132.1674676131198,132.1674676131198,-756.5706991622575,-756.5706991622575,-756.5706991622575,0.0,0.0,0.0,23549.909855830254
2025-03-17,24190.093441769928,22786.157009360923,24227.330603725768,24190.093441769928,24190.093441769928,-663.348152057397,-663.348152057397,-663.348152057397,128.1921199568722,128.1921199568722,128.1921199568722,-791.5402720142691,-791.5402720142691,-791.5402720142691,0.0,0.0,0.0,23526.74528971253
2025-03-18,24194.03853036756,22782.315069027783,24267.411240637724,24194.03853036756,24194.03853036756,-664.035685531792,-664.035685531792,-664.035685531792,131.19089596927145,131.19089596927145,131.19089596927145,-795.2265815010634,-795.2265815010634,-795.2265815010634,0.0,0.0,0.0,23530.00284483577
2025-03-19,24197.983618965198,22817.47984105597,24272.602201561574,24197.983618965198,24197.983618965198,-666.5710460970196,-666.5710460970196,-666.5710460970196,130.408510665697,130.408510665697,130.408510665697,-796.9795567627166,-796.9795567627166,-796.9795567627166,0.0,0.0,0.0,23531.41257286818
2025-03-20,24201.92870756283,22803.138491224043,24257.16877722198,24201.92870756283,24201.92870756283,-664.7022634683718,-664.7022634683718,-664.7022634683718,132.1674676125146,132.1674676125146,132.1674676125146,-796.8697310808865,-796.8697310808865,-796.8697310808865,0.0,0.0,0.0,23537.22644409446
2025-03-21,24205.873796160464,22793.08024443339,24279.87841014844,24205.873796160464,24205.873796160464,-675.4771398403248,-675.4771398403248,-675.4771398403248,119.50192119451035,119.50192119451035,119.50192119451035,-794.9790610348351,-794.9790610348351,-794.9790610348351,0.0,0.0,0.0,23530.39665632014
2025-03-24,24217.709061953366,22845.14860957156,24269.252708892356,24217.709061953366,24217.709061953366,-651.3774182568184,-651.3774182568184,-651.3774182568184,128.19211995654638,128.19211995654638,128.19211995654638,-779.5695382133646,-779.5695382133646,-779.5695382133646,0.0,0.0,0.0,23566.331643696547
2025-03-25,24221.654150551,22875.58447278952,24330.2466305759,24221.654150551,24221.654150551,-640.3416904629149,-640.3416904629149,-640.3416904629149,131.19089596900676,131.19089596900676,131.19089596900676,-771.5325864319217,-771.5325864319217,-771.5325864319217,0.0,0.0,0.0,23581.312460088084
2025-03-26,24225.599239148632,22827.90835972671,24302.017572439065,24225.599239148632,24225.599239148632,-631.8187438370242,-631.8187438370242,-631.8187438370242,130.40851066555587,130.40851066555587,130.40851066555587,-762.2272545025801,-762.2272545025801,-762.2272545025801,0.0,0.0,0.0,23593.780495311607
2025-03-27,24229.544327746265,22879.494355232866,24322.51326617506,24229.544327746265,24229.544327746265,-619.5979628141569,-619.5979628141569,-619.5979628141569,132.16746761249257,132.16746761249257,132.16746761249257,-751.7654304266493,-751.7654304266493,-751.7654304266493,0.0,0.0,0.0,23609.946364932108
2025-03-28,24233.4894163439,22868.908495537897,24307.47078985398,24233.4894163439,24233.4894163439,-620.7576187830216,-620.7576187830216,-620.7576187830216,119.50192119423252,119.50192119423252,119.50192119423252,-740.2595399772542,-740.2595399772542,-740.2595399772542,0.0,0.0,0.0,23612.73179756088
2025-04-01,24249.269770734434,22997.393401302696,24457.59038260029,24249.269770734434,24249.269770734434,-554.8451050300445,-554.8451050300445,-554.8451050300445,131.1908959693979,131.1908959693979,131.1908959693979,-686.0360009994424,-686.0360009994424,-686.0360009994424,0.0,0.0,0.0,23694.42466570439
2025-04-02,24253.214859332067,22981.186900503177,24446.256523415603,24253.214859332067,24253.214859332067,-540.5777086540907,-540.5777086540907,-540.5777086540907,130.40851066573669,130.40851066573669,130.40851066573669,-670.9862193198273,-670.9862193198273,-670.9862193198273,0.0,0.0,0.0,23712.637150677976
2025-04-03,24257.159947929704,22987.47698055135,24438.403581417628,24257.159947929704,24257.159947929704,-523.392750133881,-523.392750133881,-523.392750133881,132.16746761247057,132.16746761247057,132.16746761247057,-655.5602177463517,-655.5602177463517,-655.5602177463517,0.0,0.0,0.0,23733.767197795823
2025-04-04,24261.10503652734,22999.43914360194,24394.737962335505,24261.10503652734,24261.10503652734,-520.3668711579406,-520.3668711579406,-520.3668711579406,119.50192119390312,119.50192119390312,119.50192119390312,-639.8687923518437,-639.8687923518437,-639.8687923518437,0.0,0.0,0.0,23740.7381653694
2025-04-07,24272.94030232024,23109.444033393094,24562.95707501383,24272.94030232024,24272.94030232024,-464.12665240942283,-464.12665240942283,-464.12665240942283,128.19211995623684,128.19211995623684,128.19211995623684,-592.3187723656597,-592.3187723656597,-592.3187723656597,0.0,0.0,0.0,23808.813649910815
2025-04-08,24276.88539091787,23094.953624067286,24575.996730310035,24276.88539091787,24276.88539091787,-445.49528088449046,-445.49528088449046,-445.49528088449046,131.19089596847732,131.19089596847732,131.19089596847732,-576.6861768529678,-576.6861768529678,-576.6861768529678,0.0,0.0,0.0,23831.39011003338
2025-04-09,24280.83047951551,23127.468044010307,24573.844872166726,24280.83047951551,24280.83047951551,-430.9432767778559,-430.9432767778559,-430.9432767778559,130.40851066538,130.40851066538,130.40851066538,-561.3517874432358,-561.3517874432358,-561.3517874432358,0.0,0.0,0.0,23849.887202737653
2025-04-11,24288.720656710775,23120.2153538605,24583.798540108222,24288.720656710775,24288.720656710775,-412.5300309071538,-412.5300309071538,-412.5300309071538,119.50192119530398,119.50192119530398,119.50192119530398,-532.0319521024577,-532.0319521024577,-532.0319521024577,0.0,0.0,0.0,23876.19062580362
2025-04-15,24304.50101110131,23238.85283399388,24675.213753635773,24304.50101110131,24304.50101110131,-350.6618157318848,-350.6618157318848,-350.6618157318848,131.19089596886855,131.19089596886855,131.19089596886855,-481.8527117007534,-481.8527117007534,-481.8527117007534,0.0,0.0,0.0,23953.839195369426
2025-04-16,24308.446099698944,23296.988862947215,24701.974593955118,24308.446099698944,24308.446099698944,-341.2471568174682,-341.2471568174682,-341.2471568174682,130.40851066577633,130.40851066577633,130.40851066577633,-471.65566748324454,-471.65566748324454,-471.65566748324454,0.0,0.0,0.0,23967.198942881474
2025-04-17,24312.391188296577,23265.81749115677,24661.55407374994,24312.391188296577,24312.391188296577,-330.40020059317925,-330.40020059317925,-330.40020059317925,132.1674676130517,132.1674676130517,132.1674676130517,-462.56766820623096,-462.56766820623096,-462.56766820623096,0.0,0.0,0.0,23981.990987703397
2025-04-21,24328.171542687112,23228.226823576835,24734.38551812224,24328.171542687112,24328.171542687112,-310.1938298500146,-310.1938298500146,-310.1938298500146,128.19211995622962,128.19211995622962,128.19211995622962,-438.3859498062442,-438.3859498062442,-438.3859498062442,0.0,0.0,0.0,24017.9777128371
2025-04-22,24332.116631284745,23345.777835422727,24794.716501386658,24332.116631284745,24332.116631284745,-304.31626962465924,-304.31626962465924,-304.31626962465924,131.1908959692393,131.1908959692393,131.1908959692393,-435.50716559389855,-435.50716559389855,-435.50716559389855,0.0,0.0,0.0,24027.800361660087
2025-04-23,24336.06171988238,23349.032616218217,24770.82160265695,24336.06171988238,24336.06171988238,-303.4685606854538,-303.4685606854538,-303.4685606854538,130.4085106654197,130.4085106654197,130.4085106654197,-433.87707135087345,-433.87707135087345,-433.87707135087345,0.0,0.0,0.0,24032.593159196924
2025-04-24,24340.006808480015,23357.265862610686,24781.2567563407,24340.006808480015,24340.006808480015,-301.28196381510054,-301.28196381510054,-301.28196381510054,132.16746761302966,132.16746761302966,132.16746761302966,-433.4494314281302,-433.4494314281302,-433.4494314281302,0.0,0.0,0.0,24038.724844664914
2025-04-25,24343.951897077648,23290.953348832194,24765.916493367135,24343.951897077648,24343.951897077648,-314.65371978648824,-314.65371978648824,-314.65371978648824,119.50192119469676,119.50192119469676,119.50192119469676,-434.155640981185,-434.155640981185,-434.155640981185,0.0,0.0,0.0,24029.29817729116
2025-04-28,24355.787162870547,23293.68705697471,24773.60093774664,24355.787162870547,24355.787162870547,-313.86713305648493,-313.86713305648493,-313.86713305648493,128.19211995590382,128.19211995590382,128.19211995590382,-442.05925301238875,-442.05925301238875,-442.05925301238875,0.0,0.0,0.0,24041.92002981406
2025-04-29,24359.732251468184,23373.812516813243,24763.333301933057,24359.732251468184,24359.732251468184,-314.98714089344486,-314.98714089344486,-314.98714089344486,131.19089596897464,131.19089596897464,131.19089596897464,-446.1780368624195,-446.1780368624195,-446.1780368624195,0.0,0.0,0.0,24044.74511057474
2025-04-30,24363.67734006582,23282.084832891825,24765.850428583126,24363.67734006582,24363.67734006582,-320.3615039552678,-320.3615039552678,-320.3615039552678,130.40851066613794,130.40851066613794,130.40851066613794,-450.7700146214058,-450.7700146214058,-450.7700146214058,0.0,0.0,0.0,24043.315836110552
2025-05-02,24371.567517261086,23280.688390127267,24746.631341077333,24371.567517261086,24371.567517261086,-341.1210848159033,-341.1210848159033,-341.1210848159033,119.50192119436734,119.50192119436734,119.50192119436734,-460.6230060102706,-460.6230060102706,-460.6230060102706,0.0,0.0,0.0,24030.446432445184
2025-05-05,24383.402783053985,23371.372658418743,24775.107589235697,24383.402783053985,24383.402783053985,-345.8408419976297,-345.8408419976297,-345.8408419976297,128.1921199562224,128.1921199562224,128.1921199562224,-474.0329619538521,-474.0329619538521,-474.0329619538521,0.0,0.0,0.0,24037.561941056356
2025-05-06,24387.347871651622,23241.987549654725,24805.379959136466,24387.347871651622,24387.347871651622,-346.11775658853804,-346.11775658853804,-346.11775658853804,131.19089596870995,131.19089596870995,131.19089596870995,-477.30865255724797,-477.30865255724797,-477.30865255724797,0.0,0.0,0.0,24041.230115063085
2025-05-07,24391.292960249255,23309.589084879335,24749.53814284555,24391.292960249255,24391.292960249255,-349.2451659901425,-349.2451659901425,-349.2451659901425,130.40851066578128,130.40851066578128,130.40851066578128,-479.6536766559238,-479.6536766559238,-479.6536766559238,0.0,0.0,0.0,24042.047794259113
2025-05-08,24395.238048846888,23301.81085199708,24734.29862860925,24395.238048846888,24395.238048846888,-348.7168470379746,-348.7168470379746,-348.7168470379746,132.167467612715,132.167467612715,132.167467612715,-480.88431465068965,-480.88431465068965,-480.88431465068965,0.0,0.0,0.0,24046.521201808915
2025-05-09,24399.18313744452,23285.91179685353,24792.757759441596,24399.18313744452,24399.18313744452,-361.3316926522223,-361.3316926522223,-361.3316926522223,119.50192119403793,119.50192119403793,119.50192119403793,-480.83361384626016,-480.83361384626016,-480.83361384626016,0.0,0.0,0.0,24037.851444792297
2025-05-12,24411.018403237424,23301.46941353998,24790.37582438026,24411.018403237424,24411.018403237424,-343.46211218553043,-343.46211218553043,-343.46211218553043,128.19211995654095,128.19211995654095,128.19211995654095,-471.6542321420714,-471.6542321420714,-471.6542321420714,0.0,0.0,0.0,24067.556291051893
2025-05-13,24414.963491835057,23343.867058349548,24736.172301381634,24414.963491835057,24414.963491835057,-334.08053688468283,-334.08053688468283,-334.08053688468283,131.19089596910115,131.19089596910115,131.19089596910115,-465.271432853784,-465.271432853784,-465.271432853784,0.0,0.0,0.0,24080.882954950375
2025-05-14,24418.90858043269,23387.491057424442,24822.083647862335,24418.90858043269,24418.90858043269,-326.7366503180243,-326.7366503180243,-326.7366503180243,130.4085106659621,130.4085106659621,130.4085106659621,-457.1451609839864,-457.1451609839864,-457.1451609839864,0.0,0.0,0.0,24092.171930114666
2025-05-15,24422.853669030323,23401.883340850854,24820.05416999541,24422.853669030323,24422.853669030323,-315.1072421815735,-315.1072421815735,-315.1072421815735,132.16746761300556,132.16746761300556,132.16746761300556,-447.27470979457905,-447.27470979457905,-447.27470979457905,0.0,0.0,0.0,24107.74642684875
2025-05-16,24426.798757627956,23422.979969957905,24817.839540913053,24426.798757627956,24426.798757627956,-316.1907789430001,-316.1907789430001,-316.1907789430001,119.5019211937343,119.5019211937343,119.5019211937343,-435.6927001367344,-435.6927001367344,-435.6927001367344,0.0,0.0,0.0,24110.607978684955
2025-05-19,24438.63402342086,23408.93940717566,24856.039494013894,24438.63402342086,24438.63402342086,-263.3001079069302,-263.3001079069302,-263.3001079069302,128.19211995591283,128.19211995591283,128.19211995591283,-391.49222786284304,-391.49222786284304,-391.49222786284304,0.0,0.0,0.0,24175.33391551393
2025-05-20,24442.579112018495,23477.988612339923,24936.555309381474,24442.579112018495,24442.579112018495,-242.84006512127905,-242.84006512127905,-242.84006512127905,131.19089596881608,131.19089596881608,131.19089596881608,-374.03096109009516,-374.03096109009516,-374.03096109009516,0.0,0.0,0.0,24199.739046897215
2025-05-21,24446.524200616128,23499.56408146718,24961.64103162622,24446.524200616128,24446.524200616128,-225.07637528278798,-225.07637528278798,-225.07637528278798,130.40851066560546,130.40851066560546,130.40851066560546,-355.4848859483934,-355.4848859483934,-355.4848859483934,0.0,0.0,0.0,24221.44782533334
2025-05-22,24450.46928921376,23543.827997483113,24947.49683443853,24450.46928921376,24450.46928921376,-203.88717836483772,-203.88717836483772,-203.88717836483772,132.16746761267095,132.16746761267095,132.16746761267095,-336.05464597750864,-336.05464597750864,-336.05464597750864,0.0,0.0,0.0,24246.58211084892
2025-05-23,24454.414377811394,23579.571901736923,24973.352550692576,24454.414377811394,24454.414377811394,-196.45527034633207,-196.45527034633207,-196.45527034633207,119.50192119343066,119.50192119343066,119.50192119343066,-315.95719153976273,-315.95719153976273,-315.95719153976273,0.0,0.0,0.0,24257.959107465063
2025-05-26,24466.249643604297,23608.821582532408,25068.362633414956,24466.249643604297,24466.249643604297,-125.78150936736016,-125.78150936736016,-125.78150936736016,128.19211995558706,128.19211995558706,128.19211995558706,-253.97362932294723,-253.97362932294723,-253.97362932294723,0.0,0.0,0.0,24340.468134236937
2025-05-27,24470.19473220193,23632.659258281317,25144.626298522715,24470.19473220193,24470.19473220193,-102.33979571430922,-102.33979571430922,-102.33979571430922,131.1908959692072,131.1908959692072,131.1908959692072,-233.5306916835164,-233.5306916835164,-233.5306916835164,0.0,0.0,0.0,24367.85493648762
2025-05-28,24474.139820799563,23687.16125002475,25072.95748031053,24474.139820799563,24474.139820799563,-83.16652203326872,-83.16652203326872,-83.16652203326872,130.40851066578622,130.40851066578622,130.40851066578622,-213.57503269905496,-213.57503269905496,-213.57503269905496,0.0,0.0,0.0,24390.973298766294
2025-05-29,24478.084909397196,23659.90640318908,25180.1283536856,24478.084909397196,24478.084909397196,-62.1475390531202,-62.1475390531202,-62.1475390531202,132.16746761296153,132.16746761296153,132.16746761296153,-194.31500666608173,-194.31500666608173,-194.31500666608173,0.0,0.0,0.0,24415.937370344076
2025-05-30,24482.02999799483,23722.403322883576,25116.67774925432,24482.02999799483,24482.02999799483,-56.437943469733895,-56.437943469733895,-56.437943469733895,119.50192119485735,119.50192119485735,119.50192119485735,-175.93986466459125,-175.93986466459125,-175.93986466459125,0.0,0.0,0.0,24425.592054525096
2025-06-02,24493.865263787735,23755.879424145187,25233.333102101577,24493.865263787735,24493.865263787735,0.5479744726666957,0.5479744726666957,0.5479744726666957,128.19211995655004,128.19211995655004,128.19211995655004,-127.64414548388335,-127.64414548388335,-127.64414548388335,0.0,0.0,0.0,24494.4132382604
2025-06-03,24497.810352385364,23802.887848616643,25243.640025196513,24497.810352385364,24497.810352385364,17.008812306020253,17.008812306020253,17.008812306020253,131.19089596828667,131.19089596828667,131.19089596828667,-114.18208366226642,-114.18208366226642,-114.18208366226642,0.0,0.0,0.0,24514.819164691384
2025-06-04,24501.755440982997,23804.020128563498,25215.73834729189,24501.755440982997,24501.755440982997,28.271758229796745,28.271758229796745,28.271758229796745,130.4085106656451,130.4085106656451,130.4085106656451,-102.13675243584835,-102.13675243584835,-102.13675243584835,0.0,0.0,0.0,24530.027199212793
2025-06-05,24505.70052958063,23851.270308910654,25246.309291219706,24505.70052958063,24505.70052958063,40.651746116451356,40.651746116451356,40.651746116451356,132.16746761293953,132.16746761293953,132.16746761293953,-91.5157214964882,-91.5157214964882,-91.5157214964882,0.0,0.0,0.0,24546.35227569708
2025-06-06,24509.645618178267,23823.632532399162,25241.732763360225,24509.645618178267,24509.645618178267,37.20988416666466,37.20988416666466,37.20988416666466,119.50192119452792,119.50192119452792,119.50192119452792,-82.29203702786327,-82.29203702786327,-82.29203702786327,0.0,0.0,0.0,24546.85550234493
2025-06-09,24521.48088397117,23851.702499004106,25333.123506797194,24521.48088397117,24521.48088397117,65.94766837529806,65.94766837529806,65.94766837529806,128.19211995622427,128.19211995622427,128.19211995622427,-62.24445158092619,-62.24445158092619,-62.24445158092619,0.0,0.0,0.0,24587.428552346468
2025-06-10,24525.425972568803,23899.07864508877,25362.610461799748,24525.425972568803,24525.425972568803,73.48869862541893,73.48869862541893,73.48869862541893,131.19089596867784,131.19089596867784,131.19089596867784,-57.702197343258916,-57.702197343258916,-57.702197343258916,0.0,0.0,0.0,24598.914671194223
2025-06-11,24529.371061166436,23872.888613003666,25347.800047920016,24529.371061166436,24529.371061166436,76.44102783444563,76.44102783444563,76.44102783444563,130.40851066582593,130.40851066582593,130.40851066582593,-53.96748283138028,-53.96748283138028,-53.96748283138028,0.0,0.0,0.0,24605.81208900088
2025-06-12,24533.316149764072,23872.526964498953,25288.579312301114,24533.316149764072,24533.316149764072,81.31340023969877,81.31340023969877,81.31340023969877,132.1674676132301,132.1674676132301,132.1674676132301,-50.85406737353132,-50.85406737353132,-50.85406737353132,0.0,0.0,0.0,24614.62955000377
2025-06-13,24537.261238361705,23886.1686982905,25341.28039723331,24537.261238361705,24537.261238361705,71.33870629203513,71.33870629203513,71.33870629203513,119.50192119422432,119.50192119422432,119.50192119422432,-48.16321490218921,-48.16321490218921,-48.16321490218921,0.0,0.0,0.0,24608.59994465374
2025-06-16,24549.096504154604,23923.321263724596,25407.462004298348,24549.096504154604,24549.096504154604,87.63158670161945,87.63158670161945,87.63158670161945,128.19211995624048,128.19211995624048,128.19211995624048,-40.560533254621035,-40.560533254621035,-40.560533254621035,0.0,0.0,0.0,24636.728090856224
2025-06-17,24553.04159275224,23944.8582855027,25349.52640336105,24553.04159275224,24553.04159275224,93.6853842959245,93.6853842959245,93.6853842959245,131.19089596906906,131.19089596906906,131.19089596906906,-37.505511673144575,-37.505511673144575,-37.505511673144575,0.0,0.0,0.0,24646.726977048165
2025-06-18,24556.986681349874,23922.285662813447,25307.208815820497,24556.986681349874,24556.986681349874,96.53348573488312,96.53348573488312,96.53348573488312,130.40851066546924,130.40851066546924,130.40851066546924,-33.87502493058613,-33.87502493058613,-33.87502493058613,0.0,0.0,0.0,24653.520167084756
2025-06-19,24560.931769947507,23868.372648476423,25368.47470517107,24560.931769947507,24560.931769947507,102.66314006350106,102.66314006350106,102.66314006350106,132.1674676132081,132.1674676132081,132.1674676132081,-29.504327549707018,-29.504327549707018,-29.504327549707018,0.0,0.0,0.0,24663.59491001101
2025-06-20,24564.87685854514,23928.977309838225,25379.579530725172,24564.87685854514,24564.87685854514,95.25110335363927,95.25110335363927,95.25110335363927,119.50192119559941,119.50192119559941,119.50192119559941,-24.25081784196015,-24.25081784196015,-24.25081784196015,0.0,0.0,0.0,24660.12796189878
2025-06-23,24576.712124338042,24013.52291066818,25447.62147182768,24576.712124338042,24576.712124338042,126.02395179427135,126.02395179427135,126.02395179427135,128.19211995591468,128.19211995591468,128.19211995591468,-2.1681681616433313,-2.1681681616433313,-2.1681681616433313,0.0,0.0,0.0,24702.736076132314
2025-06-24,24580.657212935675,23965.084965014838,25404.160634114753,24580.657212935675,24580.657212935675,138.68293691196763,138.68293691196763,138.68293691196763,131.19089596880434,131.19089596880434,131.19089596880434,7.492040943163315,7.492040943163315,7.492040943163315,0.0,0.0,0.0,24719.34014984764
2025-06-25,24584.60230153331,24037.664477957,25485.34868225239,24584.60230153331,24584.60230153331,148.72704065177885,148.72704065177885,148.72704065177885,130.40851066618748,130.40851066618748,130.40851066618748,18.318529985591365,18.318529985591365,18.318529985591365,0.0,0.0,0.0,24733.329342185087
2025-06-26,24588.54739013094,24061.695361301587,25539.550210283098,24588.54739013094,24588.54739013094,162.44072211495313,162.44072211495313,162.44072211495313,132.16746761291543,132.16746761291543,132.16746761291543,30.27325450203769,30.27325450203769,30.27325450203769,0.0,0.0,0.0,24750.988112245894
2025-06-27,24592.49247872858,24047.243563481654,25443.282202851973,24592.49247872858,24592.49247872858,162.78933038073322,162.78933038073322,162.78933038073322,119.50192119532159,119.50192119532159,119.50192119532159,43.28740918541165,43.28740918541165,43.28740918541165,0.0,0.0,0.0,24755.281809109314
2025-06-30,24604.327744521477,24123.031066123087,25531.60760244655,24604.327744521477,24604.327744521477,215.77443303714563,215.77443303714563,215.77443303714563,128.19211995623328,128.19211995623328,128.19211995623328,87.58231308091234,87.58231308091234,87.58231308091234,0.0,0.0,0.0,24820.102177558623
2025-07-01,24608.27283311911,24156.587291479056,25588.572293728575,24608.27283311911,24608.27283311911,234.80353194915637,234.80353194915637,234.80353194915637,131.19089596983102,131.19089596983102,131.19089596983102,103.61263597932533,103.61263597932533,103.61263597932533,0.0,0.0,0.0,24843.076365068267
2025-07-02,24612.217921716747,24134.29654453673,25566.28513647095,24612.217921716747,24612.217921716747,250.3959167031564,250.3959167031564,250.3959167031564,130.40851066583085,130.40851066583085,130.40851066583085,119.98740603732556,119.98740603732556,119.98740603732556,0.0,0.0,0.0,24862.613838419904
2025-07-03,24616.163010314383,24150.55154867722,25617.2962089744,24616.163010314383,24616.163010314383,268.68293631333626,268.68293631333626,268.68293631333626,132.16746761258082,132.16746761258082,132.16746761258082,136.5154687007554,136.5154687007554,136.5154687007554,0.0,0.0,0.0,24884.84594662772
2025-07-04,24620.108098912016,24121.384717885714,25631.112432716567,24620.108098912016,24620.108098912016,272.50199738659705,272.50199738659705,272.50199738659705,119.50192119499216,119.50192119499216,119.50192119499216,153.00007619160485,153.00007619160485,153.00007619160485,0.0,0.0,0.0,24892.610096298613
2025-07-07,24631.943364704915,24258.338413778212,25671.99542618187,24631.943364704915,24631.943364704915,328.43463803807055,328.43463803807055,328.43463803807055,128.19211995655186,128.19211995655186,128.19211995655186,200.24251808151868,200.24251808151868,200.24251808151868,0.0,0.0,0.0,24960.378002742986
2025-07-08,24635.888453302552,24264.694196486187,25738.810117882465,24635.888453302552,24635.888453302552,345.8315744416258,345.8315744416258,345.8315744416258,131.19089596891044,131.19089596891044,131.19089596891044,214.64067847271534,214.64067847271534,214.64067847271534,0.0,0.0,0.0,24981.720027744177
2025-07-09,24639.833541900185,24260.463172885757,25783.73929859209,24639.833541900185,24639.833541900185,358.5005301676057,358.5005301676057,358.5005301676057,130.40851066547415,130.40851066547415,130.40851066547415,228.0920195021315,228.0920195021315,228.0920195021315,0.0,0.0,0.0,24998.33407206779
2025-07-10,24643.778630497818,24305.241024964373,25774.47685479916,24643.778630497818,24643.778630497818,372.6288848770731,372.6288848770731,372.6288848770731,132.16746761287135,132.16746761287135,132.16746761287135,240.46141726420177,240.46141726420177,240.46141726420177,0.0,0.0,0.0,25016.407515374893
2025-07-11,24647.72371909545,24329.989064362904,25853.2443945375,24647.72371909545,24647.72371909545,371.13867843259317,371.13867843259317,371.13867843259317,119.50192119468855,119.50192119468855,119.50192119468855,251.63675723790465,251.63675723790465,251.63675723790465,0.0,0.0,0.0,25018.862397528042
2025-07-14,24659.558984888354,24353.14874474666,25742.93206456818,24659.558984888354,24659.558984888354,405.456053679824,405.456053679824,405.456053679824,128.19211995687047,128.19211995687047,128.19211995687047,277.2639337229536,277.2639337229536,277.2639337229536,0.0,0.0,0.0,25065.015038568177
2025-07-15,24663.504073485987,24332.917086309862,25803.868266370755,24663.504073485987,24663.504073485987,414.2557588212474,414.2557588212474,414.2557588212474,131.19089596930166,131.19089596930166,131.19089596930166,283.06486285194575,283.06486285194575,283.06486285194575,0.0,0.0,0.0,25077.759832307234
2025-07-16,24667.44916208362,24378.118471994178,25841.25440035231,24667.44916208362,24667.44916208362,417.9179331056189,417.9179331056189,417.9179331056189,130.40851066565497,130.40851066565497,130.40851066565497,287.50942243996394,287.50942243996394,287.50942243996394,0.0,0.0,0.0,25085.367095189238
2025-07-17,24671.394250681253,24353.93395109644,25817.425515386873,24671.394250681253,24671.394250681253,422.81324537232996,422.81324537232996,422.81324537232996,132.16746761257875,132.16746761257875,132.16746761257875,290.6457777597513,290.6457777597513,290.6457777597513,0.0,0.0,0.0,25094.207496053583
2025-07-18,24675.339339278886,24346.505446684645,25832.195008502204,24675.339339278886,24675.339339278886,412.04812163730435,412.04812163730435,412.04812163730435,119.50192119438495,119.50192119438495,119.50192119438495,292.54620044291937,292.54620044291937,292.54620044291937,0.0,0.0,0.0,25087.38746091619
2025-07-21,24687.17460507179,24363.355743326825,25837.05157730853,24687.17460507179,24687.17460507179,420.05575613470063,420.05575613470063,420.05575613470063,128.19211995654467,128.19211995654467,128.19211995654467,291.86363617815584,291.86363617815584,291.86363617815584,0.0,0.0,0.0,25107.23036120649
2025-07-22,24691.11969366942,24439.982351927516,25802.13195510921,24691.11969366942,24691.11969366942,421.1247049989757,421.1247049989757,421.1247049989757,131.19089596903697,131.19089596903697,131.19089596903697,289.9338090299387,289.9338090299387,289.9338090299387,0.0,0.0,0.0,25112.244398668397
2025-07-23,24695.064782267058,24362.400305840525,25846.626672593564,24695.064782267058,24695.064782267058,417.8030498940152,417.8030498940152,417.8030498940152,130.40851066497638,130.40851066497638,130.40851066497638,287.3945392290388,287.3945392290388,287.3945392290388,0.0,0.0,0.0,25112.86783216107
2025-07-24,24699.00987086469,24425.9076634848,25874.75940113519,24699.00987086469,24699.00987086469,416.56805058057193,416.56805058057193,416.56805058057193,132.1674676128693,132.1674676128693,132.1674676128693,284.40058296770263,284.40058296770263,284.40058296770263,0.0,0.0,0.0,25115.577921445263
2025-07-25,24702.954959462324,24381.308718764383,25854.799131674117,24702.954959462324,24702.954959462324,400.61000086766904,400.61000086766904,400.61000086766904,119.50192119408132,119.50192119408132,119.50192119408132,281.1080796735877,281.1080796735877,281.1080796735877,0.0,0.0,0.0,25103.564960329993
2025-07-28,24714.790225255227,24419.853094890983,25888.997661545098,24714.790225255227,24714.790225255227,399.1418219380616,399.1418219380616,399.1418219380616,128.19211995591652,128.19211995591652,128.19211995591652,270.9497019821451,270.9497019821451,270.9497019821451,0.0,0.0,0.0,25113.932047193288
2025-07-29,24718.735313852863,24411.26935498348,25804.446782295858,24718.735313852863,24718.735313852863,399.12600363551906,399.12600363551906,399.12600363551906,131.1908959687723,131.1908959687723,131.1908959687723,267.9351076667468,267.9351076667468,267.9351076667468,0.0,0.0,0.0,25117.861317488383
2025-07-30,24722.680402450493,24381.364259237995,25845.032062855684,24722.680402450493,24722.680402450493,395.7192744411512,395.7192744411512,395.7192744411512,130.40851066623213,130.40851066623213,130.40851066623213,265.3107637749191,265.3107637749191,265.3107637749191,0.0,0.0,0.0,25118.399676891644
2025-07-31,24726.625491048126,24443.09200163995,25860.903543695767,24726.625491048126,24726.625491048126,395.3458501847589,395.3458501847589,395.3458501847589,132.1674676125347,132.1674676125347,132.1674676125347,263.1783825722242,263.1783825722242,263.1783825722242,0.0,0.0,0.0,25121.971341232886
2025-08-01,24730.57057964576,24422.073763458735,25838.484581980625,24730.57057964576,24730.57057964576,381.1257759178612,381.1257759178612,381.1257759178612,119.50192119375187,119.50192119375187,119.50192119375187,261.62385472410926,261.62385472410926,261.62385472410926,0.0,0.0,0.0,25111.69635556362
2025-08-04,24742.405845438665,24371.20909956127,25886.228921517297,24742.405845438665,24742.405845438665,389.23134755708696,389.23134755708696,389.23134755708696,128.1921199555907,128.1921199555907,128.1921199555907,261.0392276014963,261.0392276014963,261.0392276014963,0.0,0.0,0.0,25131.637192995753
2025-08-05,24746.350934036298,24465.33871212535,25813.854989068794,24746.350934036298,24746.350934036298,393.517809600894,393.517809600894,393.517809600894,131.19089596850756,131.19089596850756,131.19089596850756,262.3269136323865,262.3269136323865,262.3269136323865,0.0,0.0,0.0,25139.86874363719
2025-08-06,24750.296022633927,24434.91739890509,25822.714403172682,24750.296022633927,24750.296022633927,394.7880657397838,394.7880657397838,394.7880657397838,130.40851066587544,130.40851066587544,130.40851066587544,264.37955507390836,264.37955507390836,264.37955507390836,0.0,0.0,0.0,25145.08408837371
2025-08-07,24754.241111231564,24429.324475868932,25873.47473868527,24754.241111231564,24754.241111231564,399.35886125756065,399.35886125756065,399.35886125756065,132.16746761282525,132.16746761282525,132.16746761282525,267.19139364473546,267.19139364473546,267.19139364473546,0.0,0.0,0.0,25153.599972489126
2025-08-08,24758.186199829197,24456.47702471472,25850.060054904774,24758.186199829197,24758.186199829197,390.2476405434189,390.2476405434189,390.2476405434189,119.50192119515276,119.50192119515276,119.50192119515276,270.74571934826616,270.74571934826616,270.74571934826616,0.0,0.0,0.0,25148.433840372614
2025-08-11,24770.0214656221,24438.98261151558,25896.44188228543,24770.0214656221,24770.0214656221,413.7659393057504,413.7659393057504,413.7659393057504,128.1921199565537,128.1921199565537,128.1921199565537,285.57381934919664,285.57381934919664,285.57381934919664,0.0,0.0,0.0,25183.78740492785
2025-08-12,24773.966554219733,24489.03974087325,25886.647123873212,24773.966554219733,24773.966554219733,422.97262019429706,422.97262019429706,422.97262019429706,131.1908959688988,131.1908959688988,131.1908959688988,291.7817242253982,291.7817242253982,291.7817242253982,0.0,0.0,0.0,25196.93917441403
2025-08-13,24777.911642817366,24510.71304052132,25973.760289113037,24777.911642817366,24777.911642817366,428.9627919599996,428.9627919599996,428.9627919599996,130.40851066573433,130.40851066573433,130.40851066573433,298.55428129426525,298.55428129426525,298.55428129426525,0.0,0.0,0.0,25206.874434777365
2025-08-14,24781.856731415,24540.147383082276,26024.63891876585,24781.856731415,24781.856731415,438.0181027049569,438.0181027049569,438.0181027049569,132.16746761311586,132.16746761311586,132.16746761311586,305.850635091841,305.850635091841,305.850635091841,0.0,0.0,0.0,25219.874834119957
2025-08-18,24797.637085805534,24615.162505761684,25964.866273373307,24797.637085805534,24797.637085805534,467.7387517089118,467.7387517089118,467.7387517089118,128.1921199562279,128.1921199562279,128.1921199562279,339.54663175268394,339.54663175268394,339.54663175268394,0.0,0.0,0.0,25265.375837514446
2025-08-19,24801.582174403167,24570.863036568022,25981.34670826551,24801.582174403167,24801.582174403167,480.1396189111575,480.1396189111575,480.1396189111575,131.19089596926952,131.19089596926952,131.19089596926952,348.948722941888,348.948722941888,348.948722941888,0.0,0.0,0.0,25281.721793314326
2025-08-20,24805.527263000804,24550.34238347633,25978.366117061534,24805.527263000804,24805.527263000804,489.10450542032726,489.10450542032726,489.10450542032726,130.40851066537766,130.40851066537766,130.40851066537766,358.6959947549496,358.6959947549496,358.6959947549496,0.0,0.0,0.0,25294.63176842113
2025-08-21,24809.472351598437,24580.197785453503,26064.546235650876,24809.472351598437,24809.472351598437,500.9386509380631,500.9386509380631,500.9386509380631,132.16746761278122,132.16746761278122,132.16746761278122,368.7711833252819,368.7711833252819,368.7711833252819,0.0,0.0,0.0,25310.4110025365
2025-08-22,24813.41744019607,24593.84752182512,26010.91317788618,24813.41744019607,24813.41744019607,498.66079079075166,498.66079079075166,498.66079079075166,119.50192119454555,119.50192119454555,119.50192119454555,379.15886959620616,379.15886959620616,379.15886959620616,0.0,0.0,0.0,25312.078230986823
2025-08-25,24825.252705988973,24635.007671955555,26055.333300250313,24825.252705988973,24825.252705988973,540.2332856463826,540.2332856463826,540.2332856463826,128.1921199559021,128.1921199559021,128.1921199559021,412.04116569048045,412.04116569048045,412.04116569048045,0.0,0.0,0.0,25365.485991635356
2025-08-26,24829.197794586606,24677.624470254843,26096.66129904194,24829.197794586606,24829.197794586606,554.7022078750019,554.7022078750019,554.7022078750019,131.19089596900486,131.19089596900486,131.19089596900486,423.511311905997,423.511311905997,423.511311905997,0.0,0.0,0.0,25383.900002461607
2025-08-28,24837.08797178187,24694.367371500197,26109.235982282553,24837.08797178187,24837.08797178187,579.215235539926,579.215235539926,579.215235539926,132.1674676130718,132.1674676130718,132.1674676130718,447.04776792685425,447.04776792685425,447.04776792685425,0.0,0.0,0.0,25416.3032073218
2025-08-29,24841.03306037951,24709.37548891219,26141.263015911474,24841.03306037951,24841.03306037951,578.5332131155579,578.5332131155579,578.5332131155579,119.50192119421614,119.50192119421614,119.50192119421614,459.0312919213418,459.0312919213418,459.0312919213418,0.0,0.0,0.0,25419.566273495067
2025-08-30,24844.97814897714,24156.853256292907,25585.95005198023,24844.97814897714,24844.97814897714,14.060947614585965,14.060947614585965,14.060947614585965,-457.0257701102517,-457.0257701102517,-457.0257701102517,471.0867177248377,471.0867177248377,471.0867177248377,0.0,0.0,0.0,24859.03909659173
2025-08-31,24848.923237574774,24443.590308036273,25855.82405931173,24848.923237574774,24848.923237574774,298.7113821174496,298.7113821174496,298.7113821174496,-184.435145288194,-184.435145288194,-184.435145288194,483.1465274056436,483.1465274056436,483.1465274056436,0.0,0.0,0.0,25147.634619692224
2025-09-01,24852.868326172407,24769.582968192964,26178.511465507778,24852.868326172407,24852.868326172407,623.3236064689831,623.3236064689831,623.3236064689831,128.1921199568651,128.1921199568651,128.1921199568651,495.1314865121181,495.1314865121181,495.1314865121181,0.0,0.0,0.0,25476.19193264139
2025-09-02,24856.81341477004,24739.381448101092,26245.943669600612,24856.81341477004,24856.81341477004,638.1414494565224,638.1414494565224,638.1414494565224,131.1908959680843,131.1908959680843,131.1908959680843,506.95055348843806,506.95055348843806,506.95055348843806,0.0,0.0,0.0,25494.95486422656
2025-09-03,24860.758503367677,24787.985781975043,26264.15304656254,24860.758503367677,24860.758503367677,648.909745284558,648.909745284558,648.909745284558,130.4085106657393,130.4085106657393,130.4085106657393,518.5012346188187,518.5012346188187,518.5012346188187,0.0,0.0,0.0,25509.668248652233
2025-09-04,24864.70359196531,24782.286485667406,26274.928882667955,24864.70359196531,24864.70359196531,661.8378689066359,661.8378689066359,661.8378689066359,132.16746761277918,132.16746761277918,132.16746761277918,529.6704012938567,529.6704012938567,529.6704012938567,0.0,0.0,0.0,25526.541460871947
2025-09-05,24868.648680562947,24787.470825353757,26250.938168518718,24868.648680562947,24868.648680562947,659.8374920650208,659.8374920650208,659.8374920650208,119.50192119388672,119.50192119388672,119.50192119388672,540.3355708711341,540.3355708711341,540.3355708711341,0.0,0.0,0.0,25528.486172627967
2025-09-06,24872.59376916058,24268.945678024105,25729.10220785316,24872.59376916058,24872.59376916058,93.3408663852267,93.3408663852267,93.3408663852267,-457.0257701106142,-457.0257701106142,-457.0257701106142,550.3666364958409,550.3666364958409,550.3666364958409,0.0,0.0,0.0,24965.934635545807
2025-09-07,24876.53885775821,24526.232744094203,25919.50097819824,24876.53885775821,24876.53885775821,375.19287017117,375.19287017117,375.19287017117,-184.43514528800668,-184.43514528800668,-184.43514528800668,559.6280154591767,559.6280154591767,559.6280154591767,0.0,0.0,0.0,25251.73172792938
2025-09-08,24880.483946355846,24903.297762820785,26335.177763875785,24880.483946355846,24880.483946355846,696.1732904730326,696.1732904730326,696.1732904730326,128.1921199565393,128.1921199565393,128.1921199565393,567.9811705164933,567.9811705164933,567.9811705164933,0.0,0.0,0.0,25576.65723682888
2025-09-09,24884.42903495348,24880.099859916503,26340.984435581737,24884.42903495348,24884.42903495348,706.4783405255771,706.4783405255771,706.4783405255771,131.19089596911093,131.19089596911093,131.19089596911093,575.2874445564662,575.2874445564662,575.2874445564662,0.0,0.0,0.0,25590.907375479055
2025-09-10,24888.374123551115,24889.459067179432,26352.44058994292,24888.374123551115,24888.374123551115,711.8196472370548,711.8196472370548,711.8196472370548,130.40851066592006,130.40851066592006,130.40851066592006,581.4111365711348,581.4111365711348,581.4111365711348,0.0,0.0,0.0,25600.19377078817
2025-09-11,24892.31921214875,24868.698191526146,26334.087053720952,24892.31921214875,24892.31921214875,718.3902040588604,718.3902040588604,718.3902040588604,132.1674676130697,132.1674676130697,132.1674676130697,586.2227364457907,586.2227364457907,586.2227364457907,0.0,0.0,0.0,25610.70941620761
2025-09-12,24896.26430074638,24910.858278367556,26320.998810697238,24896.26430074638,24896.26430074638,709.1041492271227,709.1041492271227,709.1041492271227,119.5019211953134,119.5019211953134,119.5019211953134,589.6022280318093,589.6022280318093,589.6022280318093,0.0,0.0,0.0,25605.368449973503
2025-09-13,24900.209389344014,24312.50304307837,25719.306424335387,24900.209389344014,24900.209389344014,134.41659446307116,134.41659446307116,134.41659446307116,-457.02577011044445,-457.02577011044445,-457.02577011044445,591.4423645735156,591.4423645735156,591.4423645735156,0.0,0.0,0.0,25034.625983807084
2025-09-14,24904.154477941647,24598.970973252053,26048.07926966253,24904.154477941647,24904.154477941647,407.2166727616278,407.2166727616278,407.2166727616278,-184.43514528781935,-184.43514528781935,-184.43514528781935,591.6518180494471,591.6518180494471,591.6518180494471,0.0,0.0,0.0,25311.371150703275
2025-09-15,24908.09956653928,24885.27143654835,26330.587093981918,24908.09956653928,24908.09956653928,718.3502244419813,718.3502244419813,718.3502244419813,128.19211995591112,128.19211995591112,128.19211995591112,590.1581044860701,590.1581044860701,590.1581044860701,0.0,0.0,0.0,25626.44979098126
2025-09-16,24912.044655136917,24876.07928655545,26329.95551940868,24912.044655136917,24912.044655136917,718.101086809025,718.101086809025,718.101086809025,131.19089596884623,131.19089596884623,131.19089596884623,586.9101908401786,586.9101908401786,586.9101908401786,0.0,0.0,0.0,25630.14574194594
2025-09-17,24915.98974373455,24885.561572045604,26305.536525853466,24915.98974373455,24915.98974373455,712.2892062398637,712.2892062398637,712.2892062398637,130.40851066556343,130.40851066556343,130.40851066556343,581.8806955743003,581.8806955743003,581.8806955743003,0.0,0.0,0.0,25628.278949974414
2025-09-18,24919.934832332183,24905.602477496224,26356.28557231552,24919.934832332183,24919.934832332183,707.2350720253047,707.2350720253047,707.2350720253047,132.16746761304773,132.16746761304773,132.16746761304773,575.067604412257,575.067604412257,575.067604412257,0.0,0.0,0.0,25627.169904357488
2025-09-19,24923.87992092982,24882.569262060053,26221.081885613014,24923.87992092982,24923.87992092982,685.9973559198147,685.9973559198147,685.9973559198147,119.50192119498395,119.50192119498395,119.50192119498395,566.4954347248308,566.4954347248308,566.4954347248308,0.0,0.0,0.0,25609.877276849635
2025-09-20,24927.82500952745,24294.411436845534,25773.691292465144,24927.82500952745,24927.82500952745,99.19002612703709,99.19002612703709,99.19002612703709,-457.0257701099426,-457.0257701099426,-457.0257701099426,556.2157962369796,556.2157962369796,556.2157962369796,0.0,0.0,0.0,25027.015035654487
2025-09-21,24931.770098125085,24600.112321544817,26002.17373142275,24931.76729105402,24931.770098125085,359.8721665871846,359.8721665871846,359.8721665871846,-184.43514528763205,-184.43514528763205,-184.43514528763205,544.3073118748166,544.3073118748166,544.3073118748166,0.0,0.0,0.0,25291.64226471227
2025-09-22,24935.71518672272,24875.48914009185,26300.02538543676,24935.625180907282,24935.71518672272,659.0670000813402,659.0670000813402,659.0670000813402,128.19211995558533,128.19211995558533,128.19211995558533,530.8748801257549,530.8748801257549,530.8748801257549,0.0,0.0,0.0,25594.78218680406
2025-09-23,24939.66027532035,24857.343293245707,26326.05449360938,24938.58474807944,24939.66027532035,647.2391747349303,647.2391747349303,647.2391747349303,131.19089596923743,131.19089596923743,131.19089596923743,516.0482787656929,516.0482787656929,516.0482787656929,0.0,0.0,0.0,25586.899450055284
2025-09-24,24943.605363917985,24893.879475983835,26296.191933127615,24941.58172282273,24943.605363917985,630.3886393372933,630.3886393372933,630.3886393372933,130.40851066628164,130.40851066628164,130.40851066628164,499.98012867101164,499.98012867101164,499.98012867101164,0.0,0.0,0.0,25573.994003255277
2025-09-25,24947.55045251562,24837.825421707403,26289.303114021113,24943.741405316614,24947.55045251562,615.0107227391296,615.0107227391296,615.0107227391296,132.16746761302568,132.16746761302568,132.16746761302568,482.84325512610394,482.84325512610394,482.84325512610394,0.0,0.0,0.0,25562.561175254752
2025-09-26,24951.495541113254,24827.715487844296,26272.977846688926,24945.11328140548,24951.495541113254,584.3294231899322,584.3294231899322,584.3294231899322,119.50192119470613,119.50192119470613,119.50192119470613,464.82750199522604,464.82750199522604,464.82750199522604,0.0,0.0,0.0,25535.824964303185
2025-09-27,24955.440629710887,24228.418857193552,25663.39283704688,24947.18664594263,24955.605039483555,-10.889699299673511,-10.889699299673511,-10.889699299673511,-457.0257701100389,-457.0257701100389,-457.0257701100389,446.1360708103654,446.1360708103654,446.1360708103654,0.0,0.0,0.0,24944.550930411213
2025-09-28,24959.385718308524,24421.4521089176,25923.756952893,24949.860687583347,24961.203581914255,242.54632643140542,242.54632643140542,242.54632643140542,-184.43514528693953,-184.43514528693953,-184.43514528693953,426.9814717183449,426.9814717183449,426.9814717183449,0.0,0.0,0.0,25201.93204473993
